Category,CategoryID,GO,Description,LogP,Enrichment,Z-score,#TotalGeneInLibrary,#GeneInGO,#GeneInHitList,#GeneInGOAndHitList,%InGO,STDV %InGO,GeneID,Hits,Log(q-value),GeneList
Canonical Pathways,11,M254,PID MYC REPRESS PATHWAY,-4.5,48,12,24156,63,24,3,12,6.8,677|1052|6556,ZFP36L1|CEBPD|SLC11A1,-0.16,Input ID
GO Biological Processes,19,GO:0045637,regulation of myeloid cell differentiation,-3.9,16,7.4,24156,258,24,4,17,7.6,677|1441|3303|7704,ZFP36L1|CSF3R|HSPA1A|ZBTB16,0,Input ID
GO Biological Processes,19,GO:0030004,cellular monovalent inorganic cation homeostasis,-3.7,27,8.7,24156,111,24,3,12,6.8,3778|6556|285195,KCNMA1|SLC11A1|SLC9A9,0,Input ID
GO Biological Processes,19,GO:0055067,monovalent inorganic cation homeostasis,-3.3,19,7.2,24156,157,24,3,12,6.8,3778|6556|285195,KCNMA1|SLC11A1|SLC9A9,0,Input ID
GO Biological Processes,19,GO:0007156,homophilic cell adhesion via plasma membrane adhesion molecules,-3.2,18,7,24156,168,24,3,12,6.8,1826|5793|221935,DSCAM|PTPRG|SDK1,0,Input ID
GO Biological Processes,19,GO:0043488,regulation of mRNA stability,-3.1,17,6.7,24156,178,24,3,12,6.8,677|3303|6556,ZFP36L1|HSPA1A|SLC11A1,0,Input ID
GO Biological Processes,19,GO:0030099,myeloid cell differentiation,-3.1,9.5,5.6,24156,423,24,4,17,7.6,677|1441|3303|7704,ZFP36L1|CSF3R|HSPA1A|ZBTB16,0,Input ID
GO Biological Processes,19,GO:0043487,regulation of RNA stability,-3.1,16,6.6,24156,187,24,3,12,6.8,677|3303|6556,ZFP36L1|HSPA1A|SLC11A1,0,Input ID
GO Biological Processes,19,GO:1903708,positive regulation of hemopoiesis,-3,15,6.4,24156,196,24,3,12,6.8,677|3303|7704,ZFP36L1|HSPA1A|ZBTB16,0,Input ID
GO Biological Processes,19,GO:0061013,regulation of mRNA catabolic process,-3,15,6.3,24156,200,24,3,12,6.8,677|3303|6556,ZFP36L1|HSPA1A|SLC11A1,0,Input ID
GO Biological Processes,19,GO:0051216,cartilage development,-2.9,14,6.1,24156,212,24,3,12,6.8,7704|50515|55790,ZBTB16|CHST11|CSGALNACT1,0,Input ID
GO Biological Processes,19,GO:1903706,regulation of hemopoiesis,-2.9,8.3,5.1,24156,487,24,4,17,7.6,677|1441|3303|7704,ZFP36L1|CSF3R|HSPA1A|ZBTB16,0,Input ID
GO Biological Processes,19,GO:0045444,fat cell differentiation,-2.8,13,5.8,24156,230,24,3,12,6.8,677|1052|7704,ZFP36L1|CEBPD|ZBTB16,0,Input ID
GO Biological Processes,19,GO:0071560,cellular response to transforming growth factor beta stimulus,-2.7,12,5.6,24156,247,24,3,12,6.8,677|3303|50515,ZFP36L1|HSPA1A|CHST11,0,Input ID
Reactome Gene Sets,6,R-HSA-425407,SLC-mediated transmembrane transport,-2.7,12,5.5,24156,251,24,3,12,6.8,6506|6556|285195,SLC1A2|SLC11A1|SLC9A9,0,Input ID
GO Biological Processes,19,GO:0071559,response to transforming growth factor beta,-2.7,12,5.5,24156,253,24,3,12,6.8,677|3303|50515,ZFP36L1|HSPA1A|CHST11,0,Input ID
GO Biological Processes,19,GO:0098742,cell-cell adhesion via plasma-membrane adhesion molecules,-2.6,11,5.2,24156,275,24,3,12,6.8,1826|5793|221935,DSCAM|PTPRG|SDK1,0,Input ID
GO Biological Processes,19,GO:0061448,connective tissue development,-2.6,11,5.2,24156,278,24,3,12,6.8,7704|50515|55790,ZBTB16|CHST11|CSGALNACT1,0,Input ID
GO Biological Processes,19,GO:0034655,nucleobase-containing compound catabolic process,-2.4,6.1,4.2,24156,664,24,4,17,7.6,677|1806|3303|6556,ZFP36L1|DPYD|HSPA1A|SLC11A1,0,Input ID
GO Biological Processes,19,GO:0032103,positive regulation of response to external stimulus,-2.4,9.3,4.7,24156,325,24,3,12,6.8,1826|5054|283131,DSCAM|SERPINE1|NEAT1,0,Input ID
GO Biological Processes,19,GO:1903311,regulation of mRNA metabolic process,-2.4,9.2,4.7,24156,328,24,3,12,6.8,677|3303|6556,ZFP36L1|HSPA1A|SLC11A1,0,Input ID
GO Biological Processes,19,GO:0048589,developmental growth,-2.4,5.9,4.1,24156,680,24,4,17,7.6,677|1826|6506|50515,ZFP36L1|DSCAM|SLC1A2|CHST11,0,Input ID
GO Biological Processes,19,GO:0009611,response to wounding,-2.3,5.8,4.1,24156,691,24,4,17,7.6,677|5054|6506|6556,ZFP36L1|SERPINE1|SLC1A2|SLC11A1,0,Input ID
GO Biological Processes,19,GO:0030155,regulation of cell adhesion,-2.3,5.6,4,24156,716,24,4,17,7.6,1826|5054|5793|7704,DSCAM|SERPINE1|PTPRG|ZBTB16,0,Input ID
GO Biological Processes,19,GO:0046700,heterocycle catabolic process,-2.3,5.6,4,24156,717,24,4,17,7.6,677|1806|3303|6556,ZFP36L1|DPYD|HSPA1A|SLC11A1,0,Input ID
GO Biological Processes,19,GO:0044270,cellular nitrogen compound catabolic process,-2.3,5.6,4,24156,718,24,4,17,7.6,677|1806|3303|6556,ZFP36L1|DPYD|HSPA1A|SLC11A1,0,Input ID
GO Biological Processes,19,GO:0009617,response to bacterium,-2.3,5.5,3.9,24156,729,24,4,17,7.6,2289|5054|5996|6556,FKBP5|SERPINE1|RGS1|SLC11A1,0,Input ID
GO Biological Processes,19,GO:0019439,aromatic compound catabolic process,-2.3,5.5,3.9,24156,730,24,4,17,7.6,677|1806|3303|6556,ZFP36L1|DPYD|HSPA1A|SLC11A1,0,Input ID
GO Biological Processes,19,GO:0006402,mRNA catabolic process,-2.2,8.2,4.4,24156,370,24,3,12,6.8,677|3303|6556,ZFP36L1|HSPA1A|SLC11A1,0,Input ID
GO Biological Processes,19,GO:0098662,inorganic cation transmembrane transport,-2.2,5.2,3.8,24156,767,24,4,17,7.6,3778|6556|81615|285195,KCNMA1|SLC11A1|TMEM163|SLC9A9,0,Input ID
GO Biological Processes,19,GO:1901361,organic cyclic compound catabolic process,-2.2,5.2,3.8,24156,768,24,4,17,7.6,677|1806|3303|6556,ZFP36L1|DPYD|HSPA1A|SLC11A1,0,Input ID
GO Biological Processes,19,GO:0045055,regulated exocytosis,-2.1,5.1,3.7,24156,796,24,4,17,7.6,3303|4973|5054|6556,HSPA1A|OLR1|SERPINE1|SLC11A1,0,Input ID
GO Biological Processes,19,GO:0001503,ossification,-2.1,7.4,4.1,24156,408,24,3,12,6.8,1052|7704|55790,CEBPD|ZBTB16|CSGALNACT1,0,Input ID
GO Biological Processes,19,GO:0006401,RNA catabolic process,-2.1,7.3,4.1,24156,412,24,3,12,6.8,677|3303|6556,ZFP36L1|HSPA1A|SLC11A1,0,Input ID
