,_MEMBER_Input ID,_LogP_Input ID,GO,Description,_PATTERN_,_RANK_,GiniIndex
19_GO:0055067,1,-3.3,GO:0055067,monovalent inorganic cation homeostasis,M1,1,0
19_GO:0043488,1,-3.1,GO:0043488,regulation of mRNA stability,M1,1,0
19_GO:0071560,1,-2.7,GO:0071560,cellular response to transforming growth factor beta stimulus,M1,1,0
19_GO:0009611,1,-2.3,GO:0009611,response to wounding,M1,1,0
19_GO:0045444,1,-2.8,GO:0045444,fat cell differentiation,M1,1,0
19_GO:0019439,1,-2.3,GO:0019439,aromatic compound catabolic process,M1,1,0
19_GO:0071559,1,-2.7,GO:0071559,response to transforming growth factor beta,M1,1,0
19_GO:0030004,1,-3.7,GO:0030004,cellular monovalent inorganic cation homeostasis,M1,1,0
19_GO:1903311,1,-2.4,GO:1903311,regulation of mRNA metabolic process,M1,1,0
19_GO:0009617,1,-2.3,GO:0009617,response to bacterium,M1,1,0
19_GO:0098662,1,-2.2,GO:0098662,inorganic cation transmembrane transport,M1,1,0
19_GO:0030099,1,-3.1,GO:0030099,myeloid cell differentiation,M1,1,0
19_GO:0006401,1,-2.1,GO:0006401,RNA catabolic process,M1,1,0
11_M254,1,-4.5,M254,PID MYC REPRESS PATHWAY,M1,1,0
19_GO:0051216,1,-2.9,GO:0051216,cartilage development,M1,1,0
19_GO:0046700,1,-2.3,GO:0046700,heterocycle catabolic process,M1,1,0
19_GO:0001503,1,-2.1,GO:0001503,ossification,M1,1,0
19_GO:0034655,1,-2.4,GO:0034655,nucleobase-containing compound catabolic process,M1,1,0
19_GO:0043487,1,-3.1,GO:0043487,regulation of RNA stability,M1,1,0
19_GO:0048589,1,-2.4,GO:0048589,developmental growth,M1,1,0
19_GO:0007156,1,-3.2,GO:0007156,homophilic cell adhesion via plasma membrane adhesion molecules,M1,1,0
19_GO:0098742,1,-2.6,GO:0098742,cell-cell adhesion via plasma-membrane adhesion molecules,M1,1,0
19_GO:0061013,1,-3,GO:0061013,regulation of mRNA catabolic process,M1,1,0
19_GO:1903706,1,-2.9,GO:1903706,regulation of hemopoiesis,M1,1,0
19_GO:0032103,1,-2.4,GO:0032103,positive regulation of response to external stimulus,M1,1,0
19_GO:1903708,1,-3,GO:1903708,positive regulation of hemopoiesis,M1,1,0
19_GO:1901361,1,-2.2,GO:1901361,organic cyclic compound catabolic process,M1,1,0
19_GO:0006402,1,-2.2,GO:0006402,mRNA catabolic process,M1,1,0
19_GO:0045637,1,-3.9,GO:0045637,regulation of myeloid cell differentiation,M1,1,0
6_R-HSA-425407,1,-2.7,R-HSA-425407,SLC-mediated transmembrane transport,M1,1,0
19_GO:0045055,1,-2.1,GO:0045055,regulated exocytosis,M1,1,0
19_GO:0030155,1,-2.3,GO:0030155,regulation of cell adhesion,M1,1,0
19_GO:0044270,1,-2.3,GO:0044270,cellular nitrogen compound catabolic process,M1,1,0
19_GO:0061448,1,-2.6,GO:0061448,connective tissue development,M1,1,0
