Category,CategoryID,GO,Description,LogP,Enrichment,Z-score,#TotalGeneInLibrary,#GeneInGO,#GeneInHitList,#GeneInGOAndHitList,%InGO,STDV %InGO,GeneID,Hits,Log(q-value),GeneList
KEGG Pathway,24,hsa05418,Fluid shear stress and atherosclerosis,-5.7,16,9.2,24156,142,64,6,9.4,3.6,60|1843|3320|4205|4208|7184,ACTB|DUSP1|HSP90AA1|MEF2A|MEF2C|HSP90B1,-1.7,Input ID
GO Biological Processes,19,GO:0051402,neuron apoptotic process,-5.4,11,8,24156,243,64,7,11,3.9,348|666|3309|4208|7832|54532|58533,APOE|BOK|HSPA5|MEF2C|BTG2|USP53|SNX6,-1.7,Input ID
GO Biological Processes,19,GO:0042026,protein refolding,-5.4,37,12,24156,41,64,4,6.2,3,3300|3303|3309|3320,DNAJB2|HSPA1A|HSPA5|HSP90AA1,-1.7,Input ID
Reactome Gene Sets,6,R-HSA-168255,Influenza Infection,-5.3,14,8.4,24156,166,64,6,9.4,3.6,3303|3320|6168|6223|6234|11224,HSPA1A|HSP90AA1|RPL37A|RPS19|RPS28|RPL35,-1.7,Input ID
KEGG Pathway,24,hsa04141,Protein processing in endoplasmic reticulum,-5.3,14,8.4,24156,166,64,6,9.4,3.6,1410|3300|3303|3309|3320|7184,CRYAB|DNAJB2|HSPA1A|HSPA5|HSP90AA1|HSP90B1,-1.7,Input ID
GO Biological Processes,19,GO:0006986,response to unfolded protein,-5.1,12,8,24156,182,64,6,9.4,3.6,666|3300|3303|3309|3320|7184,BOK|DNAJB2|HSPA1A|HSPA5|HSP90AA1|HSP90B1,-1.5,Input ID
GO Biological Processes,19,GO:0045047,protein targeting to ER,-5,17,8.8,24156,109,64,5,7.8,3.4,3309|6168|6223|6234|11224,HSPA5|RPL37A|RPS19|RPS28|RPL35,-1.5,Input ID
GO Biological Processes,19,GO:0072599,establishment of protein localization to endoplasmic reticulum,-4.9,17,8.6,24156,113,64,5,7.8,3.4,3309|6168|6223|6234|11224,HSPA5|RPL37A|RPS19|RPS28|RPL35,-1.5,Input ID
Reactome Gene Sets,6,R-HSA-8963898,Plasma lipoprotein assembly,-4.9,63,14,24156,18,64,3,4.7,2.6,2|341|348,A2M|APOC1|APOE,-1.5,Input ID
GO Biological Processes,19,GO:0035966,response to topologically incorrect protein,-4.8,11,7.5,24156,204,64,6,9.4,3.6,666|3300|3303|3309|3320|7184,BOK|DNAJB2|HSPA1A|HSPA5|HSP90AA1|HSP90B1,-1.5,Input ID
GO Biological Processes,19,GO:0050808,synapse organization,-4.8,7,6.5,24156,431,64,8,12,4.1,60|348|714|4208|5552|10397|79953|221935,ACTB|APOE|C1QC|MEF2C|SRGN|NDRG1|SYNDIG1|SDK1,-1.5,Input ID
GO Biological Processes,19,GO:0000956,nuclear-transcribed mRNA catabolic process,-4.7,11,7.3,24156,210,64,6,9.4,3.6,678|6168|6223|6234|7832|11224,ZFP36L2|RPL37A|RPS19|RPS28|BTG2|RPL35,-1.5,Input ID
GO Biological Processes,19,GO:0051129,negative regulation of cellular component organization,-4.5,4.9,5.7,24156,764,64,10,16,4.5,341|348|666|1410|1843|3300|3303|3309|6696|84894,APOC1|APOE|BOK|CRYAB|DUSP1|DNAJB2|HSPA1A|HSPA5|SPP1|LINGO1,-1.4,Input ID
GO Biological Processes,19,GO:0006457,protein folding,-4.5,9.9,7,24156,228,64,6,9.4,3.6,1410|3300|3303|3309|3320|7184,CRYAB|DNAJB2|HSPA1A|HSPA5|HSP90AA1|HSP90B1,-1.4,Input ID
Canonical Pathways,11,M145,PID P53 DOWNSTREAM PATHWAY,-4.5,14,7.7,24156,137,64,5,7.8,3.4,1843|6696|7832|10397|64326,DUSP1|SPP1|BTG2|NDRG1|COP1,-1.4,Input ID
GO Biological Processes,19,GO:1901361,organic cyclic compound catabolic process,-4.5,4.9,5.7,24156,768,64,10,16,4.5,348|678|1806|3303|6168|6223|6234|6696|7832|11224,APOE|ZFP36L2|DPYD|HSPA1A|RPL37A|RPS19|RPS28|SPP1|BTG2|RPL35,-1.4,Input ID
GO Biological Processes,19,GO:0070972,protein localization to endoplasmic reticulum,-4.5,14,7.7,24156,139,64,5,7.8,3.4,3309|6168|6223|6234|11224,HSPA5|RPL37A|RPS19|RPS28|RPL35,-1.4,Input ID
Reactome Gene Sets,6,R-HSA-3371571,HSF1-dependent transactivation,-4.5,47,12,24156,24,64,3,4.7,2.6,1410|3303|3320,CRYAB|HSPA1A|HSP90AA1,-1.4,Input ID
Reactome Gene Sets,6,R-HSA-168273,Influenza Viral RNA Transcription and Replication,-4.4,13,7.5,24156,145,64,5,7.8,3.4,3320|6168|6223|6234|11224,HSP90AA1|RPL37A|RPS19|RPS28|RPL35,-1.4,Input ID
GO Biological Processes,19,GO:1903364,positive regulation of cellular protein catabolic process,-4.4,13,7.5,24156,145,64,5,7.8,3.4,348|3300|3303|3320|64326,APOE|DNAJB2|HSPA1A|HSP90AA1|COP1,-1.4,Input ID
GO Biological Processes,19,GO:0070997,neuron death,-4.4,7.4,6.3,24156,355,64,7,11,3.9,348|666|3309|4208|7832|54532|58533,APOE|BOK|HSPA5|MEF2C|BTG2|USP53|SNX6,-1.4,Input ID
GO Biological Processes,19,GO:0051592,response to calcium ion,-4.4,13,7.4,24156,146,64,5,7.8,3.4,1843|3309|3778|4205|4208,DUSP1|HSPA5|KCNMA1|MEF2A|MEF2C,-1.4,Input ID
GO Biological Processes,19,GO:0043524,negative regulation of neuron apoptotic process,-4.3,13,7.4,24156,148,64,5,7.8,3.4,348|666|4208|7832|58533,APOE|BOK|MEF2C|BTG2|SNX6,-1.4,Input ID
GO Biological Processes,19,GO:0006402,mRNA catabolic process,-4.3,7.1,6.1,24156,370,64,7,11,3.9,678|3303|6168|6223|6234|7832|11224,ZFP36L2|HSPA1A|RPL37A|RPS19|RPS28|BTG2|RPL35,-1.3,Input ID
GO Biological Processes,19,GO:0031331,positive regulation of cellular catabolic process,-4.2,7.1,6.1,24156,372,64,7,11,3.9,348|678|3300|3303|3320|7832|64326,APOE|ZFP36L2|DNAJB2|HSPA1A|HSP90AA1|BTG2|COP1,-1.3,Input ID
CORUM,33,CORUM:306,"Ribosome, cytoplasmic",-4.2,19,8.3,24156,80,64,4,6.2,3,6168|6223|6234|11224,RPL37A|RPS19|RPS28|RPL35,-1.3,Input ID
Reactome Gene Sets,6,R-HSA-156902,Peptide chain elongation,-4,17,7.8,24156,89,64,4,6.2,3,6168|6223|6234|11224,RPL37A|RPS19|RPS28|RPL35,-1.2,Input ID
Reactome Gene Sets,6,R-HSA-3371556,Cellular response to heat stress,-4,17,7.8,24156,89,64,4,6.2,3,1410|3303|3309|3320,CRYAB|HSPA1A|HSPA5|HSP90AA1,-1.2,Input ID
GO Biological Processes,19,GO:0006401,RNA catabolic process,-4,6.4,5.7,24156,412,64,7,11,3.9,678|3303|6168|6223|6234|7832|11224,ZFP36L2|HSPA1A|RPL37A|RPS19|RPS28|BTG2|RPL35,-1.2,Input ID
KEGG Pathway,24,hsa05020,Prion diseases,-4,32,9.6,24156,35,64,3,4.7,2.6,714|3303|3309,C1QC|HSPA1A|HSPA5,-1.2,Input ID
Reactome Gene Sets,6,R-HSA-156842,Eukaryotic Translation Elongation,-4,16,7.6,24156,93,64,4,6.2,3,6168|6223|6234|11224,RPL37A|RPS19|RPS28|RPL35,-1.2,Input ID
Reactome Gene Sets,6,R-HSA-2408557,Selenocysteine synthesis,-4,16,7.6,24156,93,64,4,6.2,3,6168|6223|6234|11224,RPL37A|RPS19|RPS28|RPL35,-1.2,Input ID
Reactome Gene Sets,6,R-HSA-72764,Eukaryotic Translation Termination,-4,16,7.6,24156,93,64,4,6.2,3,6168|6223|6234|11224,RPL37A|RPS19|RPS28|RPL35,-1.2,Input ID
Reactome Gene Sets,6,R-HSA-975956,Nonsense Mediated Decay (NMD) independent of the Exon Junction Complex (EJC),-3.9,16,7.5,24156,95,64,4,6.2,3,6168|6223|6234|11224,RPL37A|RPS19|RPS28|RPL35,-1.1,Input ID
GO Biological Processes,19,GO:0006614,SRP-dependent cotranslational protein targeting to membrane,-3.9,16,7.5,24156,95,64,4,6.2,3,6168|6223|6234|11224,RPL37A|RPS19|RPS28|RPL35,-1.1,Input ID
GO Biological Processes,19,GO:0034976,response to endoplasmic reticulum stress,-3.9,7.7,6,24156,293,64,6,9.4,3.6,666|3300|3303|3309|7184|84216,BOK|DNAJB2|HSPA1A|HSPA5|HSP90B1|TMEM117,-1.1,Input ID
GO Biological Processes,19,GO:0030308,negative regulation of cell growth,-3.9,10,6.5,24156,186,64,5,7.8,3.4,1410|3300|3303|6696|56981,CRYAB|DNAJB2|HSPA1A|SPP1|PRDM11,-1.1,Input ID
GO Biological Processes,19,GO:0006613,cotranslational protein targeting to membrane,-3.9,15,7.3,24156,99,64,4,6.2,3,6168|6223|6234|11224,RPL37A|RPS19|RPS28|RPL35,-1.1,Input ID
Reactome Gene Sets,6,R-HSA-192823,Viral mRNA Translation,-3.8,15,7.3,24156,100,64,4,6.2,3,6168|6223|6234|11224,RPL37A|RPS19|RPS28|RPL35,-1.1,Input ID
Reactome Gene Sets,6,R-HSA-72689,Formation of a pool of free 40S subunits,-3.8,15,7.2,24156,101,64,4,6.2,3,6168|6223|6234|11224,RPL37A|RPS19|RPS28|RPL35,-1.1,Input ID
Reactome Gene Sets,6,R-HSA-9633012,Response of EIF2AK4 (GCN2) to amino acid deficiency,-3.8,15,7.2,24156,101,64,4,6.2,3,6168|6223|6234|11224,RPL37A|RPS19|RPS28|RPL35,-1.1,Input ID
Reactome Gene Sets,6,R-HSA-2262752,Cellular responses to stress,-3.8,5.2,5.3,24156,585,64,8,12,4.1,1410|3303|3309|3320|6168|6223|6234|11224,CRYAB|HSPA1A|HSPA5|HSP90AA1|RPL37A|RPS19|RPS28|RPL35,-1.1,Input ID
GO Biological Processes,19,GO:0009896,positive regulation of catabolic process,-3.8,6.1,5.5,24156,436,64,7,11,3.9,348|678|3300|3303|3320|7832|64326,APOE|ZFP36L2|DNAJB2|HSPA1A|HSP90AA1|BTG2|COP1,-1.1,Input ID
GO Biological Processes,19,GO:0006612,protein targeting to membrane,-3.8,9.7,6.3,24156,194,64,5,7.8,3.4,3309|6168|6223|6234|11224,HSPA5|RPL37A|RPS19|RPS28|RPL35,-1.1,Input ID
Reactome Gene Sets,6,R-HSA-8953897,Cellular responses to external stimuli,-3.7,5,5.2,24156,599,64,8,12,4.1,1410|3303|3309|3320|6168|6223|6234|11224,CRYAB|HSPA1A|HSPA5|HSP90AA1|RPL37A|RPS19|RPS28|RPL35,-1.1,Input ID
Reactome Gene Sets,6,R-HSA-2173782,Binding and Uptake of Ligands by Scavenger Receptors,-3.7,27,8.7,24156,42,64,3,4.7,2.6,348|3320|7184,APOE|HSP90AA1|HSP90B1,-1.1,Input ID
Reactome Gene Sets,6,R-HSA-8957275,Post-translational protein phosphorylation,-3.7,14,7,24156,108,64,4,6.2,3,348|6696|7184|64856,APOE|SPP1|HSP90B1|VWA1,-1.1,Input ID
GO Biological Processes,19,GO:0060349,bone morphogenesis,-3.7,14,6.9,24156,110,64,4,6.2,3,1112|4208|55790|64856,FOXN3|MEF2C|CSGALNACT1|VWA1,-1,Input ID
Reactome Gene Sets,6,R-HSA-156827,L13a-mediated translational silencing of Ceruloplasmin expression,-3.7,14,6.9,24156,111,64,4,6.2,3,6168|6223|6234|11224,RPL37A|RPS19|RPS28|RPL35,-1,Input ID
GO Biological Processes,19,GO:0090150,establishment of protein localization to membrane,-3.6,6.9,5.6,24156,326,64,6,9.4,3.6,3309|3320|6168|6223|6234|11224,HSPA5|HSP90AA1|RPL37A|RPS19|RPS28|RPL35,-1,Input ID
Reactome Gene Sets,6,R-HSA-72706,GTP hydrolysis and joining of the 60S ribosomal subunit,-3.6,13,6.8,24156,112,64,4,6.2,3,6168|6223|6234|11224,RPL37A|RPS19|RPS28|RPL35,-1,Input ID
Reactome Gene Sets,6,R-HSA-1799339,SRP-dependent cotranslational protein targeting to membrane,-3.6,13,6.8,24156,112,64,4,6.2,3,6168|6223|6234|11224,RPL37A|RPS19|RPS28|RPL35,-1,Input ID
GO Biological Processes,19,GO:0072657,protein localization to membrane,-3.6,4.8,5,24156,625,64,8,12,4.1,60|348|3309|3320|6168|6223|6234|11224,ACTB|APOE|HSPA5|HSP90AA1|RPL37A|RPS19|RPS28|RPL35,-1,Input ID
GO Biological Processes,19,GO:1901215,negative regulation of neuron death,-3.6,9,6,24156,210,64,5,7.8,3.4,348|666|4208|7832|58533,APOE|BOK|MEF2C|BTG2|SNX6,-1,Input ID
Reactome Gene Sets,6,R-HSA-975957,Nonsense Mediated Decay (NMD) enhanced by the Exon Junction Complex (EJC),-3.6,13,6.7,24156,115,64,4,6.2,3,6168|6223|6234|11224,RPL37A|RPS19|RPS28|RPL35,-1,Input ID
Reactome Gene Sets,6,R-HSA-927802,Nonsense-Mediated Decay (NMD),-3.6,13,6.7,24156,115,64,4,6.2,3,6168|6223|6234|11224,RPL37A|RPS19|RPS28|RPL35,-1,Input ID
GO Biological Processes,19,GO:0043523,regulation of neuron apoptotic process,-3.6,8.9,5.9,24156,213,64,5,7.8,3.4,348|666|4208|7832|58533,APOE|BOK|MEF2C|BTG2|SNX6,-1,Input ID
Reactome Gene Sets,6,R-HSA-2408522,Selenoamino acid metabolism,-3.6,13,6.6,24156,118,64,4,6.2,3,6168|6223|6234|11224,RPL37A|RPS19|RPS28|RPL35,-1,Input ID
GO Biological Processes,19,GO:0006984,ER-nucleus signaling pathway,-3.6,24,8.1,24156,48,64,3,4.7,2.6,666|3309|7184,BOK|HSPA5|HSP90B1,-1,Input ID
Reactome Gene Sets,6,R-HSA-72737,Cap-dependent Translation Initiation,-3.5,13,6.6,24156,119,64,4,6.2,3,6168|6223|6234|11224,RPL37A|RPS19|RPS28|RPL35,-1,Input ID
Reactome Gene Sets,6,R-HSA-72613,Eukaryotic Translation Initiation,-3.5,13,6.6,24156,119,64,4,6.2,3,6168|6223|6234|11224,RPL37A|RPS19|RPS28|RPL35,-1,Input ID
GO Biological Processes,19,GO:0000184,"nuclear-transcribed mRNA catabolic process, nonsense-mediated decay",-3.5,13,6.6,24156,120,64,4,6.2,3,6168|6223|6234|11224,RPL37A|RPS19|RPS28|RPL35,-1,Input ID
GO Biological Processes,19,GO:0045732,positive regulation of protein catabolic process,-3.5,8.5,5.8,24156,221,64,5,7.8,3.4,348|3300|3303|3320|64326,APOE|DNAJB2|HSPA1A|HSP90AA1|COP1,-1,Input ID
GO Biological Processes,19,GO:0043254,regulation of protein complex assembly,-3.5,5.4,5.1,24156,488,64,7,11,3.9,348|1410|2670|3303|3309|3320|342184,APOE|CRYAB|GFAP|HSPA1A|HSPA5|HSP90AA1|FMN1,-1,Input ID
GO Biological Processes,19,GO:0016049,cell growth,-3.5,5.4,5.1,24156,490,64,7,11,3.9,348|1410|3300|3303|3320|6696|56981,APOE|CRYAB|DNAJB2|HSPA1A|HSP90AA1|SPP1|PRDM11,-1,Input ID
Reactome Gene Sets,6,R-HSA-381426,Regulation of Insulin-like Growth Factor (IGF) transport and uptake by Insulin-like Growth Factor Bi,-3.5,12,6.4,24156,125,64,4,6.2,3,348|6696|7184|64856,APOE|SPP1|HSP90B1|VWA1,-0.97,Input ID
GO Biological Processes,19,GO:0034655,nucleobase-containing compound catabolic process,-3.4,4.5,4.8,24156,664,64,8,12,4.1,678|1806|3303|6168|6223|6234|7832|11224,ZFP36L2|DPYD|HSPA1A|RPL37A|RPS19|RPS28|BTG2|RPL35,-0.96,Input ID
Reactome Gene Sets,6,R-HSA-9006934,Signaling by Receptor Tyrosine Kinases,-3.4,5.2,4.9,24156,506,64,7,11,3.9,60|348|2670|3320|4205|4208|6696,ACTB|APOE|GFAP|HSP90AA1|MEF2A|MEF2C|SPP1,-0.94,Input ID
GO Biological Processes,19,GO:0010038,response to metal ion,-3.4,6.2,5.2,24156,363,64,6,9.4,3.6,1843|3309|3778|4205|4208|10397,DUSP1|HSPA5|KCNMA1|MEF2A|MEF2C|NDRG1,-0.92,Input ID
GO Biological Processes,19,GO:0010975,regulation of neuron projection development,-3.4,5.2,4.9,24156,512,64,7,11,3.9,348|3309|4208|6696|57118|84894|221935,APOE|HSPA5|MEF2C|SPP1|CAMK1D|LINGO1|SDK1,-0.92,Input ID
GO Biological Processes,19,GO:0048705,skeletal system morphogenesis,-3.4,7.9,5.5,24156,240,64,5,7.8,3.4,1112|4208|55790|64856|342184,FOXN3|MEF2C|CSGALNACT1|VWA1|FMN1,-0.89,Input ID
GO Biological Processes,19,GO:0097435,supramolecular fiber organization,-3.3,4.3,4.6,24156,698,64,8,12,4.1,348|1410|2670|3303|4205|4208|7184|342184,APOE|CRYAB|GFAP|HSPA1A|MEF2A|MEF2C|HSP90B1|FMN1,-0.85,Input ID
GO Biological Processes,19,GO:0046683,response to organophosphorus,-3.3,11,6,24156,138,64,4,6.2,3,1843|3309|3784|7184,DUSP1|HSPA5|KCNQ1|HSP90B1,-0.85,Input ID
GO Biological Processes,19,GO:0071560,cellular response to transforming growth factor beta stimulus,-3.3,7.6,5.4,24156,247,64,5,7.8,3.4,678|3303|3309|4208|58533,ZFP36L2|HSPA1A|HSPA5|MEF2C|SNX6,-0.85,Input ID
GO Biological Processes,19,GO:0097755,positive regulation of blood vessel diameter,-3.3,19,7.2,24156,59,64,3,4.7,2.6,348|3778|9732,APOE|KCNMA1|DOCK4,-0.85,Input ID
GO Biological Processes,19,GO:0016358,dendrite development,-3.3,7.6,5.4,24156,249,64,5,7.8,3.4,348|4205|4208|57118|221935,APOE|MEF2A|MEF2C|CAMK1D|SDK1,-0.85,Input ID
GO Biological Processes,19,GO:0045926,negative regulation of growth,-3.3,7.5,5.4,24156,250,64,5,7.8,3.4,1410|3300|3303|6696|56981,CRYAB|DNAJB2|HSPA1A|SPP1|PRDM11,-0.84,Input ID
GO Biological Processes,19,GO:0061077,chaperone-mediated protein folding,-3.3,19,7.1,24156,60,64,3,4.7,2.6,3300|3303|3309,DNAJB2|HSPA1A|HSPA5,-0.84,Input ID
GO Biological Processes,19,GO:0071559,response to transforming growth factor beta,-3.3,7.5,5.3,24156,253,64,5,7.8,3.4,678|3303|3309|4208|58533,ZFP36L2|HSPA1A|HSPA5|MEF2C|SNX6,-0.84,Input ID
GO Biological Processes,19,GO:1903362,regulation of cellular protein catabolic process,-3.3,7.5,5.3,24156,253,64,5,7.8,3.4,348|3300|3303|3320|64326,APOE|DNAJB2|HSPA1A|HSP90AA1|COP1,-0.84,Input ID
GO Biological Processes,19,GO:0051051,negative regulation of transport,-3.2,4.9,4.7,24156,543,64,7,11,3.9,341|348|666|1410|3303|5552|55691,APOC1|APOE|BOK|CRYAB|HSPA1A|SRGN|FRMD4A,-0.84,Input ID
GO Biological Processes,19,GO:0071407,cellular response to organic cyclic compound,-3.2,4.9,4.7,24156,544,64,7,11,3.9,60|678|3309|3784|4208|6696|7184,ACTB|ZFP36L2|HSPA5|KCNQ1|MEF2C|SPP1|HSP90B1,-0.84,Input ID
GO Biological Processes,19,GO:0042176,regulation of protein catabolic process,-3.2,5.8,4.9,24156,390,64,6,9.4,3.6,348|2670|3300|3303|3320|64326,APOE|GFAP|DNAJB2|HSPA1A|HSP90AA1|COP1,-0.84,Input ID
GO Biological Processes,19,GO:0046700,heterocycle catabolic process,-3.2,4.2,4.5,24156,717,64,8,12,4.1,678|1806|3303|6168|6223|6234|7832|11224,ZFP36L2|DPYD|HSPA1A|RPL37A|RPS19|RPS28|BTG2|RPL35,-0.84,Input ID
GO Biological Processes,19,GO:0044270,cellular nitrogen compound catabolic process,-3.2,4.2,4.5,24156,718,64,8,12,4.1,678|1806|3303|6168|6223|6234|7832|11224,ZFP36L2|DPYD|HSPA1A|RPL37A|RPS19|RPS28|BTG2|RPL35,-0.84,Input ID
GO Biological Processes,19,GO:0034620,cellular response to unfolded protein,-3.2,10,5.9,24156,145,64,4,6.2,3,666|3303|3309|7184,BOK|HSPA1A|HSPA5|HSP90B1,-0.84,Input ID
GO Biological Processes,19,GO:0070059,intrinsic apoptotic signaling pathway in response to endoplasmic reticulum stress,-3.2,18,7,24156,63,64,3,4.7,2.6,666|3303|84216,BOK|HSPA1A|TMEM117,-0.82,Input ID
GO Biological Processes,19,GO:0019439,aromatic compound catabolic process,-3.2,4.1,4.4,24156,730,64,8,12,4.1,678|1806|3303|6168|6223|6234|7832|11224,ZFP36L2|DPYD|HSPA1A|RPL37A|RPS19|RPS28|BTG2|RPL35,-0.8,Input ID
GO Biological Processes,19,GO:0010035,response to inorganic substance,-3.1,4.7,4.6,24156,564,64,7,11,3.9,1410|1843|3309|3778|4205|4208|10397,CRYAB|DUSP1|HSPA5|KCNMA1|MEF2A|MEF2C|NDRG1,-0.78,Input ID
KEGG Pathway,24,hsa03010,Ribosome,-3.1,9.9,5.7,24156,153,64,4,6.2,3,6168|6223|6234|11224,RPL37A|RPS19|RPS28|RPL35,-0.78,Input ID
GO Biological Processes,19,GO:0014074,response to purine-containing compound,-3.1,9.9,5.7,24156,153,64,4,6.2,3,1843|3309|3784|7184,DUSP1|HSPA5|KCNQ1|HSP90B1,-0.78,Input ID
GO Biological Processes,19,GO:0050773,regulation of dendrite development,-3.1,9.7,5.6,24156,155,64,4,6.2,3,348|4208|57118|221935,APOE|MEF2C|CAMK1D|SDK1,-0.76,Input ID
Reactome Gene Sets,6,R-HSA-174824,"Plasma lipoprotein assembly, remodeling, and clearance",-3.1,16,6.6,24156,69,64,3,4.7,2.6,2|341|348,A2M|APOC1|APOE,-0.74,Input ID
GO Biological Processes,19,GO:0000904,cell morphogenesis involved in differentiation,-3.1,4,4.3,24156,756,64,8,12,4.1,60|348|3320|4205|4208|6696|64856|84894,ACTB|APOE|HSP90AA1|MEF2A|MEF2C|SPP1|VWA1|LINGO1,-0.73,Input ID
GO Biological Processes,19,GO:0060350,endochondral bone morphogenesis,-3.1,16,6.6,24156,70,64,3,4.7,2.6,4208|55790|64856,MEF2C|CSGALNACT1|VWA1,-0.73,Input ID
GO Biological Processes,19,GO:0001558,regulation of cell growth,-3.1,5.4,4.7,24156,421,64,6,9.4,3.6,348|1410|3300|3303|6696|56981,APOE|CRYAB|DNAJB2|HSPA1A|SPP1|PRDM11,-0.73,Input ID
GO Biological Processes,19,GO:0006605,protein targeting,-3,5.3,4.6,24156,426,64,6,9.4,3.6,3309|3320|6168|6223|6234|11224,HSPA5|HSP90AA1|RPL37A|RPS19|RPS28|RPL35,-0.7,Input ID
GO Biological Processes,19,GO:0035967,cellular response to topologically incorrect protein,-3,9.2,5.4,24156,164,64,4,6.2,3,666|3303|3309|7184,BOK|HSPA1A|HSPA5|HSP90B1,-0.7,Input ID
GO Biological Processes,19,GO:0043062,extracellular structure organization,-3,5.3,4.6,24156,429,64,6,9.4,3.6,2|341|348|6696|55790|64856,A2M|APOC1|APOE|SPP1|CSGALNACT1|VWA1,-0.7,Input ID
GO Biological Processes,19,GO:0008285,negative regulation of cell proliferation,-3,3.9,4.2,24156,773,64,8,12,4.1,348|942|1843|3300|3303|4208|7832|10397,APOE|CD86|DUSP1|DNAJB2|HSPA1A|MEF2C|BTG2|NDRG1,-0.7,Input ID
GO Biological Processes,19,GO:0048667,cell morphogenesis involved in neuron differentiation,-3,4.4,4.4,24156,598,64,7,11,3.9,60|348|3320|4205|4208|6696|84894,ACTB|APOE|HSP90AA1|MEF2A|MEF2C|SPP1|LINGO1,-0.68,Input ID
Reactome Gene Sets,6,R-HSA-9010553,Regulation of expression of SLITs and ROBOs,-3,8.8,5.3,24156,171,64,4,6.2,3,6168|6223|6234|11224,RPL37A|RPS19|RPS28|RPL35,-0.65,Input ID
KEGG Pathway,24,hsa04612,Antigen processing and presentation,-2.9,15,6.2,24156,77,64,3,4.7,2.6,3303|3309|3320,HSPA1A|HSPA5|HSP90AA1,-0.65,Input ID
GO Biological Processes,19,GO:0033555,multicellular organismal response to stress,-2.9,15,6.2,24156,77,64,3,4.7,2.6,348|4208|64856,APOE|MEF2C|VWA1,-0.65,Input ID
GO Biological Processes,19,GO:0099173,postsynapse organization,-2.9,8.7,5.3,24156,173,64,4,6.2,3,60|348|5552|10397,ACTB|APOE|SRGN|NDRG1,-0.64,Input ID
GO Biological Processes,19,GO:1901990,regulation of mitotic cell cycle phase transition,-2.9,5,4.5,24156,449,64,6,9.4,3.6,678|1112|1843|3320|7325|7832,ZFP36L2|FOXN3|DUSP1|HSP90AA1|UBE2E2|BTG2,-0.63,Input ID
GO Biological Processes,19,GO:1900034,regulation of cellular response to heat,-2.9,14,6.1,24156,79,64,3,4.7,2.6,1410|3303|3320,CRYAB|HSPA1A|HSP90AA1,-0.63,Input ID
GO Biological Processes,19,GO:0060998,regulation of dendritic spine development,-2.9,14,6.1,24156,79,64,3,4.7,2.6,348|4208|221935,APOE|MEF2C|SDK1,-0.63,Input ID
GO Biological Processes,19,GO:0019083,viral transcription,-2.9,8.5,5.2,24156,177,64,4,6.2,3,6168|6223|6234|11224,RPL37A|RPS19|RPS28|RPL35,-0.63,Input ID
GO Biological Processes,19,GO:0030433,ubiquitin-dependent ERAD pathway,-2.9,14,6.1,24156,80,64,3,4.7,2.6,3300|3309|7184,DNAJB2|HSPA5|HSP90B1,-0.63,Input ID
GO Biological Processes,19,GO:0030512,negative regulation of transforming growth factor beta receptor signaling pathway,-2.9,14,6.1,24156,80,64,3,4.7,2.6,3303|3309|58533,HSPA1A|HSPA5|SNX6,-0.63,Input ID
Reactome Gene Sets,6,R-HSA-109582,Hemostasis,-2.9,4.2,4.2,24156,622,64,7,11,3.9,2|60|3309|3778|4973|5552|9732,A2M|ACTB|HSPA5|KCNMA1|OLR1|SRGN|DOCK4,-0.63,Input ID
GO Biological Processes,19,GO:1903845,negative regulation of cellular response to transforming growth factor beta stimulus,-2.9,14,6,24156,82,64,3,4.7,2.6,3303|3309|58533,HSPA1A|HSPA5|SNX6,-0.61,Input ID
GO Biological Processes,19,GO:0071277,cellular response to calcium ion,-2.9,14,6,24156,82,64,3,4.7,2.6,3309|4205|4208,HSPA5|MEF2A|MEF2C,-0.61,Input ID
GO Biological Processes,19,GO:0003012,muscle system process,-2.9,4.9,4.4,24156,462,64,6,9.4,3.6,1410|3778|3784|4205|4208|9732,CRYAB|KCNMA1|KCNQ1|MEF2A|MEF2C|DOCK4,-0.6,Input ID
GO Biological Processes,19,GO:0032436,positive regulation of proteasomal ubiquitin-dependent protein catabolic process,-2.8,13,5.9,24156,85,64,3,4.7,2.6,3300|3303|64326,DNAJB2|HSPA1A|COP1,-0.57,Input ID
Reactome Gene Sets,6,R-HSA-6791226,Major pathway of rRNA processing in the nucleolus and cytosol,-2.8,8.1,5,24156,186,64,4,6.2,3,6168|6223|6234|11224,RPL37A|RPS19|RPS28|RPL35,-0.57,Input ID
GO Biological Processes,19,GO:1901214,regulation of neuron death,-2.8,5.9,4.6,24156,318,64,5,7.8,3.4,348|666|4208|7832|58533,APOE|BOK|MEF2C|BTG2|SNX6,-0.57,Input ID
GO Biological Processes,19,GO:1905897,regulation of response to endoplasmic reticulum stress,-2.8,13,5.8,24156,86,64,3,4.7,2.6,666|3303|3309,BOK|HSPA1A|HSPA5,-0.57,Input ID
GO Biological Processes,19,GO:0061136,regulation of proteasomal protein catabolic process,-2.8,8,5,24156,188,64,4,6.2,3,348|3300|3303|64326,APOE|DNAJB2|HSPA1A|COP1,-0.56,Input ID
GO Biological Processes,19,GO:0010498,proteasomal protein catabolic process,-2.8,4.7,4.2,24156,480,64,6,9.4,3.6,348|3300|3303|3309|7184|64326,APOE|DNAJB2|HSPA1A|HSPA5|HSP90B1|COP1,-0.54,Input ID
GO Biological Processes,19,GO:0006413,translational initiation,-2.8,7.9,4.9,24156,192,64,4,6.2,3,6168|6223|6234|11224,RPL37A|RPS19|RPS28|RPL35,-0.54,Input ID
GO Biological Processes,19,GO:0019080,viral gene expression,-2.8,7.8,4.9,24156,194,64,4,6.2,3,6168|6223|6234|11224,RPL37A|RPS19|RPS28|RPL35,-0.53,Input ID
GO Biological Processes,19,GO:1901987,regulation of cell cycle phase transition,-2.7,4.7,4.2,24156,487,64,6,9.4,3.6,678|1112|1843|3320|7325|7832,ZFP36L2|FOXN3|DUSP1|HSP90AA1|UBE2E2|BTG2,-0.52,Input ID
Reactome Gene Sets,6,R-HSA-8868773,rRNA processing in the nucleus and cytosol,-2.7,7.7,4.9,24156,196,64,4,6.2,3,6168|6223|6234|11224,RPL37A|RPS19|RPS28|RPL35,-0.52,Input ID
GO Biological Processes,19,GO:0046677,response to antibiotic,-2.7,5.7,4.4,24156,331,64,5,7.8,3.4,1410|1843|3309|3320|4208,CRYAB|DUSP1|HSPA5|HSP90AA1|MEF2C,-0.52,Input ID
GO Biological Processes,19,GO:0045664,regulation of neuron differentiation,-2.7,4,4,24156,667,64,7,11,3.9,348|3309|4208|6696|57118|84894|221935,APOE|HSPA5|MEF2C|SPP1|CAMK1D|LINGO1|SDK1,-0.51,Input ID
GO Biological Processes,19,GO:0048589,developmental growth,-2.7,3.9,3.9,24156,680,64,7,11,3.9,320|348|3320|4208|6696|64856|342184,APBA1|APOE|HSP90AA1|MEF2C|SPP1|VWA1|FMN1,-0.47,Input ID
Reactome Gene Sets,6,R-HSA-72312,rRNA processing,-2.7,7.3,4.7,24156,206,64,4,6.2,3,6168|6223|6234|11224,RPL37A|RPS19|RPS28|RPL35,-0.45,Input ID
GO Biological Processes,19,GO:0051651,maintenance of location in cell,-2.7,12,5.4,24156,97,64,3,4.7,2.6,348|3309|5552,APOE|HSPA5|SRGN,-0.45,Input ID
GO Biological Processes,19,GO:0040008,regulation of growth,-2.7,3.9,3.9,24156,686,64,7,11,3.9,348|1410|3300|3303|4208|6696|56981,APOE|CRYAB|DNAJB2|HSPA1A|MEF2C|SPP1|PRDM11,-0.45,Input ID
GO Biological Processes,19,GO:0031396,regulation of protein ubiquitination,-2.7,7.3,4.7,24156,207,64,4,6.2,3,3300|3303|3309|3320,DNAJB2|HSPA1A|HSPA5|HSP90AA1,-0.45,Input ID
KEGG Pathway,24,hsa04915,Estrogen signaling pathway,-2.6,12,5.4,24156,98,64,3,4.7,2.6,3303|3320|7184,HSPA1A|HSP90AA1|HSP90B1,-0.45,Input ID
GO Biological Processes,19,GO:0051591,response to cAMP,-2.6,12,5.4,24156,98,64,3,4.7,2.6,1843|3309|3784,DUSP1|HSPA5|KCNQ1,-0.45,Input ID
GO Biological Processes,19,GO:2000060,positive regulation of ubiquitin-dependent protein catabolic process,-2.6,11,5.3,24156,100,64,3,4.7,2.6,3300|3303|64326,DNAJB2|HSPA1A|COP1,-0.43,Input ID
GO Biological Processes,19,GO:0036503,ERAD pathway,-2.6,11,5.3,24156,101,64,3,4.7,2.6,3300|3309|7184,DNAJB2|HSPA5|HSP90B1,-0.42,Input ID
GO Biological Processes,19,GO:0043393,regulation of protein binding,-2.6,7.1,4.6,24156,213,64,4,6.2,3,60|348|3300|4208,ACTB|APOE|DNAJB2|MEF2C,-0.42,Input ID
GO Biological Processes,19,GO:0060996,dendritic spine development,-2.6,11,5.3,24156,102,64,3,4.7,2.6,348|4208|221935,APOE|MEF2C|SDK1,-0.42,Input ID
GO Biological Processes,19,GO:0001666,response to hypoxia,-2.6,5.3,4.2,24156,358,64,5,7.8,3.4,1410|3778|7184|10397|378938,CRYAB|KCNMA1|HSP90B1|NDRG1|MALAT1,-0.41,Input ID
Reactome Gene Sets,6,R-HSA-376176,Signaling by ROBO receptors,-2.6,6.9,4.5,24156,218,64,4,6.2,3,6168|6223|6234|11224,RPL37A|RPS19|RPS28|RPL35,-0.4,Input ID
GO Biological Processes,19,GO:0006959,humoral immune response,-2.6,5.2,4.2,24156,361,64,5,7.8,3.4,2|714|4208|6223|6480,A2M|C1QC|MEF2C|RPS19|ST6GAL1,-0.4,Input ID
GO Biological Processes,19,GO:0060348,bone development,-2.6,6.9,4.5,24156,219,64,4,6.2,3,1112|4208|55790|64856,FOXN3|MEF2C|CSGALNACT1|VWA1,-0.4,Input ID
GO Biological Processes,19,GO:0120035,regulation of plasma membrane bounded cell projection organization,-2.6,3.7,3.8,24156,713,64,7,11,3.9,348|3309|4208|6696|57118|84894|221935,APOE|HSPA5|MEF2C|SPP1|CAMK1D|LINGO1|SDK1,-0.4,Input ID
GO Biological Processes,19,GO:1903050,regulation of proteolysis involved in cellular protein catabolic process,-2.6,6.9,4.5,24156,220,64,4,6.2,3,348|3300|3303|64326,APOE|DNAJB2|HSPA1A|COP1,-0.4,Input ID
GO Biological Processes,19,GO:0043687,post-translational protein modification,-2.6,5.2,4.1,24156,364,64,5,7.8,3.4,348|6696|7184|64326|64856,APOE|SPP1|HSP90B1|COP1|VWA1,-0.4,Input ID
GO Biological Processes,19,GO:0007346,regulation of mitotic cell cycle,-2.5,3.7,3.8,24156,718,64,7,11,3.9,678|1112|1843|3303|3320|7325|7832,ZFP36L2|FOXN3|DUSP1|HSPA1A|HSP90AA1|UBE2E2|BTG2,-0.39,Input ID
GO Biological Processes,19,GO:1901800,positive regulation of proteasomal protein catabolic process,-2.5,11,5.1,24156,107,64,3,4.7,2.6,3300|3303|64326,DNAJB2|HSPA1A|COP1,-0.39,Input ID
GO Biological Processes,19,GO:0031344,regulation of cell projection organization,-2.5,3.7,3.7,24156,723,64,7,11,3.9,348|3309|4208|6696|57118|84894|221935,APOE|HSPA5|MEF2C|SPP1|CAMK1D|LINGO1|SDK1,-0.38,Input ID
GO Biological Processes,19,GO:1902903,regulation of supramolecular fiber organization,-2.5,5.1,4.1,24156,370,64,5,7.8,3.4,348|1410|3303|4208|342184,APOE|CRYAB|HSPA1A|MEF2C|FMN1,-0.38,Input ID
GO Biological Processes,19,GO:0036293,response to decreased oxygen levels,-2.5,5.1,4.1,24156,370,64,5,7.8,3.4,1410|3778|7184|10397|378938,CRYAB|KCNMA1|HSP90B1|NDRG1|MALAT1,-0.38,Input ID
GO Biological Processes,19,GO:0045862,positive regulation of proteolysis,-2.5,5.1,4.1,24156,370,64,5,7.8,3.4,348|666|3300|3303|64326,APOE|BOK|DNAJB2|HSPA1A|COP1,-0.38,Input ID
GO Biological Processes,19,GO:0002253,activation of immune response,-2.5,3.6,3.7,24156,731,64,7,11,3.9,2|60|714|3303|3320|4208|7184,A2M|ACTB|C1QC|HSPA1A|HSP90AA1|MEF2C|HSP90B1,-0.37,Input ID
GO Biological Processes,19,GO:0008015,blood circulation,-2.5,4.2,3.8,24156,544,64,6,9.4,3.6,348|3778|3784|4205|4973|9732,APOE|KCNMA1|KCNQ1|MEF2A|OLR1|DOCK4,-0.37,Input ID
GO Biological Processes,19,GO:0035690,cellular response to drug,-2.5,5,4,24156,376,64,5,7.8,3.4,60|3309|3784|4208|7184,ACTB|HSPA5|KCNQ1|MEF2C|HSP90B1,-0.37,Input ID
GO Biological Processes,19,GO:0050807,regulation of synapse organization,-2.5,6.6,4.4,24156,229,64,4,6.2,3,348|4208|5552|79953,APOE|MEF2C|SRGN|SYNDIG1,-0.37,Input ID
GO Biological Processes,19,GO:0072594,establishment of protein localization to organelle,-2.5,4.1,3.8,24156,548,64,6,9.4,3.6,3309|3320|6168|6223|6234|11224,HSPA5|HSP90AA1|RPL37A|RPS19|RPS28|RPL35,-0.36,Input ID
GO Biological Processes,19,GO:0010942,positive regulation of cell death,-2.5,3.6,3.7,24156,739,64,7,11,3.9,666|1843|3778|4208|56981|57118|107075310,BOK|DUSP1|KCNMA1|MEF2C|PRDM11|CAMK1D|MTCO2P12,-0.35,Input ID
Reactome Gene Sets,6,R-HSA-422475,Axon guidance,-2.5,4.1,3.8,24156,552,64,6,9.4,3.6,60|3320|6168|6223|6234|11224,ACTB|HSP90AA1|RPL37A|RPS19|RPS28|RPL35,-0.35,Input ID
GO Biological Processes,19,GO:0003013,circulatory system process,-2.5,4.1,3.8,24156,554,64,6,9.4,3.6,348|3778|3784|4205|4973|9732,APOE|KCNMA1|KCNQ1|MEF2A|OLR1|DOCK4,-0.34,Input ID
GO Biological Processes,19,GO:0060560,developmental growth involved in morphogenesis,-2.5,6.4,4.3,24156,235,64,4,6.2,3,348|3320|6696|342184,APOE|HSP90AA1|SPP1|FMN1,-0.34,Input ID
GO Biological Processes,19,GO:0022618,ribonucleoprotein complex assembly,-2.4,6.4,4.3,24156,236,64,4,6.2,3,3320|6223|6234|10713,HSP90AA1|RPS19|RPS28|USP39,-0.34,Input ID
GO Biological Processes,19,GO:1903320,regulation of protein modification by small protein conjugation or removal,-2.4,6.4,4.3,24156,237,64,4,6.2,3,3300|3303|3309|3320,DNAJB2|HSPA1A|HSPA5|HSP90AA1,-0.33,Input ID
GO Biological Processes,19,GO:0050803,regulation of synapse structure or activity,-2.4,6.3,4.2,24156,240,64,4,6.2,3,348|4208|5552|79953,APOE|MEF2C|SRGN|SYNDIG1,-0.31,Input ID
GO Biological Processes,19,GO:0070482,response to oxygen levels,-2.4,4.8,3.9,24156,394,64,5,7.8,3.4,1410|3778|7184|10397|378938,CRYAB|KCNMA1|HSP90B1|NDRG1|MALAT1,-0.3,Input ID
GO Biological Processes,19,GO:0017015,regulation of transforming growth factor beta receptor signaling pathway,-2.4,9.4,4.8,24156,120,64,3,4.7,2.6,3303|3309|58533,HSPA1A|HSPA5|SNX6,-0.3,Input ID
GO Biological Processes,19,GO:0009266,response to temperature stimulus,-2.4,6.2,4.2,24156,244,64,4,6.2,3,1410|3303|3320|107075310,CRYAB|HSPA1A|HSP90AA1|MTCO2P12,-0.3,Input ID
GO Biological Processes,19,GO:0080135,regulation of cellular response to stress,-2.4,3.5,3.6,24156,765,64,7,11,3.9,666|1410|1843|3303|3309|3320|6696,BOK|CRYAB|DUSP1|HSPA1A|HSPA5|HSP90AA1|SPP1,-0.3,Input ID
GO Biological Processes,19,GO:1903844,regulation of cellular response to transforming growth factor beta stimulus,-2.4,9.3,4.7,24156,122,64,3,4.7,2.6,3303|3309|58533,HSPA1A|HSPA5|SNX6,-0.29,Input ID
Reactome Gene Sets,6,R-HSA-9675108,Nervous system development,-2.4,3.9,3.7,24156,577,64,6,9.4,3.6,60|3320|6168|6223|6234|11224,ACTB|HSP90AA1|RPL37A|RPS19|RPS28|RPL35,-0.29,Input ID
GO Biological Processes,19,GO:0071826,ribonucleoprotein complex subunit organization,-2.4,6,4.1,24156,250,64,4,6.2,3,3320|6223|6234|10713,HSP90AA1|RPS19|RPS28|USP39,-0.28,Input ID
GO Biological Processes,19,GO:1901991,negative regulation of mitotic cell cycle phase transition,-2.4,6,4.1,24156,250,64,4,6.2,3,678|1112|1843|7832,ZFP36L2|FOXN3|DUSP1|BTG2,-0.28,Input ID
GO Biological Processes,19,GO:1903052,positive regulation of proteolysis involved in cellular protein catabolic process,-2.4,9.1,4.7,24156,124,64,3,4.7,2.6,3300|3303|64326,DNAJB2|HSPA1A|COP1,-0.28,Input ID
GO Biological Processes,19,GO:1903530,regulation of secretion by cell,-2.4,3.4,3.5,24156,777,64,7,11,3.9,320|348|4208|5552|6696|55691|58533,APBA1|APOE|MEF2C|SRGN|SPP1|FRMD4A|SNX6,-0.28,Input ID
GO Biological Processes,19,GO:0030968,endoplasmic reticulum unfolded protein response,-2.3,9.1,4.7,24156,125,64,3,4.7,2.6,666|3309|7184,BOK|HSPA5|HSP90B1,-0.27,Input ID
GO Biological Processes,19,GO:0090101,negative regulation of transmembrane receptor protein serine/threonine kinase signaling pathway,-2.3,9,4.6,24156,126,64,3,4.7,2.6,3303|3309|58533,HSPA1A|HSPA5|SNX6,-0.27,Input ID
GO Biological Processes,19,GO:0032368,regulation of lipid transport,-2.3,9,4.6,24156,126,64,3,4.7,2.6,341|348|6696,APOC1|APOE|SPP1,-0.27,Input ID
GO Biological Processes,19,GO:0044257,cellular protein catabolic process,-2.3,3.4,3.5,24156,786,64,7,11,3.9,348|3300|3303|3309|3320|7184|64326,APOE|DNAJB2|HSPA1A|HSPA5|HSP90AA1|HSP90B1|COP1,-0.26,Input ID
GO Biological Processes,19,GO:0032434,regulation of proteasomal ubiquitin-dependent protein catabolic process,-2.3,8.9,4.6,24156,127,64,3,4.7,2.6,3300|3303|64326,DNAJB2|HSPA1A|COP1,-0.26,Input ID
GO Biological Processes,19,GO:0090257,regulation of muscle system process,-2.3,5.9,4,24156,257,64,4,6.2,3,3778|3784|4205|9732,KCNMA1|KCNQ1|MEF2A|DOCK4,-0.25,Input ID
GO Biological Processes,19,GO:0044772,mitotic cell cycle phase transition,-2.3,3.8,3.6,24156,595,64,6,9.4,3.6,678|1112|1843|3320|7325|7832,ZFP36L2|FOXN3|DUSP1|HSP90AA1|UBE2E2|BTG2,-0.25,Input ID
Reactome Gene Sets,6,R-HSA-114608,Platelet degranulation ,-2.3,8.8,4.6,24156,129,64,3,4.7,2.6,2|3309|5552,A2M|HSPA5|SRGN,-0.25,Input ID
GO Biological Processes,19,GO:0071417,cellular response to organonitrogen compound,-2.3,3.8,3.6,24156,597,64,6,9.4,3.6,60|3309|3784|4208|7184|58533,ACTB|HSPA5|KCNQ1|MEF2C|HSP90B1|SNX6,-0.25,Input ID
GO Biological Processes,19,GO:0010564,regulation of cell cycle process,-2.3,3.3,3.4,24156,795,64,7,11,3.9,678|1112|1843|3303|3320|7325|7832,ZFP36L2|FOXN3|DUSP1|HSPA1A|HSP90AA1|UBE2E2|BTG2,-0.25,Input ID
GO Biological Processes,19,GO:0045055,regulated exocytosis,-2.3,3.3,3.4,24156,796,64,7,11,3.9,2|320|3303|3320|4973|5552|58533,A2M|APBA1|HSPA1A|HSP90AA1|OLR1|SRGN|SNX6,-0.25,Input ID
GO Biological Processes,19,GO:0043161,proteasome-mediated ubiquitin-dependent protein catabolic process,-2.3,4.5,3.7,24156,423,64,5,7.8,3.4,3300|3303|3309|7184|64326,DNAJB2|HSPA1A|HSPA5|HSP90B1|COP1,-0.23,Input ID
GO Biological Processes,19,GO:0015850,organic hydroxy compound transport,-2.3,5.7,4,24156,264,64,4,6.2,3,60|341|348|6696,ACTB|APOC1|APOE|SPP1,-0.23,Input ID
Reactome Gene Sets,6,R-HSA-76005,Response to elevated platelet cytosolic Ca2+,-2.3,8.5,4.5,24156,134,64,3,4.7,2.6,2|3309|5552,A2M|HSPA5|SRGN,-0.22,Input ID
GO Biological Processes,19,GO:0007006,mitochondrial membrane organization,-2.3,8.5,4.5,24156,134,64,3,4.7,2.6,666|3303|3320,BOK|HSPA1A|HSP90AA1,-0.22,Input ID
GO Biological Processes,19,GO:0034605,cellular response to heat,-2.2,8.3,4.4,24156,136,64,3,4.7,2.6,1410|3303|3320,CRYAB|HSPA1A|HSP90AA1,-0.21,Input ID
GO Biological Processes,19,GO:1901988,negative regulation of cell cycle phase transition,-2.2,5.6,3.9,24156,269,64,4,6.2,3,678|1112|1843|7832,ZFP36L2|FOXN3|DUSP1|BTG2,-0.21,Input ID
GO Biological Processes,19,GO:0007610,behavior,-2.2,3.7,3.5,24156,617,64,6,9.4,3.6,320|348|4208|7832|64856|221935,APBA1|APOE|MEF2C|BTG2|VWA1|SDK1,-0.2,Input ID
KEGG Pathway,24,hsa04371,Apelin signaling pathway,-2.2,8.2,4.4,24156,138,64,3,4.7,2.6,4205|4208|6696,MEF2A|MEF2C|SPP1,-0.19,Input ID
GO Biological Processes,19,GO:0032273,positive regulation of protein polymerization,-2.2,8.1,4.4,24156,139,64,3,4.7,2.6,3303|3320|342184,HSPA1A|HSP90AA1|FMN1,-0.19,Input ID
GO Biological Processes,19,GO:0050880,regulation of blood vessel size,-2.2,8,4.3,24156,141,64,3,4.7,2.6,348|3778|9732,APOE|KCNMA1|DOCK4,-0.18,Input ID
GO Biological Processes,19,GO:0035296,regulation of tube diameter,-2.2,8,4.3,24156,141,64,3,4.7,2.6,348|3778|9732,APOE|KCNMA1|DOCK4,-0.18,Input ID
GO Biological Processes,19,GO:0097746,regulation of blood vessel diameter,-2.2,8,4.3,24156,141,64,3,4.7,2.6,348|3778|9732,APOE|KCNMA1|DOCK4,-0.18,Input ID
GO Biological Processes,19,GO:0042391,regulation of membrane potential,-2.2,4.3,3.6,24156,443,64,5,7.8,3.4,666|3778|3784|4208|54532,BOK|KCNMA1|KCNQ1|MEF2C|USP53,-0.17,Input ID
GO Biological Processes,19,GO:0035150,regulation of tube size,-2.2,8,4.3,24156,142,64,3,4.7,2.6,348|3778|9732,APOE|KCNMA1|DOCK4,-0.17,Input ID
GO Biological Processes,19,GO:0051588,regulation of neurotransmitter transport,-2.2,7.8,4.2,24156,145,64,3,4.7,2.6,320|4208|58533,APBA1|MEF2C|SNX6,-0.15,Input ID
GO Biological Processes,19,GO:0010212,response to ionizing radiation,-2.2,7.8,4.2,24156,145,64,3,4.7,2.6,1410|3309|64326,CRYAB|HSPA5|COP1,-0.15,Input ID
GO Biological Processes,19,GO:0045088,regulation of innate immune response,-2.2,4.2,3.5,24156,451,64,5,7.8,3.4,2|348|3303|6223|7184,A2M|APOE|HSPA1A|RPS19|HSP90B1,-0.15,Input ID
GO Biological Processes,19,GO:0044770,cell cycle phase transition,-2.2,3.5,3.4,24156,640,64,6,9.4,3.6,678|1112|1843|3320|7325|7832,ZFP36L2|FOXN3|DUSP1|HSP90AA1|UBE2E2|BTG2,-0.15,Input ID
Reactome Gene Sets,6,R-HSA-72766,Translation,-2.1,5.2,3.7,24156,291,64,4,6.2,3,6168|6223|6234|11224,RPL37A|RPS19|RPS28|RPL35,-0.12,Input ID
GO Biological Processes,19,GO:0031647,regulation of protein stability,-2.1,5.2,3.7,24156,291,64,4,6.2,3,1410|3303|3320|10169,CRYAB|HSPA1A|HSP90AA1|SERF2,-0.12,Input ID
Reactome Gene Sets,6,R-HSA-449147,Signaling by Interleukins,-2.1,4.1,3.5,24156,461,64,5,7.8,3.4,942|3320|4205|4208|7184,CD86|HSP90AA1|MEF2A|MEF2C|HSP90B1,-0.12,Input ID
GO Biological Processes,19,GO:0022613,ribonucleoprotein complex biogenesis,-2.1,4.1,3.5,24156,462,64,5,7.8,3.4,3320|6223|6234|10713|11224,HSP90AA1|RPS19|RPS28|USP39|RPL35,-0.12,Input ID
KEGG Pathway,24,hsa04921,Oxytocin signaling pathway,-2.1,7.4,4.1,24156,152,64,3,4.7,2.6,60|4208|57118,ACTB|MEF2C|CAMK1D,-0.11,Input ID
GO Biological Processes,19,GO:0050709,negative regulation of protein secretion,-2.1,7.4,4.1,24156,152,64,3,4.7,2.6,348|5552|55691,APOE|SRGN|FRMD4A,-0.11,Input ID
GO Biological Processes,19,GO:0010977,negative regulation of neuron projection development,-2.1,7.4,4.1,24156,153,64,3,4.7,2.6,348|6696|84894,APOE|SPP1|LINGO1,-0.11,Input ID
GO Biological Processes,19,GO:0002697,regulation of immune effector process,-2.1,4,3.4,24156,466,64,5,7.8,3.4,2|714|942|6223|58533,A2M|C1QC|CD86|RPS19|SNX6,-0.11,Input ID
GO Biological Processes,19,GO:0048812,neuron projection morphogenesis,-2.1,3.4,3.3,24156,658,64,6,9.4,3.6,60|348|3320|4205|6696|84894,ACTB|APOE|HSP90AA1|MEF2A|SPP1|LINGO1,-0.11,Input ID
GO Biological Processes,19,GO:1901699,cellular response to nitrogen compound,-2.1,3.4,3.3,24156,660,64,6,9.4,3.6,60|3309|3784|4208|7184|58533,ACTB|HSPA5|KCNQ1|MEF2C|HSP90B1|SNX6,-0.11,Input ID
GO Biological Processes,19,GO:2000058,regulation of ubiquitin-dependent protein catabolic process,-2.1,7.3,4.1,24156,155,64,3,4.7,2.6,3300|3303|64326,DNAJB2|HSPA1A|COP1,-0.1,Input ID
GO Biological Processes,19,GO:0002792,negative regulation of peptide secretion,-2.1,7.2,4,24156,158,64,3,4.7,2.6,348|5552|55691,APOE|SRGN|FRMD4A,-0.082,Input ID
Reactome Gene Sets,6,R-HSA-168898,Toll-like Receptor Cascades,-2.1,7.2,4,24156,158,64,3,4.7,2.6,4205|4208|7184,MEF2A|MEF2C|HSP90B1,-0.082,Input ID
GO Biological Processes,19,GO:0060326,cell chemotaxis,-2.1,5,3.6,24156,304,64,4,6.2,3,1843|6223|9732|57118,DUSP1|RPS19|DOCK4|CAMK1D,-0.08,Input ID
GO Biological Processes,19,GO:0120039,plasma membrane bounded cell projection morphogenesis,-2.1,3.4,3.2,24156,672,64,6,9.4,3.6,60|348|3320|4205|6696|84894,ACTB|APOE|HSP90AA1|MEF2A|SPP1|LINGO1,-0.08,Input ID
GO Biological Processes,19,GO:0007409,axonogenesis,-2.1,3.9,3.4,24156,478,64,5,7.8,3.4,60|348|3320|6696|84894,ACTB|APOE|HSP90AA1|SPP1|LINGO1,-0.08,Input ID
GO Biological Processes,19,GO:1905952,regulation of lipid localization,-2.1,7.1,4,24156,160,64,3,4.7,2.6,341|348|6696,APOC1|APOE|SPP1,-0.078,Input ID
GO Biological Processes,19,GO:0031214,biomineral tissue development,-2.1,7.1,4,24156,160,64,3,4.7,2.6,4208|5552|6696,MEF2C|SRGN|SPP1,-0.078,Input ID
Reactome Gene Sets,6,R-HSA-8953854,Metabolism of RNA,-2.1,3.4,3.2,24156,675,64,6,9.4,3.6,3303|6168|6223|6234|10713|11224,HSPA1A|RPL37A|RPS19|RPS28|USP39|RPL35,-0.078,Input ID
GO Biological Processes,19,GO:0048858,cell projection morphogenesis,-2.1,3.4,3.2,24156,676,64,6,9.4,3.6,60|348|3320|4205|6696|84894,ACTB|APOE|HSP90AA1|MEF2A|SPP1|LINGO1,-0.077,Input ID
GO Biological Processes,19,GO:0002683,negative regulation of immune system process,-2,3.9,3.3,24156,483,64,5,7.8,3.4,2|714|942|1843|6223,A2M|C1QC|CD86|DUSP1|RPS19,-0.072,Input ID
GO Biological Processes,19,GO:0043065,positive regulation of apoptotic process,-2,3.3,3.2,24156,679,64,6,9.4,3.6,666|1843|3778|4208|56981|57118,BOK|DUSP1|KCNMA1|MEF2C|PRDM11|CAMK1D,-0.072,Input ID
KEGG Pathway,24,hsa04022,cGMP-PKG signaling pathway,-2,6.9,3.9,24156,163,64,3,4.7,2.6,3778|4205|4208,KCNMA1|MEF2A|MEF2C,-0.065,Input ID
GO Biological Processes,19,GO:1903706,regulation of hemopoiesis,-2,3.9,3.3,24156,487,64,5,7.8,3.4,678|714|942|3303|4208,ZFP36L2|C1QC|CD86|HSPA1A|MEF2C,-0.063,Input ID
GO Biological Processes,19,GO:0007093,mitotic cell cycle checkpoint,-2,6.9,3.9,24156,165,64,3,4.7,2.6,1112|1843|7832,FOXN3|DUSP1|BTG2,-0.054,Input ID
GO Biological Processes,19,GO:0043068,positive regulation of programmed cell death,-2,3.3,3.1,24156,688,64,6,9.4,3.6,666|1843|3778|4208|56981|57118,BOK|DUSP1|KCNMA1|MEF2C|PRDM11|CAMK1D,-0.054,Input ID
