,_MEMBER_Input ID,_LogP_Input ID,GO,Description,_PATTERN_,_RANK_,GiniIndex
19_GO:0043393,1,-2.6,GO:0043393,regulation of protein binding,M1,1,0
6_R-HSA-114608,1,-2.3,R-HSA-114608,Platelet degranulation ,M1,1,0
19_GO:0007006,1,-2.3,GO:0007006,mitochondrial membrane organization,M1,1,0
6_R-HSA-8957275,1,-3.7,R-HSA-8957275,Post-translational protein phosphorylation,M1,1,0
19_GO:0050880,1,-2.2,GO:0050880,regulation of blood vessel size,M1,1,0
19_GO:0044257,1,-2.3,GO:0044257,cellular protein catabolic process,M1,1,0
19_GO:0006984,1,-3.6,GO:0006984,ER-nucleus signaling pathway,M1,1,0
6_R-HSA-3371571,1,-4.5,R-HSA-3371571,HSF1-dependent transactivation,M1,1,0
19_GO:0043687,1,-2.6,GO:0043687,post-translational protein modification,M1,1,0
19_GO:0016358,1,-3.3,GO:0016358,dendrite development,M1,1,0
19_GO:0060996,1,-2.6,GO:0060996,dendritic spine development,M1,1,0
6_R-HSA-8953897,1,-3.7,R-HSA-8953897,Cellular responses to external stimuli,M1,1,0
19_GO:0043062,1,-3,GO:0043062,extracellular structure organization,M1,1,0
19_GO:0010942,1,-2.5,GO:0010942,positive regulation of cell death,M1,1,0
19_GO:0048812,1,-2.1,GO:0048812,neuron projection morphogenesis,M1,1,0
19_GO:0042176,1,-3.2,GO:0042176,regulation of protein catabolic process,M1,1,0
19_GO:0034976,1,-3.9,GO:0034976,response to endoplasmic reticulum stress,M1,1,0
19_GO:0071826,1,-2.4,GO:0071826,ribonucleoprotein complex subunit organization,M1,1,0
19_GO:1901699,1,-2.1,GO:1901699,cellular response to nitrogen compound,M1,1,0
19_GO:1905952,1,-2.1,GO:1905952,regulation of lipid localization,M1,1,0
19_GO:0010035,1,-3.1,GO:0010035,response to inorganic substance,M1,1,0
19_GO:0003013,1,-2.5,GO:0003013,circulatory system process,M1,1,0
19_GO:0050709,1,-2.1,GO:0050709,negative regulation of protein secretion,M1,1,0
19_GO:0048858,1,-2.1,GO:0048858,cell projection morphogenesis,M1,1,0
19_GO:0006605,1,-3,GO:0006605,protein targeting,M1,1,0
19_GO:1903320,1,-2.4,GO:1903320,regulation of protein modification by small protein conjugation or removal,M1,1,0
19_GO:0007409,1,-2.1,GO:0007409,axonogenesis,M1,1,0
19_GO:1901990,1,-2.9,GO:1901990,regulation of mitotic cell cycle phase transition,M1,1,0
19_GO:0019083,1,-2.9,GO:0019083,viral transcription,M1,1,0
19_GO:0045047,1,-5,GO:0045047,protein targeting to ER,M1,1,0
6_R-HSA-72766,1,-2.1,R-HSA-72766,Translation,M1,1,0
19_GO:1902903,1,-2.5,GO:1902903,regulation of supramolecular fiber organization,M1,1,0
19_GO:0006612,1,-3.8,GO:0006612,protein targeting to membrane,M1,1,0
19_GO:0045088,1,-2.2,GO:0045088,regulation of innate immune response,M1,1,0
19_GO:0035967,1,-3,GO:0035967,cellular response to topologically incorrect protein,M1,1,0
6_R-HSA-9006934,1,-3.4,R-HSA-9006934,Signaling by Receptor Tyrosine Kinases,M1,1,0
19_GO:0000184,1,-3.5,GO:0000184,"nuclear-transcribed mRNA catabolic process, nonsense-mediated decay",M1,1,0
19_GO:0071277,1,-2.9,GO:0071277,cellular response to calcium ion,M1,1,0
19_GO:0060349,1,-3.7,GO:0060349,bone morphogenesis,M1,1,0
6_R-HSA-2262752,1,-3.8,R-HSA-2262752,Cellular responses to stress,M1,1,0
19_GO:1903844,1,-2.4,GO:1903844,regulation of cellular response to transforming growth factor beta stimulus,M1,1,0
19_GO:0030968,1,-2.3,GO:0030968,endoplasmic reticulum unfolded protein response,M1,1,0
19_GO:0014074,1,-3.1,GO:0014074,response to purine-containing compound,M1,1,0
6_R-HSA-2173782,1,-3.7,R-HSA-2173782,Binding and Uptake of Ligands by Scavenger Receptors,M1,1,0
6_R-HSA-449147,1,-2.1,R-HSA-449147,Signaling by Interleukins,M1,1,0
6_R-HSA-72613,1,-3.5,R-HSA-72613,Eukaryotic Translation Initiation,M1,1,0
19_GO:0006959,1,-2.6,GO:0006959,humoral immune response,M1,1,0
6_R-HSA-72706,1,-3.6,R-HSA-72706,GTP hydrolysis and joining of the 60S ribosomal subunit,M1,1,0
19_GO:0050808,1,-4.8,GO:0050808,synapse organization,M1,1,0
6_R-HSA-3371556,1,-4,R-HSA-3371556,Cellular response to heat stress,M1,1,0
6_R-HSA-376176,1,-2.6,R-HSA-376176,Signaling by ROBO receptors,M1,1,0
19_GO:0090150,1,-3.6,GO:0090150,establishment of protein localization to membrane,M1,1,0
19_GO:0034655,1,-3.4,GO:0034655,nucleobase-containing compound catabolic process,M1,1,0
19_GO:0010038,1,-3.4,GO:0010038,response to metal ion,M1,1,0
19_GO:0071560,1,-3.3,GO:0071560,cellular response to transforming growth factor beta stimulus,M1,1,0
19_GO:0051588,1,-2.2,GO:0051588,regulation of neurotransmitter transport,M1,1,0
19_GO:0002253,1,-2.5,GO:0002253,activation of immune response,M1,1,0
6_R-HSA-2408557,1,-4,R-HSA-2408557,Selenocysteine synthesis,M1,1,0
24_hsa03010,1,-3.1,hsa03010,Ribosome,M1,1,0
19_GO:0006613,1,-3.9,GO:0006613,cotranslational protein targeting to membrane,M1,1,0
19_GO:0050803,1,-2.4,GO:0050803,regulation of synapse structure or activity,M1,1,0
19_GO:0071417,1,-2.3,GO:0071417,cellular response to organonitrogen compound,M1,1,0
19_GO:0070997,1,-4.4,GO:0070997,neuron death,M1,1,0
19_GO:0001558,1,-3.1,GO:0001558,regulation of cell growth,M1,1,0
19_GO:0019439,1,-3.2,GO:0019439,aromatic compound catabolic process,M1,1,0
11_M145,1,-4.5,M145,PID P53 DOWNSTREAM PATHWAY,M1,1,0
19_GO:0097435,1,-3.3,GO:0097435,supramolecular fiber organization,M1,1,0
24_hsa04612,1,-2.9,hsa04612,Antigen processing and presentation,M1,1,0
19_GO:0045862,1,-2.5,GO:0045862,positive regulation of proteolysis,M1,1,0
19_GO:0061077,1,-3.3,GO:0061077,chaperone-mediated protein folding,M1,1,0
19_GO:0045732,1,-3.5,GO:0045732,positive regulation of protein catabolic process,M1,1,0
19_GO:0022613,1,-2.1,GO:0022613,ribonucleoprotein complex biogenesis,M1,1,0
19_GO:1903362,1,-3.3,GO:1903362,regulation of cellular protein catabolic process,M1,1,0
6_R-HSA-72312,1,-2.7,R-HSA-72312,rRNA processing,M1,1,0
6_R-HSA-8953854,1,-2.1,R-HSA-8953854,Metabolism of RNA,M1,1,0
19_GO:1903050,1,-2.6,GO:1903050,regulation of proteolysis involved in cellular protein catabolic process,M1,1,0
19_GO:0035966,1,-4.8,GO:0035966,response to topologically incorrect protein,M1,1,0
19_GO:0072657,1,-3.6,GO:0072657,protein localization to membrane,M1,1,0
19_GO:0044772,1,-2.3,GO:0044772,mitotic cell cycle phase transition,M1,1,0
19_GO:0009266,1,-2.4,GO:0009266,response to temperature stimulus,M1,1,0
19_GO:0070059,1,-3.2,GO:0070059,intrinsic apoptotic signaling pathway in response to endoplasmic reticulum stress,M1,1,0
19_GO:0044770,1,-2.2,GO:0044770,cell cycle phase transition,M1,1,0
19_GO:0030433,1,-2.9,GO:0030433,ubiquitin-dependent ERAD pathway,M1,1,0
19_GO:0002683,1,-2,GO:0002683,negative regulation of immune system process,M1,1,0
19_GO:0046700,1,-3.2,GO:0046700,heterocycle catabolic process,M1,1,0
6_R-HSA-109582,1,-2.9,R-HSA-109582,Hemostasis,M1,1,0
19_GO:0070972,1,-4.5,GO:0070972,protein localization to endoplasmic reticulum,M1,1,0
19_GO:0060326,1,-2.1,GO:0060326,cell chemotaxis,M1,1,0
6_R-HSA-9010553,1,-3,R-HSA-9010553,Regulation of expression of SLITs and ROBOs,M1,1,0
19_GO:0043068,1,-2,GO:0043068,positive regulation of programmed cell death,M1,1,0
24_hsa05418,1,-5.7,hsa05418,Fluid shear stress and atherosclerosis,M1,1,0
19_GO:0097755,1,-3.3,GO:0097755,positive regulation of blood vessel diameter,M1,1,0
19_GO:0045055,1,-2.3,GO:0045055,regulated exocytosis,M1,1,0
19_GO:0031647,1,-2.1,GO:0031647,regulation of protein stability,M1,1,0
6_R-HSA-975956,1,-3.9,R-HSA-975956,Nonsense Mediated Decay (NMD) independent of the Exon Junction Complex (EJC),M1,1,0
19_GO:0070482,1,-2.4,GO:0070482,response to oxygen levels,M1,1,0
19_GO:1901991,1,-2.4,GO:1901991,negative regulation of mitotic cell cycle phase transition,M1,1,0
19_GO:0006402,1,-4.3,GO:0006402,mRNA catabolic process,M1,1,0
19_GO:0099173,1,-2.9,GO:0099173,postsynapse organization,M1,1,0
19_GO:0050773,1,-3.1,GO:0050773,regulation of dendrite development,M1,1,0
6_R-HSA-8963898,1,-4.9,R-HSA-8963898,Plasma lipoprotein assembly,M1,1,0
19_GO:0002697,1,-2.1,GO:0002697,regulation of immune effector process,M1,1,0
19_GO:0009896,1,-3.8,GO:0009896,positive regulation of catabolic process,M1,1,0
19_GO:2000058,1,-2.1,GO:2000058,regulation of ubiquitin-dependent protein catabolic process,M1,1,0
19_GO:2000060,1,-2.6,GO:2000060,positive regulation of ubiquitin-dependent protein catabolic process,M1,1,0
19_GO:0032434,1,-2.3,GO:0032434,regulation of proteasomal ubiquitin-dependent protein catabolic process,M1,1,0
6_R-HSA-72737,1,-3.5,R-HSA-72737,Cap-dependent Translation Initiation,M1,1,0
19_GO:0008285,1,-3,GO:0008285,negative regulation of cell proliferation,M1,1,0
19_GO:0060998,1,-2.9,GO:0060998,regulation of dendritic spine development,M1,1,0
19_GO:0030308,1,-3.9,GO:0030308,negative regulation of cell growth,M1,1,0
19_GO:1903706,1,-2,GO:1903706,regulation of hemopoiesis,M1,1,0
19_GO:0032273,1,-2.2,GO:0032273,positive regulation of protein polymerization,M1,1,0
19_GO:0035690,1,-2.5,GO:0035690,cellular response to drug,M1,1,0
19_GO:0048667,1,-3,GO:0048667,cell morphogenesis involved in neuron differentiation,M1,1,0
6_R-HSA-156842,1,-4,R-HSA-156842,Eukaryotic Translation Elongation,M1,1,0
6_R-HSA-1799339,1,-3.6,R-HSA-1799339,SRP-dependent cotranslational protein targeting to membrane,M1,1,0
19_GO:0007093,1,-2,GO:0007093,mitotic cell cycle checkpoint,M1,1,0
19_GO:0036293,1,-2.5,GO:0036293,response to decreased oxygen levels,M1,1,0
19_GO:0008015,1,-2.5,GO:0008015,blood circulation,M1,1,0
6_R-HSA-174824,1,-3.1,R-HSA-174824,"Plasma lipoprotein assembly, remodeling, and clearance",M1,1,0
19_GO:1903530,1,-2.4,GO:1903530,regulation of secretion by cell,M1,1,0
19_GO:0010498,1,-2.8,GO:0010498,proteasomal protein catabolic process,M1,1,0
19_GO:0010977,1,-2.1,GO:0010977,negative regulation of neuron projection development,M1,1,0
33_CORUM:306,1,-4.2,CORUM:306,"Ribosome, cytoplasmic",M1,1,0
19_GO:1903845,1,-2.9,GO:1903845,negative regulation of cellular response to transforming growth factor beta stimulus,M1,1,0
19_GO:0120035,1,-2.6,GO:0120035,regulation of plasma membrane bounded cell projection organization,M1,1,0
6_R-HSA-2408522,1,-3.6,R-HSA-2408522,Selenoamino acid metabolism,M1,1,0
19_GO:0032436,1,-2.8,GO:0032436,positive regulation of proteasomal ubiquitin-dependent protein catabolic process,M1,1,0
19_GO:1900034,1,-2.9,GO:1900034,regulation of cellular response to heat,M1,1,0
19_GO:0048705,1,-3.4,GO:0048705,skeletal system morphogenesis,M1,1,0
19_GO:0030512,1,-2.9,GO:0030512,negative regulation of transforming growth factor beta receptor signaling pathway,M1,1,0
19_GO:0051129,1,-4.5,GO:0051129,negative regulation of cellular component organization,M1,1,0
24_hsa04371,1,-2.2,hsa04371,Apelin signaling pathway,M1,1,0
19_GO:0045926,1,-3.3,GO:0045926,negative regulation of growth,M1,1,0
19_GO:0046677,1,-2.7,GO:0046677,response to antibiotic,M1,1,0
19_GO:0060348,1,-2.6,GO:0060348,bone development,M1,1,0
19_GO:0072594,1,-2.5,GO:0072594,establishment of protein localization to organelle,M1,1,0
6_R-HSA-168898,1,-2.1,R-HSA-168898,Toll-like Receptor Cascades,M1,1,0
6_R-HSA-76005,1,-2.3,R-HSA-76005,Response to elevated platelet cytosolic Ca2+,M1,1,0
19_GO:0000904,1,-3.1,GO:0000904,cell morphogenesis involved in differentiation,M1,1,0
6_R-HSA-168273,1,-4.4,R-HSA-168273,Influenza Viral RNA Transcription and Replication,M1,1,0
19_GO:0031344,1,-2.5,GO:0031344,regulation of cell projection organization,M1,1,0
6_R-HSA-72764,1,-4,R-HSA-72764,Eukaryotic Translation Termination,M1,1,0
6_R-HSA-192823,1,-3.8,R-HSA-192823,Viral mRNA Translation,M1,1,0
19_GO:0060350,1,-3.1,GO:0060350,endochondral bone morphogenesis,M1,1,0
19_GO:0006614,1,-3.9,GO:0006614,SRP-dependent cotranslational protein targeting to membrane,M1,1,0
24_hsa04921,1,-2.1,hsa04921,Oxytocin signaling pathway,M1,1,0
19_GO:0019080,1,-2.8,GO:0019080,viral gene expression,M1,1,0
19_GO:0071407,1,-3.2,GO:0071407,cellular response to organic cyclic compound,M1,1,0
19_GO:0051651,1,-2.7,GO:0051651,maintenance of location in cell,M1,1,0
19_GO:0050807,1,-2.5,GO:0050807,regulation of synapse organization,M1,1,0
19_GO:0090257,1,-2.3,GO:0090257,regulation of muscle system process,M1,1,0
19_GO:0097746,1,-2.2,GO:0097746,regulation of blood vessel diameter,M1,1,0
19_GO:1901988,1,-2.2,GO:1901988,negative regulation of cell cycle phase transition,M1,1,0
19_GO:0002792,1,-2.1,GO:0002792,negative regulation of peptide secretion,M1,1,0
24_hsa04022,1,-2,hsa04022,cGMP-PKG signaling pathway,M1,1,0
19_GO:0007346,1,-2.5,GO:0007346,regulation of mitotic cell cycle,M1,1,0
19_GO:1901800,1,-2.5,GO:1901800,positive regulation of proteasomal protein catabolic process,M1,1,0
19_GO:0051591,1,-2.6,GO:0051591,response to cAMP,M1,1,0
19_GO:1901361,1,-4.5,GO:1901361,organic cyclic compound catabolic process,M1,1,0
19_GO:0033555,1,-2.9,GO:0033555,multicellular organismal response to stress,M1,1,0
19_GO:0022618,1,-2.4,GO:0022618,ribonucleoprotein complex assembly,M1,1,0
19_GO:0031396,1,-2.7,GO:0031396,regulation of protein ubiquitination,M1,1,0
19_GO:1903052,1,-2.4,GO:1903052,positive regulation of proteolysis involved in cellular protein catabolic process,M1,1,0
6_R-HSA-975957,1,-3.6,R-HSA-975957,Nonsense Mediated Decay (NMD) enhanced by the Exon Junction Complex (EJC),M1,1,0
19_GO:0045664,1,-2.7,GO:0045664,regulation of neuron differentiation,M1,1,0
19_GO:0036503,1,-2.6,GO:0036503,ERAD pathway,M1,1,0
24_hsa04915,1,-2.6,hsa04915,Estrogen signaling pathway,M1,1,0
19_GO:0034620,1,-3.2,GO:0034620,cellular response to unfolded protein,M1,1,0
6_R-HSA-927802,1,-3.6,R-HSA-927802,Nonsense-Mediated Decay (NMD),M1,1,0
24_hsa04141,1,-5.3,hsa04141,Protein processing in endoplasmic reticulum,M1,1,0
6_R-HSA-72689,1,-3.8,R-HSA-72689,Formation of a pool of free 40S subunits,M1,1,0
19_GO:0044270,1,-3.2,GO:0044270,cellular nitrogen compound catabolic process,M1,1,0
19_GO:0043524,1,-4.3,GO:0043524,negative regulation of neuron apoptotic process,M1,1,0
19_GO:0046683,1,-3.3,GO:0046683,response to organophosphorus,M1,1,0
19_GO:0003012,1,-2.9,GO:0003012,muscle system process,M1,1,0
19_GO:0043065,1,-2,GO:0043065,positive regulation of apoptotic process,M1,1,0
19_GO:1903364,1,-4.4,GO:1903364,positive regulation of cellular protein catabolic process,M1,1,0
19_GO:0006401,1,-4,GO:0006401,RNA catabolic process,M1,1,0
6_R-HSA-9633012,1,-3.8,R-HSA-9633012,Response of EIF2AK4 (GCN2) to amino acid deficiency,M1,1,0
19_GO:0006413,1,-2.8,GO:0006413,translational initiation,M1,1,0
19_GO:0120039,1,-2.1,GO:0120039,plasma membrane bounded cell projection morphogenesis,M1,1,0
19_GO:0010212,1,-2.2,GO:0010212,response to ionizing radiation,M1,1,0
6_R-HSA-156902,1,-4,R-HSA-156902,Peptide chain elongation,M1,1,0
6_R-HSA-156827,1,-3.7,R-HSA-156827,L13a-mediated translational silencing of Ceruloplasmin expression,M1,1,0
19_GO:0043254,1,-3.5,GO:0043254,regulation of protein complex assembly,M1,1,0
19_GO:0017015,1,-2.4,GO:0017015,regulation of transforming growth factor beta receptor signaling pathway,M1,1,0
19_GO:0034605,1,-2.2,GO:0034605,cellular response to heat,M1,1,0
19_GO:1901214,1,-2.8,GO:1901214,regulation of neuron death,M1,1,0
19_GO:0043523,1,-3.6,GO:0043523,regulation of neuron apoptotic process,M1,1,0
19_GO:1905897,1,-2.8,GO:1905897,regulation of response to endoplasmic reticulum stress,M1,1,0
19_GO:0051402,1,-5.4,GO:0051402,neuron apoptotic process,M1,1,0
19_GO:0051051,1,-3.2,GO:0051051,negative regulation of transport,M1,1,0
6_R-HSA-8868773,1,-2.7,R-HSA-8868773,rRNA processing in the nucleus and cytosol,M1,1,0
19_GO:0072599,1,-4.9,GO:0072599,establishment of protein localization to endoplasmic reticulum,M1,1,0
19_GO:0080135,1,-2.4,GO:0080135,regulation of cellular response to stress,M1,1,0
19_GO:0032368,1,-2.3,GO:0032368,regulation of lipid transport,M1,1,0
19_GO:0051592,1,-4.4,GO:0051592,response to calcium ion,M1,1,0
19_GO:0090101,1,-2.3,GO:0090101,negative regulation of transmembrane receptor protein serine/threonine kinase signaling pathway,M1,1,0
19_GO:0042026,1,-5.4,GO:0042026,protein refolding,M1,1,0
19_GO:0071559,1,-3.3,GO:0071559,response to transforming growth factor beta,M1,1,0
19_GO:0031331,1,-4.2,GO:0031331,positive regulation of cellular catabolic process,M1,1,0
6_R-HSA-422475,1,-2.5,R-HSA-422475,Axon guidance,M1,1,0
19_GO:0042391,1,-2.2,GO:0042391,regulation of membrane potential,M1,1,0
19_GO:0000956,1,-4.7,GO:0000956,nuclear-transcribed mRNA catabolic process,M1,1,0
19_GO:1901987,1,-2.7,GO:1901987,regulation of cell cycle phase transition,M1,1,0
19_GO:0016049,1,-3.5,GO:0016049,cell growth,M1,1,0
19_GO:0035150,1,-2.2,GO:0035150,regulation of tube size,M1,1,0
19_GO:0006457,1,-4.5,GO:0006457,protein folding,M1,1,0
19_GO:0010564,1,-2.3,GO:0010564,regulation of cell cycle process,M1,1,0
6_R-HSA-6791226,1,-2.8,R-HSA-6791226,Major pathway of rRNA processing in the nucleolus and cytosol,M1,1,0
6_R-HSA-381426,1,-3.5,R-HSA-381426,Regulation of Insulin-like Growth Factor (IGF) transport and uptake by Insulin-like Growth Factor Bi,M1,1,0
19_GO:0010975,1,-3.4,GO:0010975,regulation of neuron projection development,M1,1,0
19_GO:0031214,1,-2.1,GO:0031214,biomineral tissue development,M1,1,0
19_GO:0040008,1,-2.7,GO:0040008,regulation of growth,M1,1,0
19_GO:0001666,1,-2.6,GO:0001666,response to hypoxia,M1,1,0
19_GO:0006986,1,-5.1,GO:0006986,response to unfolded protein,M1,1,0
19_GO:0043161,1,-2.3,GO:0043161,proteasome-mediated ubiquitin-dependent protein catabolic process,M1,1,0
24_hsa05020,1,-4,hsa05020,Prion diseases,M1,1,0
19_GO:0060560,1,-2.5,GO:0060560,developmental growth involved in morphogenesis,M1,1,0
19_GO:1901215,1,-3.6,GO:1901215,negative regulation of neuron death,M1,1,0
19_GO:0048589,1,-2.7,GO:0048589,developmental growth,M1,1,0
19_GO:0061136,1,-2.8,GO:0061136,regulation of proteasomal protein catabolic process,M1,1,0
19_GO:0007610,1,-2.2,GO:0007610,behavior,M1,1,0
19_GO:0035296,1,-2.2,GO:0035296,regulation of tube diameter,M1,1,0
6_R-HSA-9675108,1,-2.4,R-HSA-9675108,Nervous system development,M1,1,0
6_R-HSA-168255,1,-5.3,R-HSA-168255,Influenza Infection,M1,1,0
19_GO:0015850,1,-2.3,GO:0015850,organic hydroxy compound transport,M1,1,0
