Name,Category,CategoryID,GO,Description,LogP,Enrichment,Z-score,#TotalGeneInLibrary,#GeneInGO,#GeneInHitList,#GeneInGOAndHitList,%InGO,STDV %InGO,GeneID,Hits,Log(q-value)
Input ID,CORUM,33,CORUM:306,"Ribosome, cytoplasmic",-16,1.5e+02,35,24156,80,16,8,50,12,6134|6171|6194|6209|6233|9045|11224|23521,RPL10|RPL41|RPS6|RPS15|RPS27A|RPL14|RPL35|RPL13A,-13
Input ID,Reactome Gene Sets,6,R-HSA-156902,Peptide chain elongation,-16,1.4e+02,33,24156,89,16,8,50,12,6134|6171|6194|6209|6233|9045|11224|23521,RPL10|RPL41|RPS6|RPS15|RPS27A|RPL14|RPL35|RPL13A,-13
Input ID,Reactome Gene Sets,6,R-HSA-2408557,Selenocysteine synthesis,-15,1.3e+02,32,24156,93,16,8,50,12,6134|6171|6194|6209|6233|9045|11224|23521,RPL10|RPL41|RPS6|RPS15|RPS27A|RPL14|RPL35|RPL13A,-13
Input ID,Reactome Gene Sets,6,R-HSA-156842,Eukaryotic Translation Elongation,-15,1.3e+02,32,24156,93,16,8,50,12,6134|6171|6194|6209|6233|9045|11224|23521,RPL10|RPL41|RPS6|RPS15|RPS27A|RPL14|RPL35|RPL13A,-13
Input ID,Reactome Gene Sets,6,R-HSA-72764,Eukaryotic Translation Termination,-15,1.3e+02,32,24156,93,16,8,50,12,6134|6171|6194|6209|6233|9045|11224|23521,RPL10|RPL41|RPS6|RPS15|RPS27A|RPL14|RPL35|RPL13A,-13
Input ID,Reactome Gene Sets,6,R-HSA-975956,Nonsense Mediated Decay (NMD) independent of the Exon Junction Complex (EJC),-15,1.3e+02,32,24156,95,16,8,50,12,6134|6171|6194|6209|6233|9045|11224|23521,RPL10|RPL41|RPS6|RPS15|RPS27A|RPL14|RPL35|RPL13A,-13
Input ID,GO Biological Processes,19,GO:0006614,SRP-dependent cotranslational protein targeting to membrane,-15,1.3e+02,32,24156,95,16,8,50,12,6134|6171|6194|6209|6233|9045|11224|23521,RPL10|RPL41|RPS6|RPS15|RPS27A|RPL14|RPL35|RPL13A,-13
Input ID,GO Biological Processes,19,GO:0006613,cotranslational protein targeting to membrane,-15,1.2e+02,31,24156,99,16,8,50,12,6134|6171|6194|6209|6233|9045|11224|23521,RPL10|RPL41|RPS6|RPS15|RPS27A|RPL14|RPL35|RPL13A,-13
Input ID,Reactome Gene Sets,6,R-HSA-192823,Viral mRNA Translation,-15,1.2e+02,31,24156,100,16,8,50,12,6134|6171|6194|6209|6233|9045|11224|23521,RPL10|RPL41|RPS6|RPS15|RPS27A|RPL14|RPL35|RPL13A,-13
Input ID,Reactome Gene Sets,6,R-HSA-9633012,Response of EIF2AK4 (GCN2) to amino acid deficiency,-15,1.2e+02,31,24156,101,16,8,50,12,6134|6171|6194|6209|6233|9045|11224|23521,RPL10|RPL41|RPS6|RPS15|RPS27A|RPL14|RPL35|RPL13A,-13
Input ID,Reactome Gene Sets,6,R-HSA-72689,Formation of a pool of free 40S subunits,-15,1.2e+02,31,24156,101,16,8,50,12,6134|6171|6194|6209|6233|9045|11224|23521,RPL10|RPL41|RPS6|RPS15|RPS27A|RPL14|RPL35|RPL13A,-13
Input ID,GO Biological Processes,19,GO:0045047,protein targeting to ER,-15,1.1e+02,30,24156,109,16,8,50,12,6134|6171|6194|6209|6233|9045|11224|23521,RPL10|RPL41|RPS6|RPS15|RPS27A|RPL14|RPL35|RPL13A,-12
Input ID,Reactome Gene Sets,6,R-HSA-156827,L13a-mediated translational silencing of Ceruloplasmin expression,-15,1.1e+02,29,24156,111,16,8,50,12,6134|6171|6194|6209|6233|9045|11224|23521,RPL10|RPL41|RPS6|RPS15|RPS27A|RPL14|RPL35|RPL13A,-12
Input ID,Reactome Gene Sets,6,R-HSA-72706,GTP hydrolysis and joining of the 60S ribosomal subunit,-15,1.1e+02,29,24156,112,16,8,50,12,6134|6171|6194|6209|6233|9045|11224|23521,RPL10|RPL41|RPS6|RPS15|RPS27A|RPL14|RPL35|RPL13A,-12
Input ID,Reactome Gene Sets,6,R-HSA-1799339,SRP-dependent cotranslational protein targeting to membrane,-15,1.1e+02,29,24156,112,16,8,50,12,6134|6171|6194|6209|6233|9045|11224|23521,RPL10|RPL41|RPS6|RPS15|RPS27A|RPL14|RPL35|RPL13A,-12
Input ID,GO Biological Processes,19,GO:0072599,establishment of protein localization to endoplasmic reticulum,-15,1.1e+02,29,24156,113,16,8,50,12,6134|6171|6194|6209|6233|9045|11224|23521,RPL10|RPL41|RPS6|RPS15|RPS27A|RPL14|RPL35|RPL13A,-12
Input ID,Reactome Gene Sets,6,R-HSA-975957,Nonsense Mediated Decay (NMD) enhanced by the Exon Junction Complex (EJC),-15,1.1e+02,29,24156,115,16,8,50,12,6134|6171|6194|6209|6233|9045|11224|23521,RPL10|RPL41|RPS6|RPS15|RPS27A|RPL14|RPL35|RPL13A,-12
Input ID,Reactome Gene Sets,6,R-HSA-927802,Nonsense-Mediated Decay (NMD),-15,1.1e+02,29,24156,115,16,8,50,12,6134|6171|6194|6209|6233|9045|11224|23521,RPL10|RPL41|RPS6|RPS15|RPS27A|RPL14|RPL35|RPL13A,-12
Input ID,Reactome Gene Sets,6,R-HSA-2408522,Selenoamino acid metabolism,-14,1e+02,28,24156,118,16,8,50,12,6134|6171|6194|6209|6233|9045|11224|23521,RPL10|RPL41|RPS6|RPS15|RPS27A|RPL14|RPL35|RPL13A,-12
Input ID,Reactome Gene Sets,6,R-HSA-72613,Eukaryotic Translation Initiation,-14,1e+02,28,24156,119,16,8,50,12,6134|6171|6194|6209|6233|9045|11224|23521,RPL10|RPL41|RPS6|RPS15|RPS27A|RPL14|RPL35|RPL13A,-12
Input ID,Reactome Gene Sets,6,R-HSA-72737,Cap-dependent Translation Initiation,-14,1e+02,28,24156,119,16,8,50,12,6134|6171|6194|6209|6233|9045|11224|23521,RPL10|RPL41|RPS6|RPS15|RPS27A|RPL14|RPL35|RPL13A,-12
Input ID,GO Biological Processes,19,GO:0000184,"nuclear-transcribed mRNA catabolic process, nonsense-mediated decay",-14,1e+02,28,24156,120,16,8,50,12,6134|6171|6194|6209|6233|9045|11224|23521,RPL10|RPL41|RPS6|RPS15|RPS27A|RPL14|RPL35|RPL13A,-12
Input ID,GO Biological Processes,19,GO:0070972,protein localization to endoplasmic reticulum,-14,87,26,24156,139,16,8,50,12,6134|6171|6194|6209|6233|9045|11224|23521,RPL10|RPL41|RPS6|RPS15|RPS27A|RPL14|RPL35|RPL13A,-12
Input ID,Reactome Gene Sets,6,R-HSA-168273,Influenza Viral RNA Transcription and Replication,-14,83,26,24156,145,16,8,50,12,6134|6171|6194|6209|6233|9045|11224|23521,RPL10|RPL41|RPS6|RPS15|RPS27A|RPL14|RPL35|RPL13A,-11
Input ID,KEGG Pathway,24,hsa03010,Ribosome,-14,79,25,24156,153,16,8,50,12,6134|6171|6194|6209|6233|9045|11224|23521,RPL10|RPL41|RPS6|RPS15|RPS27A|RPL14|RPL35|RPL13A,-11
Input ID,Reactome Gene Sets,6,R-HSA-168255,Influenza Infection,-13,73,24,24156,166,16,8,50,12,6134|6171|6194|6209|6233|9045|11224|23521,RPL10|RPL41|RPS6|RPS15|RPS27A|RPL14|RPL35|RPL13A,-11
Input ID,Reactome Gene Sets,6,R-HSA-9010553,Regulation of expression of SLITs and ROBOs,-13,71,24,24156,171,16,8,50,12,6134|6171|6194|6209|6233|9045|11224|23521,RPL10|RPL41|RPS6|RPS15|RPS27A|RPL14|RPL35|RPL13A,-11
Input ID,GO Biological Processes,19,GO:0019083,viral transcription,-13,68,23,24156,177,16,8,50,12,6134|6171|6194|6209|6233|9045|11224|23521,RPL10|RPL41|RPS6|RPS15|RPS27A|RPL14|RPL35|RPL13A,-11
Input ID,Reactome Gene Sets,6,R-HSA-6791226,Major pathway of rRNA processing in the nucleolus and cytosol,-13,65,23,24156,186,16,8,50,12,6134|6171|6194|6209|6233|9045|11224|23521,RPL10|RPL41|RPS6|RPS15|RPS27A|RPL14|RPL35|RPL13A,-11
Input ID,GO Biological Processes,19,GO:0006413,translational initiation,-13,63,22,24156,192,16,8,50,12,6134|6171|6194|6209|6233|9045|11224|23521,RPL10|RPL41|RPS6|RPS15|RPS27A|RPL14|RPL35|RPL13A,-11
Input ID,GO Biological Processes,19,GO:0019080,viral gene expression,-13,62,22,24156,194,16,8,50,12,6134|6171|6194|6209|6233|9045|11224|23521,RPL10|RPL41|RPS6|RPS15|RPS27A|RPL14|RPL35|RPL13A,-11
Input ID,GO Biological Processes,19,GO:0006612,protein targeting to membrane,-13,62,22,24156,194,16,8,50,12,6134|6171|6194|6209|6233|9045|11224|23521,RPL10|RPL41|RPS6|RPS15|RPS27A|RPL14|RPL35|RPL13A,-11
Input ID,Reactome Gene Sets,6,R-HSA-8868773,rRNA processing in the nucleus and cytosol,-13,62,22,24156,196,16,8,50,12,6134|6171|6194|6209|6233|9045|11224|23521,RPL10|RPL41|RPS6|RPS15|RPS27A|RPL14|RPL35|RPL13A,-11
Input ID,Reactome Gene Sets,6,R-HSA-72312,rRNA processing,-13,59,21,24156,206,16,8,50,12,6134|6171|6194|6209|6233|9045|11224|23521,RPL10|RPL41|RPS6|RPS15|RPS27A|RPL14|RPL35|RPL13A,-10
Input ID,GO Biological Processes,19,GO:0000956,nuclear-transcribed mRNA catabolic process,-12,58,21,24156,210,16,8,50,12,6134|6171|6194|6209|6233|9045|11224|23521,RPL10|RPL41|RPS6|RPS15|RPS27A|RPL14|RPL35|RPL13A,-10
Input ID,Reactome Gene Sets,6,R-HSA-376176,Signaling by ROBO receptors,-12,55,21,24156,218,16,8,50,12,6134|6171|6194|6209|6233|9045|11224|23521,RPL10|RPL41|RPS6|RPS15|RPS27A|RPL14|RPL35|RPL13A,-10
Input ID,Reactome Gene Sets,6,R-HSA-72766,Translation,-11,42,18,24156,291,16,8,50,12,6134|6171|6194|6209|6233|9045|11224|23521,RPL10|RPL41|RPS6|RPS15|RPS27A|RPL14|RPL35|RPL13A,-9.2
Input ID,GO Biological Processes,19,GO:0090150,establishment of protein localization to membrane,-11,37,17,24156,326,16,8,50,12,6134|6171|6194|6209|6233|9045|11224|23521,RPL10|RPL41|RPS6|RPS15|RPS27A|RPL14|RPL35|RPL13A,-8.8
Input ID,GO Biological Processes,19,GO:0006402,mRNA catabolic process,-10,33,16,24156,370,16,8,50,12,6134|6171|6194|6209|6233|9045|11224|23521,RPL10|RPL41|RPS6|RPS15|RPS27A|RPL14|RPL35|RPL13A,-8.4
Input ID,Reactome Gene Sets,6,R-HSA-71291,Metabolism of amino acids and derivatives,-10,32,16,24156,374,16,8,50,12,6134|6171|6194|6209|6233|9045|11224|23521,RPL10|RPL41|RPS6|RPS15|RPS27A|RPL14|RPL35|RPL13A,-8.3
Input ID,CORUM,33,CORUM:3055,Nop56p-associated pre-rRNA complex,-10,87,23,24156,104,16,6,38,12,6134|6194|6209|9045|11224|23521,RPL10|RPS6|RPS15|RPL14|RPL35|RPL13A,-8.2
Input ID,GO Biological Processes,19,GO:0072657,protein localization to membrane,-10,22,14,24156,625,16,9,56,12,483|6134|6171|6194|6209|6233|9045|11224|23521,ATP1B3|RPL10|RPL41|RPS6|RPS15|RPS27A|RPL14|RPL35|RPL13A,-8.2
Input ID,GO Biological Processes,19,GO:0006401,RNA catabolic process,-10,29,15,24156,412,16,8,50,12,6134|6171|6194|6209|6233|9045|11224|23521,RPL10|RPL41|RPS6|RPS15|RPS27A|RPL14|RPL35|RPL13A,-8
Input ID,CORUM,33,CORUM:308,"60S ribosomal subunit, cytoplasmic",-10,1.6e+02,28,24156,47,16,5,31,12,6134|6171|9045|11224|23521,RPL10|RPL41|RPL14|RPL35|RPL13A,-7.9
Input ID,GO Biological Processes,19,GO:0006605,protein targeting,-10,28,15,24156,426,16,8,50,12,6134|6171|6194|6209|6233|9045|11224|23521,RPL10|RPL41|RPS6|RPS15|RPS27A|RPL14|RPL35|RPL13A,-7.9
Input ID,GO Biological Processes,19,GO:1901361,organic cyclic compound catabolic process,-9.5,18,12,24156,768,16,9,56,12,6134|6171|6194|6209|6233|6696|9045|11224|23521,RPL10|RPL41|RPS6|RPS15|RPS27A|SPP1|RPL14|RPL35|RPL13A,-7.4
Input ID,GO Biological Processes,19,GO:0072594,establishment of protein localization to organelle,-9.1,22,13,24156,548,16,8,50,12,6134|6171|6194|6209|6233|9045|11224|23521,RPL10|RPL41|RPS6|RPS15|RPS27A|RPL14|RPL35|RPL13A,-7
Input ID,Reactome Gene Sets,6,R-HSA-422475,Axon guidance,-9.1,22,13,24156,552,16,8,50,12,6134|6171|6194|6209|6233|9045|11224|23521,RPL10|RPL41|RPS6|RPS15|RPS27A|RPL14|RPL35|RPL13A,-7
Input ID,Reactome Gene Sets,6,R-HSA-9675108,Nervous system development,-9,21,12,24156,577,16,8,50,12,6134|6171|6194|6209|6233|9045|11224|23521,RPL10|RPL41|RPS6|RPS15|RPS27A|RPL14|RPL35|RPL13A,-6.9
Input ID,Reactome Gene Sets,6,R-HSA-2262752,Cellular responses to stress,-8.9,21,12,24156,585,16,8,50,12,6134|6171|6194|6209|6233|9045|11224|23521,RPL10|RPL41|RPS6|RPS15|RPS27A|RPL14|RPL35|RPL13A,-6.8
Input ID,Reactome Gene Sets,6,R-HSA-8953897,Cellular responses to external stimuli,-8.8,20,12,24156,599,16,8,50,12,6134|6171|6194|6209|6233|9045|11224|23521,RPL10|RPL41|RPS6|RPS15|RPS27A|RPL14|RPL35|RPL13A,-6.7
Input ID,GO Biological Processes,19,GO:0034655,nucleobase-containing compound catabolic process,-8.5,18,12,24156,664,16,8,50,12,6134|6171|6194|6209|6233|9045|11224|23521,RPL10|RPL41|RPS6|RPS15|RPS27A|RPL14|RPL35|RPL13A,-6.4
Input ID,Reactome Gene Sets,6,R-HSA-8953854,Metabolism of RNA,-8.4,18,11,24156,675,16,8,50,12,6134|6171|6194|6209|6233|9045|11224|23521,RPL10|RPL41|RPS6|RPS15|RPS27A|RPL14|RPL35|RPL13A,-6.3
Input ID,GO Biological Processes,19,GO:0046700,heterocycle catabolic process,-8.2,17,11,24156,717,16,8,50,12,6134|6171|6194|6209|6233|9045|11224|23521,RPL10|RPL41|RPS6|RPS15|RPS27A|RPL14|RPL35|RPL13A,-6.1
Input ID,GO Biological Processes,19,GO:0044270,cellular nitrogen compound catabolic process,-8.2,17,11,24156,718,16,8,50,12,6134|6171|6194|6209|6233|9045|11224|23521,RPL10|RPL41|RPS6|RPS15|RPS27A|RPL14|RPL35|RPL13A,-6.1
Input ID,GO Biological Processes,19,GO:0006412,translation,-8.2,17,11,24156,723,16,8,50,12,6134|6171|6194|6209|6233|9045|11224|23521,RPL10|RPL41|RPS6|RPS15|RPS27A|RPL14|RPL35|RPL13A,-6.1
Input ID,GO Biological Processes,19,GO:0019439,aromatic compound catabolic process,-8.2,17,11,24156,730,16,8,50,12,6134|6171|6194|6209|6233|9045|11224|23521,RPL10|RPL41|RPS6|RPS15|RPS27A|RPL14|RPL35|RPL13A,-6.1
Input ID,GO Biological Processes,19,GO:0043043,peptide biosynthetic process,-8.1,16,11,24156,749,16,8,50,12,6134|6171|6194|6209|6233|9045|11224|23521,RPL10|RPL41|RPS6|RPS15|RPS27A|RPL14|RPL35|RPL13A,-6
Input ID,GO Biological Processes,19,GO:0022613,ribonucleoprotein complex biogenesis,-6.5,20,10,24156,462,16,6,38,12,6134|6194|6209|9045|11224|23521,RPL10|RPS6|RPS15|RPL14|RPL35|RPL13A,-4.4
Input ID,CORUM,33,CORUM:338,"40S ribosomal subunit, cytoplasmic",-6,1.5e+02,21,24156,31,16,3,19,9.8,6194|6209|6233,RPS6|RPS15|RPS27A,-3.9
Input ID,GO Biological Processes,19,GO:0042254,ribosome biogenesis,-6,25,11,24156,298,16,5,31,12,6134|6194|6209|9045|11224,RPL10|RPS6|RPS15|RPL14|RPL35,-3.9
Input ID,CORUM,33,CORUM:305,"40S ribosomal subunit, cytoplasmic",-5.9,1.4e+02,20,24156,33,16,3,19,9.8,6194|6209|6233,RPS6|RPS15|RPS27A,-3.9
Input ID,KEGG Pathway,24,hsa04978,Mineral absorption,-5.3,89,16,24156,51,16,3,19,9.8,483|2495|2512,ATP1B3|FTH1|FTL,-3.3
Input ID,Reactome Gene Sets,6,R-HSA-72695,"Formation of the ternary complex, and subsequently, the 43S complex",-5.3,89,16,24156,51,16,3,19,9.8,6194|6209|6233,RPS6|RPS15|RPS27A,-3.3
Input ID,Reactome Gene Sets,6,R-HSA-72649,Translation initiation complex formation,-5.1,78,15,24156,58,16,3,19,9.8,6194|6209|6233,RPS6|RPS15|RPS27A,-3.1
Input ID,Reactome Gene Sets,6,R-HSA-72702,Ribosomal scanning and start codon recognition,-5.1,78,15,24156,58,16,3,19,9.8,6194|6209|6233,RPS6|RPS15|RPS27A,-3.1
Input ID,Reactome Gene Sets,6,R-HSA-917937,Iron uptake and transport,-5.1,78,15,24156,58,16,3,19,9.8,2495|2512|6233,FTH1|FTL|RPS27A,-3.1
Input ID,Reactome Gene Sets,6,R-HSA-72662,"Activation of the mRNA upon binding of the cap-binding complex and eIFs, and subsequent binding to 4",-5.1,77,15,24156,59,16,3,19,9.8,6194|6209|6233,RPS6|RPS15|RPS27A,-3.1
Input ID,GO Biological Processes,19,GO:0006364,rRNA processing,-5,28,10,24156,217,16,4,25,11,6194|6209|9045|11224,RPS6|RPS15|RPL14|RPL35,-3
Input ID,GO Biological Processes,19,GO:0042273,ribosomal large subunit biogenesis,-4.8,61,13,24156,74,16,3,19,9.8,6134|9045|11224,RPL10|RPL14|RPL35,-2.8
Input ID,GO Biological Processes,19,GO:0016072,rRNA metabolic process,-4.7,24,9.4,24156,256,16,4,25,11,6194|6209|9045|11224,RPS6|RPS15|RPL14|RPL35,-2.7
Input ID,Reactome Gene Sets,6,R-HSA-202424,Downstream TCR signaling,-4.5,46,12,24156,98,16,3,19,9.8,3119|3122|6233,HLA-DQB1|HLA-DRA|RPS27A,-2.5
Input ID,Reactome Gene Sets,6,R-HSA-202403,TCR signaling,-4.2,38,10,24156,120,16,3,19,9.8,3119|3122|6233,HLA-DQB1|HLA-DRA|RPS27A,-2.2
Input ID,KEGG Pathway,24,hsa04371,Apelin signaling pathway,-4,33,9.7,24156,138,16,3,19,9.8,3709|6194|6696,ITPR2|RPS6|SPP1,-2
Input ID,GO Biological Processes,19,GO:0034470,ncRNA processing,-4,16,7.5,24156,383,16,4,25,11,6194|6209|9045|11224,RPS6|RPS15|RPL14|RPL35,-2
Input ID,GO Biological Processes,19,GO:0071346,cellular response to interferon-gamma,-3.7,25,8.3,24156,182,16,3,19,9.8,3119|3122|23521,HLA-DQB1|HLA-DRA|RPL13A,-1.7
Input ID,Reactome Gene Sets,6,R-HSA-913531,Interferon Signaling,-3.5,23,7.9,24156,200,16,3,19,9.8,3119|3122|6233,HLA-DQB1|HLA-DRA|RPS27A,-1.6
Input ID,GO Biological Processes,19,GO:0034341,response to interferon-gamma,-3.5,22,7.9,24156,202,16,3,19,9.8,3119|3122|23521,HLA-DQB1|HLA-DRA|RPL13A,-1.6
Input ID,GO Biological Processes,19,GO:0034660,ncRNA metabolic process,-3.4,11,6,24156,564,16,4,25,11,6194|6209|9045|11224,RPS6|RPS15|RPL14|RPL35,-1.4
Input ID,GO Biological Processes,19,GO:0022618,ribonucleoprotein complex assembly,-3.3,19,7.2,24156,236,16,3,19,9.8,6134|6209|23521,RPL10|RPS15|RPL13A,-1.4
Input ID,GO Biological Processes,19,GO:0006875,cellular metal ion homeostasis,-3.3,10,5.8,24156,596,16,4,25,11,483|2495|2512|3709,ATP1B3|FTH1|FTL|ITPR2,-1.3
Input ID,GO Biological Processes,19,GO:0071826,ribonucleoprotein complex subunit organization,-3.3,18,7,24156,250,16,3,19,9.8,6134|6209|23521,RPL10|RPS15|RPL13A,-1.3
Input ID,GO Biological Processes,19,GO:0055065,metal ion homeostasis,-3.1,9,5.4,24156,668,16,4,25,11,483|2495|2512|3709,ATP1B3|FTH1|FTL|ITPR2,-1.1
Input ID,GO Biological Processes,19,GO:0030003,cellular cation homeostasis,-3.1,9,5.4,24156,672,16,4,25,11,483|2495|2512|3709,ATP1B3|FTH1|FTL|ITPR2,-1.1
Input ID,GO Biological Processes,19,GO:0006873,cellular ion homeostasis,-3.1,8.8,5.3,24156,685,16,4,25,11,483|2495|2512|3709,ATP1B3|FTH1|FTL|ITPR2,-1.1
Input ID,Reactome Gene Sets,6,R-HSA-382551,Transport of small molecules,-3,8.3,5.1,24156,728,16,4,25,11,483|2495|2512|6233,ATP1B3|FTH1|FTL|RPS27A,-1
Input ID,GO Biological Processes,19,GO:0055080,cation homeostasis,-2.9,8.1,5.1,24156,748,16,4,25,11,483|2495|2512|3709,ATP1B3|FTH1|FTL|ITPR2,-0.96
Input ID,GO Biological Processes,19,GO:0098771,inorganic ion homeostasis,-2.9,8,5,24156,759,16,4,25,11,483|2495|2512|3709,ATP1B3|FTH1|FTL|ITPR2,-0.94
Input ID,Reactome Gene Sets,6,R-HSA-1280218,Adaptive Immune System,-2.9,7.9,5,24156,760,16,4,25,11,3119|3122|3709|6233,HLA-DQB1|HLA-DRA|ITPR2|RPS27A,-0.94
Input ID,GO Biological Processes,19,GO:0051235,maintenance of location,-2.9,13,5.9,24156,343,16,3,19,9.8,2495|2512|3709,FTH1|FTL|ITPR2,-0.91
Input ID,Reactome Gene Sets,6,R-HSA-9006934,Signaling by Receptor Tyrosine Kinases,-2.4,9,4.7,24156,506,16,3,19,9.8,3709|6233|6696,ITPR2|RPS27A|SPP1,-0.43
Input ID,GO Biological Processes,19,GO:0071407,cellular response to organic cyclic compound,-2.3,8.3,4.4,24156,544,16,3,19,9.8,3709|6696|64805,ITPR2|SPP1|P2RY12,-0.35
Input ID,Reactome Gene Sets,6,R-HSA-109582,Hemostasis,-2.1,7.3,4.1,24156,622,16,3,19,9.8,483|3709|64805,ATP1B3|ITPR2|P2RY12,-0.19
Input ID,Reactome Gene Sets,6,R-HSA-199991,Membrane Trafficking,-2.1,7.1,4,24156,634,16,3,19,9.8,2495|2512|6233,FTH1|FTL|RPS27A,-0.17
Input ID,GO Biological Processes,19,GO:0002757,immune response-activating signal transduction,-2.1,7,4,24156,647,16,3,19,9.8,3119|3122|6233,HLA-DQB1|HLA-DRA|RPS27A,-0.15
Input ID,Reactome Gene Sets,6,R-HSA-5653656,Vesicle-mediated transport,-2,6.7,3.9,24156,673,16,3,19,9.8,2495|2512|6233,FTH1|FTL|RPS27A,-0.1
Input ID,GO Biological Processes,19,GO:0002764,immune response-regulating signaling pathway,-2,6.7,3.9,24156,681,16,3,19,9.8,3119|3122|6233,HLA-DQB1|HLA-DRA|RPS27A,-0.089
Input ID,GO Biological Processes,19,GO:0009611,response to wounding,-2,6.6,3.8,24156,691,16,3,19,9.8,3709|6696|64805,ITPR2|SPP1|P2RY12,-0.073
Input ID_MCODE_ALL,CORUM,33,CORUM:306,"Ribosome, cytoplasmic",-20,3e+02,49,24156,80,8,8,1e+02,12,6134|6171|6194|6209|6233|9045|11224|23521,RPL10|RPL41|RPS6|RPS15|RPS27A|RPL14|RPL35|RPL13A,-16
Input ID_MCODE_ALL,Reactome Gene Sets,6,R-HSA-156902,Peptide chain elongation,-20,2.7e+02,47,24156,89,8,8,1e+02,12,6134|6171|6194|6209|6233|9045|11224|23521,RPL10|RPL41|RPS6|RPS15|RPS27A|RPL14|RPL35|RPL13A,-16
Input ID_MCODE_ALL,Reactome Gene Sets,6,R-HSA-2408557,Selenocysteine synthesis,-19,2.6e+02,46,24156,93,8,8,1e+02,12,6134|6171|6194|6209|6233|9045|11224|23521,RPL10|RPL41|RPS6|RPS15|RPS27A|RPL14|RPL35|RPL13A,-16
Input ID_MCODE_ALL,Reactome Gene Sets,6,R-HSA-72764,Eukaryotic Translation Termination,-19,2.6e+02,46,24156,93,8,8,1e+02,12,6134|6171|6194|6209|6233|9045|11224|23521,RPL10|RPL41|RPS6|RPS15|RPS27A|RPL14|RPL35|RPL13A,-16
Input ID_MCODE_ALL,Reactome Gene Sets,6,R-HSA-156842,Eukaryotic Translation Elongation,-19,2.6e+02,46,24156,93,8,8,1e+02,12,6134|6171|6194|6209|6233|9045|11224|23521,RPL10|RPL41|RPS6|RPS15|RPS27A|RPL14|RPL35|RPL13A,-16
Input ID_MCODE_ALL,GO Biological Processes,19,GO:0006614,SRP-dependent cotranslational protein targeting to membrane,-19,2.5e+02,45,24156,95,8,8,1e+02,12,6134|6171|6194|6209|6233|9045|11224|23521,RPL10|RPL41|RPS6|RPS15|RPS27A|RPL14|RPL35|RPL13A,-16
Input ID_MCODE_ALL,Reactome Gene Sets,6,R-HSA-975956,Nonsense Mediated Decay (NMD) independent of the Exon Junction Complex (EJC),-19,2.5e+02,45,24156,95,8,8,1e+02,12,6134|6171|6194|6209|6233|9045|11224|23521,RPL10|RPL41|RPS6|RPS15|RPS27A|RPL14|RPL35|RPL13A,-16
Input ID_MCODE_ALL,GO Biological Processes,19,GO:0006613,cotranslational protein targeting to membrane,-19,2.4e+02,44,24156,99,8,8,1e+02,12,6134|6171|6194|6209|6233|9045|11224|23521,RPL10|RPL41|RPS6|RPS15|RPS27A|RPL14|RPL35|RPL13A,-16
Input ID_MCODE_ALL,Reactome Gene Sets,6,R-HSA-192823,Viral mRNA Translation,-19,2.4e+02,44,24156,100,8,8,1e+02,12,6134|6171|6194|6209|6233|9045|11224|23521,RPL10|RPL41|RPS6|RPS15|RPS27A|RPL14|RPL35|RPL13A,-16
Input ID_MCODE_ALL,Reactome Gene Sets,6,R-HSA-9633012,Response of EIF2AK4 (GCN2) to amino acid deficiency,-19,2.4e+02,44,24156,101,8,8,1e+02,12,6134|6171|6194|6209|6233|9045|11224|23521,RPL10|RPL41|RPS6|RPS15|RPS27A|RPL14|RPL35|RPL13A,-16
Input ID_MCODE_ALL,Reactome Gene Sets,6,R-HSA-72689,Formation of a pool of free 40S subunits,-19,2.4e+02,44,24156,101,8,8,1e+02,12,6134|6171|6194|6209|6233|9045|11224|23521,RPL10|RPL41|RPS6|RPS15|RPS27A|RPL14|RPL35|RPL13A,-16
Input ID_MCODE_ALL,GO Biological Processes,19,GO:0045047,protein targeting to ER,-19,2.2e+02,42,24156,109,8,8,1e+02,12,6134|6171|6194|6209|6233|9045|11224|23521,RPL10|RPL41|RPS6|RPS15|RPS27A|RPL14|RPL35|RPL13A,-16
Input ID_MCODE_ALL,Reactome Gene Sets,6,R-HSA-156827,L13a-mediated translational silencing of Ceruloplasmin expression,-19,2.2e+02,42,24156,111,8,8,1e+02,12,6134|6171|6194|6209|6233|9045|11224|23521,RPL10|RPL41|RPS6|RPS15|RPS27A|RPL14|RPL35|RPL13A,-16
Input ID_MCODE_ALL,Reactome Gene Sets,6,R-HSA-1799339,SRP-dependent cotranslational protein targeting to membrane,-19,2.2e+02,41,24156,112,8,8,1e+02,12,6134|6171|6194|6209|6233|9045|11224|23521,RPL10|RPL41|RPS6|RPS15|RPS27A|RPL14|RPL35|RPL13A,-16
Input ID_MCODE_ALL,Reactome Gene Sets,6,R-HSA-72706,GTP hydrolysis and joining of the 60S ribosomal subunit,-19,2.2e+02,41,24156,112,8,8,1e+02,12,6134|6171|6194|6209|6233|9045|11224|23521,RPL10|RPL41|RPS6|RPS15|RPS27A|RPL14|RPL35|RPL13A,-16
Input ID_MCODE_ALL,GO Biological Processes,19,GO:0072599,establishment of protein localization to endoplasmic reticulum,-19,2.1e+02,41,24156,113,8,8,1e+02,12,6134|6171|6194|6209|6233|9045|11224|23521,RPL10|RPL41|RPS6|RPS15|RPS27A|RPL14|RPL35|RPL13A,-16
Input ID_MCODE_ALL,Reactome Gene Sets,6,R-HSA-975957,Nonsense Mediated Decay (NMD) enhanced by the Exon Junction Complex (EJC),-19,2.1e+02,41,24156,115,8,8,1e+02,12,6134|6171|6194|6209|6233|9045|11224|23521,RPL10|RPL41|RPS6|RPS15|RPS27A|RPL14|RPL35|RPL13A,-16
Input ID_MCODE_ALL,Reactome Gene Sets,6,R-HSA-927802,Nonsense-Mediated Decay (NMD),-19,2.1e+02,41,24156,115,8,8,1e+02,12,6134|6171|6194|6209|6233|9045|11224|23521,RPL10|RPL41|RPS6|RPS15|RPS27A|RPL14|RPL35|RPL13A,-16
Input ID_MCODE_ALL,Reactome Gene Sets,6,R-HSA-2408522,Selenoamino acid metabolism,-19,2e+02,40,24156,118,8,8,1e+02,12,6134|6171|6194|6209|6233|9045|11224|23521,RPL10|RPL41|RPS6|RPS15|RPS27A|RPL14|RPL35|RPL13A,-16
Input ID_MCODE_ALL,Reactome Gene Sets,6,R-HSA-72737,Cap-dependent Translation Initiation,-19,2e+02,40,24156,119,8,8,1e+02,12,6134|6171|6194|6209|6233|9045|11224|23521,RPL10|RPL41|RPS6|RPS15|RPS27A|RPL14|RPL35|RPL13A,-16
Input ID_MCODE_ALL,Reactome Gene Sets,6,R-HSA-72613,Eukaryotic Translation Initiation,-19,2e+02,40,24156,119,8,8,1e+02,12,6134|6171|6194|6209|6233|9045|11224|23521,RPL10|RPL41|RPS6|RPS15|RPS27A|RPL14|RPL35|RPL13A,-16
Input ID_MCODE_ALL,GO Biological Processes,19,GO:0000184,"nuclear-transcribed mRNA catabolic process, nonsense-mediated decay",-19,2e+02,40,24156,120,8,8,1e+02,12,6134|6171|6194|6209|6233|9045|11224|23521,RPL10|RPL41|RPS6|RPS15|RPS27A|RPL14|RPL35|RPL13A,-16
Input ID_MCODE_ALL,GO Biological Processes,19,GO:0070972,protein localization to endoplasmic reticulum,-18,1.7e+02,37,24156,139,8,8,1e+02,12,6134|6171|6194|6209|6233|9045|11224|23521,RPL10|RPL41|RPS6|RPS15|RPS27A|RPL14|RPL35|RPL13A,-15
Input ID_MCODE_ALL,Reactome Gene Sets,6,R-HSA-168273,Influenza Viral RNA Transcription and Replication,-18,1.7e+02,36,24156,145,8,8,1e+02,12,6134|6171|6194|6209|6233|9045|11224|23521,RPL10|RPL41|RPS6|RPS15|RPS27A|RPL14|RPL35|RPL13A,-15
Input ID_MCODE_ALL,KEGG Pathway,24,hsa03010,Ribosome,-18,1.6e+02,35,24156,153,8,8,1e+02,12,6134|6171|6194|6209|6233|9045|11224|23521,RPL10|RPL41|RPS6|RPS15|RPS27A|RPL14|RPL35|RPL13A,-15
Input ID_MCODE_ALL,Reactome Gene Sets,6,R-HSA-168255,Influenza Infection,-17,1.5e+02,34,24156,166,8,8,1e+02,12,6134|6171|6194|6209|6233|9045|11224|23521,RPL10|RPL41|RPS6|RPS15|RPS27A|RPL14|RPL35|RPL13A,-15
Input ID_MCODE_ALL,Reactome Gene Sets,6,R-HSA-9010553,Regulation of expression of SLITs and ROBOs,-17,1.4e+02,34,24156,171,8,8,1e+02,12,6134|6171|6194|6209|6233|9045|11224|23521,RPL10|RPL41|RPS6|RPS15|RPS27A|RPL14|RPL35|RPL13A,-15
Input ID_MCODE_ALL,GO Biological Processes,19,GO:0019083,viral transcription,-17,1.4e+02,33,24156,177,8,8,1e+02,12,6134|6171|6194|6209|6233|9045|11224|23521,RPL10|RPL41|RPS6|RPS15|RPS27A|RPL14|RPL35|RPL13A,-15
Input ID_MCODE_ALL,Reactome Gene Sets,6,R-HSA-6791226,Major pathway of rRNA processing in the nucleolus and cytosol,-17,1.3e+02,32,24156,186,8,8,1e+02,12,6134|6171|6194|6209|6233|9045|11224|23521,RPL10|RPL41|RPS6|RPS15|RPS27A|RPL14|RPL35|RPL13A,-14
Input ID_MCODE_ALL,GO Biological Processes,19,GO:0006413,translational initiation,-17,1.3e+02,32,24156,192,8,8,1e+02,12,6134|6171|6194|6209|6233|9045|11224|23521,RPL10|RPL41|RPS6|RPS15|RPS27A|RPL14|RPL35|RPL13A,-14
Input ID_MCODE_ALL,GO Biological Processes,19,GO:0019080,viral gene expression,-17,1.2e+02,31,24156,194,8,8,1e+02,12,6134|6171|6194|6209|6233|9045|11224|23521,RPL10|RPL41|RPS6|RPS15|RPS27A|RPL14|RPL35|RPL13A,-14
Input ID_MCODE_ALL,GO Biological Processes,19,GO:0006612,protein targeting to membrane,-17,1.2e+02,31,24156,194,8,8,1e+02,12,6134|6171|6194|6209|6233|9045|11224|23521,RPL10|RPL41|RPS6|RPS15|RPS27A|RPL14|RPL35|RPL13A,-14
Input ID_MCODE_ALL,Reactome Gene Sets,6,R-HSA-8868773,rRNA processing in the nucleus and cytosol,-17,1.2e+02,31,24156,196,8,8,1e+02,12,6134|6171|6194|6209|6233|9045|11224|23521,RPL10|RPL41|RPS6|RPS15|RPS27A|RPL14|RPL35|RPL13A,-14
Input ID_MCODE_ALL,Reactome Gene Sets,6,R-HSA-72312,rRNA processing,-17,1.2e+02,31,24156,206,8,8,1e+02,12,6134|6171|6194|6209|6233|9045|11224|23521,RPL10|RPL41|RPS6|RPS15|RPS27A|RPL14|RPL35|RPL13A,-14
Input ID_MCODE_ALL,GO Biological Processes,19,GO:0000956,nuclear-transcribed mRNA catabolic process,-17,1.2e+02,30,24156,210,8,8,1e+02,12,6134|6171|6194|6209|6233|9045|11224|23521,RPL10|RPL41|RPS6|RPS15|RPS27A|RPL14|RPL35|RPL13A,-14
Input ID_MCODE_ALL,Reactome Gene Sets,6,R-HSA-376176,Signaling by ROBO receptors,-16,1.1e+02,30,24156,218,8,8,1e+02,12,6134|6171|6194|6209|6233|9045|11224|23521,RPL10|RPL41|RPS6|RPS15|RPS27A|RPL14|RPL35|RPL13A,-14
Input ID_MCODE_ALL,Reactome Gene Sets,6,R-HSA-72766,Translation,-15,83,26,24156,291,8,8,1e+02,12,6134|6171|6194|6209|6233|9045|11224|23521,RPL10|RPL41|RPS6|RPS15|RPS27A|RPL14|RPL35|RPL13A,-13
Input ID_MCODE_ALL,GO Biological Processes,19,GO:0090150,establishment of protein localization to membrane,-15,74,24,24156,326,8,8,1e+02,12,6134|6171|6194|6209|6233|9045|11224|23521,RPL10|RPL41|RPS6|RPS15|RPS27A|RPL14|RPL35|RPL13A,-13
Input ID_MCODE_ALL,GO Biological Processes,19,GO:0006402,mRNA catabolic process,-15,65,23,24156,370,8,8,1e+02,12,6134|6171|6194|6209|6233|9045|11224|23521,RPL10|RPL41|RPS6|RPS15|RPS27A|RPL14|RPL35|RPL13A,-12
Input ID_MCODE_ALL,Reactome Gene Sets,6,R-HSA-71291,Metabolism of amino acids and derivatives,-15,65,23,24156,374,8,8,1e+02,12,6134|6171|6194|6209|6233|9045|11224|23521,RPL10|RPL41|RPS6|RPS15|RPS27A|RPL14|RPL35|RPL13A,-12
Input ID_MCODE_ALL,GO Biological Processes,19,GO:0006401,RNA catabolic process,-14,59,21,24156,412,8,8,1e+02,12,6134|6171|6194|6209|6233|9045|11224|23521,RPL10|RPL41|RPS6|RPS15|RPS27A|RPL14|RPL35|RPL13A,-12
Input ID_MCODE_ALL,GO Biological Processes,19,GO:0006605,protein targeting,-14,57,21,24156,426,8,8,1e+02,12,6134|6171|6194|6209|6233|9045|11224|23521,RPL10|RPL41|RPS6|RPS15|RPS27A|RPL14|RPL35|RPL13A,-12
Input ID_MCODE_ALL,GO Biological Processes,19,GO:0072594,establishment of protein localization to organelle,-13,44,19,24156,548,8,8,1e+02,12,6134|6171|6194|6209|6233|9045|11224|23521,RPL10|RPL41|RPS6|RPS15|RPS27A|RPL14|RPL35|RPL13A,-11
Input ID_MCODE_ALL,Reactome Gene Sets,6,R-HSA-422475,Axon guidance,-13,44,18,24156,552,8,8,1e+02,12,6134|6171|6194|6209|6233|9045|11224|23521,RPL10|RPL41|RPS6|RPS15|RPS27A|RPL14|RPL35|RPL13A,-11
Input ID_MCODE_ALL,Reactome Gene Sets,6,R-HSA-9675108,Nervous system development,-13,42,18,24156,577,8,8,1e+02,12,6134|6171|6194|6209|6233|9045|11224|23521,RPL10|RPL41|RPS6|RPS15|RPS27A|RPL14|RPL35|RPL13A,-11
Input ID_MCODE_ALL,Reactome Gene Sets,6,R-HSA-2262752,Cellular responses to stress,-13,41,18,24156,585,8,8,1e+02,12,6134|6171|6194|6209|6233|9045|11224|23521,RPL10|RPL41|RPS6|RPS15|RPS27A|RPL14|RPL35|RPL13A,-11
Input ID_MCODE_ALL,Reactome Gene Sets,6,R-HSA-8953897,Cellular responses to external stimuli,-13,40,18,24156,599,8,8,1e+02,12,6134|6171|6194|6209|6233|9045|11224|23521,RPL10|RPL41|RPS6|RPS15|RPS27A|RPL14|RPL35|RPL13A,-11
Input ID_MCODE_ALL,CORUM,33,CORUM:3055,Nop56p-associated pre-rRNA complex,-13,1.7e+02,32,24156,104,8,6,75,15,6134|6194|6209|9045|11224|23521,RPL10|RPS6|RPS15|RPL14|RPL35|RPL13A,-11
Input ID_MCODE_ALL,GO Biological Processes,19,GO:0072657,protein localization to membrane,-13,39,17,24156,625,8,8,1e+02,12,6134|6171|6194|6209|6233|9045|11224|23521,RPL10|RPL41|RPS6|RPS15|RPS27A|RPL14|RPL35|RPL13A,-11
Input ID_MCODE_ALL,GO Biological Processes,19,GO:0034655,nucleobase-containing compound catabolic process,-13,36,17,24156,664,8,8,1e+02,12,6134|6171|6194|6209|6233|9045|11224|23521,RPL10|RPL41|RPS6|RPS15|RPS27A|RPL14|RPL35|RPL13A,-10
Input ID_MCODE_ALL,Reactome Gene Sets,6,R-HSA-8953854,Metabolism of RNA,-12,36,17,24156,675,8,8,1e+02,12,6134|6171|6194|6209|6233|9045|11224|23521,RPL10|RPL41|RPS6|RPS15|RPS27A|RPL14|RPL35|RPL13A,-10
Input ID_MCODE_ALL,GO Biological Processes,19,GO:0046700,heterocycle catabolic process,-12,34,16,24156,717,8,8,1e+02,12,6134|6171|6194|6209|6233|9045|11224|23521,RPL10|RPL41|RPS6|RPS15|RPS27A|RPL14|RPL35|RPL13A,-10
Input ID_MCODE_ALL,GO Biological Processes,19,GO:0044270,cellular nitrogen compound catabolic process,-12,34,16,24156,718,8,8,1e+02,12,6134|6171|6194|6209|6233|9045|11224|23521,RPL10|RPL41|RPS6|RPS15|RPS27A|RPL14|RPL35|RPL13A,-10
Input ID_MCODE_ALL,GO Biological Processes,19,GO:0006412,translation,-12,33,16,24156,723,8,8,1e+02,12,6134|6171|6194|6209|6233|9045|11224|23521,RPL10|RPL41|RPS6|RPS15|RPS27A|RPL14|RPL35|RPL13A,-10
Input ID_MCODE_ALL,GO Biological Processes,19,GO:0019439,aromatic compound catabolic process,-12,33,16,24156,730,8,8,1e+02,12,6134|6171|6194|6209|6233|9045|11224|23521,RPL10|RPL41|RPS6|RPS15|RPS27A|RPL14|RPL35|RPL13A,-10
Input ID_MCODE_ALL,GO Biological Processes,19,GO:0043043,peptide biosynthetic process,-12,32,16,24156,749,8,8,1e+02,12,6134|6171|6194|6209|6233|9045|11224|23521,RPL10|RPL41|RPS6|RPS15|RPS27A|RPL14|RPL35|RPL13A,-9.9
Input ID_MCODE_ALL,GO Biological Processes,19,GO:1901361,organic cyclic compound catabolic process,-12,31,16,24156,768,8,8,1e+02,12,6134|6171|6194|6209|6233|9045|11224|23521,RPL10|RPL41|RPS6|RPS15|RPS27A|RPL14|RPL35|RPL13A,-9.9
Input ID_MCODE_ALL,CORUM,33,CORUM:308,"60S ribosomal subunit, cytoplasmic",-12,3.2e+02,40,24156,47,8,5,62,17,6134|6171|9045|11224|23521,RPL10|RPL41|RPL14|RPL35|RPL13A,-9.8
Input ID_MCODE_ALL,GO Biological Processes,19,GO:0022613,ribonucleoprotein complex biogenesis,-8.9,39,15,24156,462,8,6,75,15,6134|6194|6209|9045|11224|23521,RPL10|RPS6|RPS15|RPL14|RPL35|RPL13A,-6.8
Input ID_MCODE_ALL,GO Biological Processes,19,GO:0042254,ribosome biogenesis,-7.8,51,16,24156,298,8,5,62,17,6134|6194|6209|9045|11224,RPL10|RPS6|RPS15|RPL14|RPL35,-5.8
Input ID_MCODE_ALL,CORUM,33,CORUM:338,"40S ribosomal subunit, cytoplasmic",-7,2.9e+02,30,24156,31,8,3,38,17,6194|6209|6233,RPS6|RPS15|RPS27A,-4.9
Input ID_MCODE_ALL,CORUM,33,CORUM:305,"40S ribosomal subunit, cytoplasmic",-6.9,2.7e+02,29,24156,33,8,3,38,17,6194|6209|6233,RPS6|RPS15|RPS27A,-4.8
Input ID_MCODE_ALL,GO Biological Processes,19,GO:0006364,rRNA processing,-6.4,56,15,24156,217,8,4,50,18,6194|6209|9045|11224,RPS6|RPS15|RPL14|RPL35,-4.3
Input ID_MCODE_ALL,Reactome Gene Sets,6,R-HSA-72695,"Formation of the ternary complex, and subsequently, the 43S complex",-6.3,1.8e+02,23,24156,51,8,3,38,17,6194|6209|6233,RPS6|RPS15|RPS27A,-4.3
Input ID_MCODE_ALL,Reactome Gene Sets,6,R-HSA-72702,Ribosomal scanning and start codon recognition,-6.1,1.6e+02,22,24156,58,8,3,38,17,6194|6209|6233,RPS6|RPS15|RPS27A,-4.1
Input ID_MCODE_ALL,Reactome Gene Sets,6,R-HSA-72649,Translation initiation complex formation,-6.1,1.6e+02,22,24156,58,8,3,38,17,6194|6209|6233,RPS6|RPS15|RPS27A,-4.1
Input ID_MCODE_ALL,Reactome Gene Sets,6,R-HSA-72662,"Activation of the mRNA upon binding of the cap-binding complex and eIFs, and subsequent binding to 4",-6.1,1.5e+02,21,24156,59,8,3,38,17,6194|6209|6233,RPS6|RPS15|RPS27A,-4.1
Input ID_MCODE_ALL,GO Biological Processes,19,GO:0016072,rRNA metabolic process,-6.1,47,14,24156,256,8,4,50,18,6194|6209|9045|11224,RPS6|RPS15|RPL14|RPL35,-4
Input ID_MCODE_ALL,GO Biological Processes,19,GO:0042273,ribosomal large subunit biogenesis,-5.8,1.2e+02,19,24156,74,8,3,38,17,6134|9045|11224,RPL10|RPL14|RPL35,-3.8
Input ID_MCODE_ALL,GO Biological Processes,19,GO:0034470,ncRNA processing,-5.4,32,11,24156,383,8,4,50,18,6194|6209|9045|11224,RPS6|RPS15|RPL14|RPL35,-3.4
Input ID_MCODE_ALL,GO Biological Processes,19,GO:0034660,ncRNA metabolic process,-4.7,21,8.9,24156,564,8,4,50,18,6194|6209|9045|11224,RPS6|RPS15|RPL14|RPL35,-2.7
Input ID_MCODE_ALL,GO Biological Processes,19,GO:0022618,ribonucleoprotein complex assembly,-4.3,38,11,24156,236,8,3,38,17,6134|6209|23521,RPL10|RPS15|RPL13A,-2.3
Input ID_MCODE_ALL,GO Biological Processes,19,GO:0071826,ribonucleoprotein complex subunit organization,-4.2,36,10,24156,250,8,3,38,17,6134|6209|23521,RPL10|RPS15|RPL13A,-2.2
Input ID_SUB1_MCODE_1,CORUM,33,CORUM:306,"Ribosome, cytoplasmic",-20,3e+02,49,24156,80,8,8,1e+02,12,6134|6171|6194|6209|6233|9045|11224|23521,RPL10|RPL41|RPS6|RPS15|RPS27A|RPL14|RPL35|RPL13A,-16
Input ID_SUB1_MCODE_1,Reactome Gene Sets,6,R-HSA-156902,Peptide chain elongation,-20,2.7e+02,47,24156,89,8,8,1e+02,12,6134|6171|6194|6209|6233|9045|11224|23521,RPL10|RPL41|RPS6|RPS15|RPS27A|RPL14|RPL35|RPL13A,-16
Input ID_SUB1_MCODE_1,Reactome Gene Sets,6,R-HSA-2408557,Selenocysteine synthesis,-19,2.6e+02,46,24156,93,8,8,1e+02,12,6134|6171|6194|6209|6233|9045|11224|23521,RPL10|RPL41|RPS6|RPS15|RPS27A|RPL14|RPL35|RPL13A,-16
Input ID_SUB1_MCODE_1,Reactome Gene Sets,6,R-HSA-156842,Eukaryotic Translation Elongation,-19,2.6e+02,46,24156,93,8,8,1e+02,12,6134|6171|6194|6209|6233|9045|11224|23521,RPL10|RPL41|RPS6|RPS15|RPS27A|RPL14|RPL35|RPL13A,-16
Input ID_SUB1_MCODE_1,Reactome Gene Sets,6,R-HSA-72764,Eukaryotic Translation Termination,-19,2.6e+02,46,24156,93,8,8,1e+02,12,6134|6171|6194|6209|6233|9045|11224|23521,RPL10|RPL41|RPS6|RPS15|RPS27A|RPL14|RPL35|RPL13A,-16
Input ID_SUB1_MCODE_1,Reactome Gene Sets,6,R-HSA-975956,Nonsense Mediated Decay (NMD) independent of the Exon Junction Complex (EJC),-19,2.5e+02,45,24156,95,8,8,1e+02,12,6134|6171|6194|6209|6233|9045|11224|23521,RPL10|RPL41|RPS6|RPS15|RPS27A|RPL14|RPL35|RPL13A,-16
Input ID_SUB1_MCODE_1,GO Biological Processes,19,GO:0006614,SRP-dependent cotranslational protein targeting to membrane,-19,2.5e+02,45,24156,95,8,8,1e+02,12,6134|6171|6194|6209|6233|9045|11224|23521,RPL10|RPL41|RPS6|RPS15|RPS27A|RPL14|RPL35|RPL13A,-16
Input ID_SUB1_MCODE_1,GO Biological Processes,19,GO:0006613,cotranslational protein targeting to membrane,-19,2.4e+02,44,24156,99,8,8,1e+02,12,6134|6171|6194|6209|6233|9045|11224|23521,RPL10|RPL41|RPS6|RPS15|RPS27A|RPL14|RPL35|RPL13A,-16
Input ID_SUB1_MCODE_1,Reactome Gene Sets,6,R-HSA-192823,Viral mRNA Translation,-19,2.4e+02,44,24156,100,8,8,1e+02,12,6134|6171|6194|6209|6233|9045|11224|23521,RPL10|RPL41|RPS6|RPS15|RPS27A|RPL14|RPL35|RPL13A,-16
Input ID_SUB1_MCODE_1,Reactome Gene Sets,6,R-HSA-9633012,Response of EIF2AK4 (GCN2) to amino acid deficiency,-19,2.4e+02,44,24156,101,8,8,1e+02,12,6134|6171|6194|6209|6233|9045|11224|23521,RPL10|RPL41|RPS6|RPS15|RPS27A|RPL14|RPL35|RPL13A,-16
Input ID_SUB1_MCODE_1,Reactome Gene Sets,6,R-HSA-72689,Formation of a pool of free 40S subunits,-19,2.4e+02,44,24156,101,8,8,1e+02,12,6134|6171|6194|6209|6233|9045|11224|23521,RPL10|RPL41|RPS6|RPS15|RPS27A|RPL14|RPL35|RPL13A,-16
Input ID_SUB1_MCODE_1,GO Biological Processes,19,GO:0045047,protein targeting to ER,-19,2.2e+02,42,24156,109,8,8,1e+02,12,6134|6171|6194|6209|6233|9045|11224|23521,RPL10|RPL41|RPS6|RPS15|RPS27A|RPL14|RPL35|RPL13A,-16
Input ID_SUB1_MCODE_1,Reactome Gene Sets,6,R-HSA-156827,L13a-mediated translational silencing of Ceruloplasmin expression,-19,2.2e+02,42,24156,111,8,8,1e+02,12,6134|6171|6194|6209|6233|9045|11224|23521,RPL10|RPL41|RPS6|RPS15|RPS27A|RPL14|RPL35|RPL13A,-16
Input ID_SUB1_MCODE_1,Reactome Gene Sets,6,R-HSA-72706,GTP hydrolysis and joining of the 60S ribosomal subunit,-19,2.2e+02,41,24156,112,8,8,1e+02,12,6134|6171|6194|6209|6233|9045|11224|23521,RPL10|RPL41|RPS6|RPS15|RPS27A|RPL14|RPL35|RPL13A,-16
Input ID_SUB1_MCODE_1,Reactome Gene Sets,6,R-HSA-1799339,SRP-dependent cotranslational protein targeting to membrane,-19,2.2e+02,41,24156,112,8,8,1e+02,12,6134|6171|6194|6209|6233|9045|11224|23521,RPL10|RPL41|RPS6|RPS15|RPS27A|RPL14|RPL35|RPL13A,-16
Input ID_SUB1_MCODE_1,GO Biological Processes,19,GO:0072599,establishment of protein localization to endoplasmic reticulum,-19,2.1e+02,41,24156,113,8,8,1e+02,12,6134|6171|6194|6209|6233|9045|11224|23521,RPL10|RPL41|RPS6|RPS15|RPS27A|RPL14|RPL35|RPL13A,-16
Input ID_SUB1_MCODE_1,Reactome Gene Sets,6,R-HSA-975957,Nonsense Mediated Decay (NMD) enhanced by the Exon Junction Complex (EJC),-19,2.1e+02,41,24156,115,8,8,1e+02,12,6134|6171|6194|6209|6233|9045|11224|23521,RPL10|RPL41|RPS6|RPS15|RPS27A|RPL14|RPL35|RPL13A,-16
Input ID_SUB1_MCODE_1,Reactome Gene Sets,6,R-HSA-927802,Nonsense-Mediated Decay (NMD),-19,2.1e+02,41,24156,115,8,8,1e+02,12,6134|6171|6194|6209|6233|9045|11224|23521,RPL10|RPL41|RPS6|RPS15|RPS27A|RPL14|RPL35|RPL13A,-16
Input ID_SUB1_MCODE_1,Reactome Gene Sets,6,R-HSA-2408522,Selenoamino acid metabolism,-19,2e+02,40,24156,118,8,8,1e+02,12,6134|6171|6194|6209|6233|9045|11224|23521,RPL10|RPL41|RPS6|RPS15|RPS27A|RPL14|RPL35|RPL13A,-16
Input ID_SUB1_MCODE_1,Reactome Gene Sets,6,R-HSA-72613,Eukaryotic Translation Initiation,-19,2e+02,40,24156,119,8,8,1e+02,12,6134|6171|6194|6209|6233|9045|11224|23521,RPL10|RPL41|RPS6|RPS15|RPS27A|RPL14|RPL35|RPL13A,-16
Input ID_SUB1_MCODE_1,Reactome Gene Sets,6,R-HSA-72737,Cap-dependent Translation Initiation,-19,2e+02,40,24156,119,8,8,1e+02,12,6134|6171|6194|6209|6233|9045|11224|23521,RPL10|RPL41|RPS6|RPS15|RPS27A|RPL14|RPL35|RPL13A,-16
Input ID_SUB1_MCODE_1,GO Biological Processes,19,GO:0000184,"nuclear-transcribed mRNA catabolic process, nonsense-mediated decay",-19,2e+02,40,24156,120,8,8,1e+02,12,6134|6171|6194|6209|6233|9045|11224|23521,RPL10|RPL41|RPS6|RPS15|RPS27A|RPL14|RPL35|RPL13A,-16
Input ID_SUB1_MCODE_1,GO Biological Processes,19,GO:0070972,protein localization to endoplasmic reticulum,-18,1.7e+02,37,24156,139,8,8,1e+02,12,6134|6171|6194|6209|6233|9045|11224|23521,RPL10|RPL41|RPS6|RPS15|RPS27A|RPL14|RPL35|RPL13A,-15
Input ID_SUB1_MCODE_1,Reactome Gene Sets,6,R-HSA-168273,Influenza Viral RNA Transcription and Replication,-18,1.7e+02,36,24156,145,8,8,1e+02,12,6134|6171|6194|6209|6233|9045|11224|23521,RPL10|RPL41|RPS6|RPS15|RPS27A|RPL14|RPL35|RPL13A,-15
Input ID_SUB1_MCODE_1,KEGG Pathway,24,hsa03010,Ribosome,-18,1.6e+02,35,24156,153,8,8,1e+02,12,6134|6171|6194|6209|6233|9045|11224|23521,RPL10|RPL41|RPS6|RPS15|RPS27A|RPL14|RPL35|RPL13A,-15
Input ID_SUB1_MCODE_1,Reactome Gene Sets,6,R-HSA-168255,Influenza Infection,-17,1.5e+02,34,24156,166,8,8,1e+02,12,6134|6171|6194|6209|6233|9045|11224|23521,RPL10|RPL41|RPS6|RPS15|RPS27A|RPL14|RPL35|RPL13A,-15
Input ID_SUB1_MCODE_1,Reactome Gene Sets,6,R-HSA-9010553,Regulation of expression of SLITs and ROBOs,-17,1.4e+02,34,24156,171,8,8,1e+02,12,6134|6171|6194|6209|6233|9045|11224|23521,RPL10|RPL41|RPS6|RPS15|RPS27A|RPL14|RPL35|RPL13A,-15
Input ID_SUB1_MCODE_1,GO Biological Processes,19,GO:0019083,viral transcription,-17,1.4e+02,33,24156,177,8,8,1e+02,12,6134|6171|6194|6209|6233|9045|11224|23521,RPL10|RPL41|RPS6|RPS15|RPS27A|RPL14|RPL35|RPL13A,-15
Input ID_SUB1_MCODE_1,Reactome Gene Sets,6,R-HSA-6791226,Major pathway of rRNA processing in the nucleolus and cytosol,-17,1.3e+02,32,24156,186,8,8,1e+02,12,6134|6171|6194|6209|6233|9045|11224|23521,RPL10|RPL41|RPS6|RPS15|RPS27A|RPL14|RPL35|RPL13A,-14
Input ID_SUB1_MCODE_1,GO Biological Processes,19,GO:0006413,translational initiation,-17,1.3e+02,32,24156,192,8,8,1e+02,12,6134|6171|6194|6209|6233|9045|11224|23521,RPL10|RPL41|RPS6|RPS15|RPS27A|RPL14|RPL35|RPL13A,-14
Input ID_SUB1_MCODE_1,GO Biological Processes,19,GO:0019080,viral gene expression,-17,1.2e+02,31,24156,194,8,8,1e+02,12,6134|6171|6194|6209|6233|9045|11224|23521,RPL10|RPL41|RPS6|RPS15|RPS27A|RPL14|RPL35|RPL13A,-14
Input ID_SUB1_MCODE_1,GO Biological Processes,19,GO:0006612,protein targeting to membrane,-17,1.2e+02,31,24156,194,8,8,1e+02,12,6134|6171|6194|6209|6233|9045|11224|23521,RPL10|RPL41|RPS6|RPS15|RPS27A|RPL14|RPL35|RPL13A,-14
Input ID_SUB1_MCODE_1,Reactome Gene Sets,6,R-HSA-8868773,rRNA processing in the nucleus and cytosol,-17,1.2e+02,31,24156,196,8,8,1e+02,12,6134|6171|6194|6209|6233|9045|11224|23521,RPL10|RPL41|RPS6|RPS15|RPS27A|RPL14|RPL35|RPL13A,-14
Input ID_SUB1_MCODE_1,Reactome Gene Sets,6,R-HSA-72312,rRNA processing,-17,1.2e+02,31,24156,206,8,8,1e+02,12,6134|6171|6194|6209|6233|9045|11224|23521,RPL10|RPL41|RPS6|RPS15|RPS27A|RPL14|RPL35|RPL13A,-14
Input ID_SUB1_MCODE_1,GO Biological Processes,19,GO:0000956,nuclear-transcribed mRNA catabolic process,-17,1.2e+02,30,24156,210,8,8,1e+02,12,6134|6171|6194|6209|6233|9045|11224|23521,RPL10|RPL41|RPS6|RPS15|RPS27A|RPL14|RPL35|RPL13A,-14
Input ID_SUB1_MCODE_1,Reactome Gene Sets,6,R-HSA-376176,Signaling by ROBO receptors,-16,1.1e+02,30,24156,218,8,8,1e+02,12,6134|6171|6194|6209|6233|9045|11224|23521,RPL10|RPL41|RPS6|RPS15|RPS27A|RPL14|RPL35|RPL13A,-14
Input ID_SUB1_MCODE_1,Reactome Gene Sets,6,R-HSA-72766,Translation,-15,83,26,24156,291,8,8,1e+02,12,6134|6171|6194|6209|6233|9045|11224|23521,RPL10|RPL41|RPS6|RPS15|RPS27A|RPL14|RPL35|RPL13A,-13
Input ID_SUB1_MCODE_1,GO Biological Processes,19,GO:0090150,establishment of protein localization to membrane,-15,74,24,24156,326,8,8,1e+02,12,6134|6171|6194|6209|6233|9045|11224|23521,RPL10|RPL41|RPS6|RPS15|RPS27A|RPL14|RPL35|RPL13A,-13
Input ID_SUB1_MCODE_1,GO Biological Processes,19,GO:0006402,mRNA catabolic process,-15,65,23,24156,370,8,8,1e+02,12,6134|6171|6194|6209|6233|9045|11224|23521,RPL10|RPL41|RPS6|RPS15|RPS27A|RPL14|RPL35|RPL13A,-12
Input ID_SUB1_MCODE_1,Reactome Gene Sets,6,R-HSA-71291,Metabolism of amino acids and derivatives,-15,65,23,24156,374,8,8,1e+02,12,6134|6171|6194|6209|6233|9045|11224|23521,RPL10|RPL41|RPS6|RPS15|RPS27A|RPL14|RPL35|RPL13A,-12
Input ID_SUB1_MCODE_1,GO Biological Processes,19,GO:0006401,RNA catabolic process,-14,59,21,24156,412,8,8,1e+02,12,6134|6171|6194|6209|6233|9045|11224|23521,RPL10|RPL41|RPS6|RPS15|RPS27A|RPL14|RPL35|RPL13A,-12
Input ID_SUB1_MCODE_1,GO Biological Processes,19,GO:0006605,protein targeting,-14,57,21,24156,426,8,8,1e+02,12,6134|6171|6194|6209|6233|9045|11224|23521,RPL10|RPL41|RPS6|RPS15|RPS27A|RPL14|RPL35|RPL13A,-12
Input ID_SUB1_MCODE_1,GO Biological Processes,19,GO:0072594,establishment of protein localization to organelle,-13,44,19,24156,548,8,8,1e+02,12,6134|6171|6194|6209|6233|9045|11224|23521,RPL10|RPL41|RPS6|RPS15|RPS27A|RPL14|RPL35|RPL13A,-11
Input ID_SUB1_MCODE_1,Reactome Gene Sets,6,R-HSA-422475,Axon guidance,-13,44,18,24156,552,8,8,1e+02,12,6134|6171|6194|6209|6233|9045|11224|23521,RPL10|RPL41|RPS6|RPS15|RPS27A|RPL14|RPL35|RPL13A,-11
Input ID_SUB1_MCODE_1,Reactome Gene Sets,6,R-HSA-9675108,Nervous system development,-13,42,18,24156,577,8,8,1e+02,12,6134|6171|6194|6209|6233|9045|11224|23521,RPL10|RPL41|RPS6|RPS15|RPS27A|RPL14|RPL35|RPL13A,-11
Input ID_SUB1_MCODE_1,Reactome Gene Sets,6,R-HSA-2262752,Cellular responses to stress,-13,41,18,24156,585,8,8,1e+02,12,6134|6171|6194|6209|6233|9045|11224|23521,RPL10|RPL41|RPS6|RPS15|RPS27A|RPL14|RPL35|RPL13A,-11
Input ID_SUB1_MCODE_1,Reactome Gene Sets,6,R-HSA-8953897,Cellular responses to external stimuli,-13,40,18,24156,599,8,8,1e+02,12,6134|6171|6194|6209|6233|9045|11224|23521,RPL10|RPL41|RPS6|RPS15|RPS27A|RPL14|RPL35|RPL13A,-11
Input ID_SUB1_MCODE_1,CORUM,33,CORUM:3055,Nop56p-associated pre-rRNA complex,-13,1.7e+02,32,24156,104,8,6,75,15,6134|6194|6209|9045|11224|23521,RPL10|RPS6|RPS15|RPL14|RPL35|RPL13A,-11
Input ID_SUB1_MCODE_1,GO Biological Processes,19,GO:0072657,protein localization to membrane,-13,39,17,24156,625,8,8,1e+02,12,6134|6171|6194|6209|6233|9045|11224|23521,RPL10|RPL41|RPS6|RPS15|RPS27A|RPL14|RPL35|RPL13A,-11
Input ID_SUB1_MCODE_1,GO Biological Processes,19,GO:0034655,nucleobase-containing compound catabolic process,-13,36,17,24156,664,8,8,1e+02,12,6134|6171|6194|6209|6233|9045|11224|23521,RPL10|RPL41|RPS6|RPS15|RPS27A|RPL14|RPL35|RPL13A,-10
Input ID_SUB1_MCODE_1,Reactome Gene Sets,6,R-HSA-8953854,Metabolism of RNA,-12,36,17,24156,675,8,8,1e+02,12,6134|6171|6194|6209|6233|9045|11224|23521,RPL10|RPL41|RPS6|RPS15|RPS27A|RPL14|RPL35|RPL13A,-10
Input ID_SUB1_MCODE_1,GO Biological Processes,19,GO:0046700,heterocycle catabolic process,-12,34,16,24156,717,8,8,1e+02,12,6134|6171|6194|6209|6233|9045|11224|23521,RPL10|RPL41|RPS6|RPS15|RPS27A|RPL14|RPL35|RPL13A,-10
Input ID_SUB1_MCODE_1,GO Biological Processes,19,GO:0044270,cellular nitrogen compound catabolic process,-12,34,16,24156,718,8,8,1e+02,12,6134|6171|6194|6209|6233|9045|11224|23521,RPL10|RPL41|RPS6|RPS15|RPS27A|RPL14|RPL35|RPL13A,-10
Input ID_SUB1_MCODE_1,GO Biological Processes,19,GO:0006412,translation,-12,33,16,24156,723,8,8,1e+02,12,6134|6171|6194|6209|6233|9045|11224|23521,RPL10|RPL41|RPS6|RPS15|RPS27A|RPL14|RPL35|RPL13A,-10
Input ID_SUB1_MCODE_1,GO Biological Processes,19,GO:0019439,aromatic compound catabolic process,-12,33,16,24156,730,8,8,1e+02,12,6134|6171|6194|6209|6233|9045|11224|23521,RPL10|RPL41|RPS6|RPS15|RPS27A|RPL14|RPL35|RPL13A,-10
Input ID_SUB1_MCODE_1,GO Biological Processes,19,GO:0043043,peptide biosynthetic process,-12,32,16,24156,749,8,8,1e+02,12,6134|6171|6194|6209|6233|9045|11224|23521,RPL10|RPL41|RPS6|RPS15|RPS27A|RPL14|RPL35|RPL13A,-9.9
Input ID_SUB1_MCODE_1,GO Biological Processes,19,GO:1901361,organic cyclic compound catabolic process,-12,31,16,24156,768,8,8,1e+02,12,6134|6171|6194|6209|6233|9045|11224|23521,RPL10|RPL41|RPS6|RPS15|RPS27A|RPL14|RPL35|RPL13A,-9.9
Input ID_SUB1_MCODE_1,CORUM,33,CORUM:308,"60S ribosomal subunit, cytoplasmic",-12,3.2e+02,40,24156,47,8,5,62,17,6134|6171|9045|11224|23521,RPL10|RPL41|RPL14|RPL35|RPL13A,-9.8
Input ID_SUB1_MCODE_1,GO Biological Processes,19,GO:0022613,ribonucleoprotein complex biogenesis,-8.9,39,15,24156,462,8,6,75,15,6134|6194|6209|9045|11224|23521,RPL10|RPS6|RPS15|RPL14|RPL35|RPL13A,-6.8
Input ID_SUB1_MCODE_1,GO Biological Processes,19,GO:0042254,ribosome biogenesis,-7.8,51,16,24156,298,8,5,62,17,6134|6194|6209|9045|11224,RPL10|RPS6|RPS15|RPL14|RPL35,-5.8
Input ID_SUB1_MCODE_1,CORUM,33,CORUM:338,"40S ribosomal subunit, cytoplasmic",-7,2.9e+02,30,24156,31,8,3,38,17,6194|6209|6233,RPS6|RPS15|RPS27A,-4.9
Input ID_SUB1_MCODE_1,CORUM,33,CORUM:305,"40S ribosomal subunit, cytoplasmic",-6.9,2.7e+02,29,24156,33,8,3,38,17,6194|6209|6233,RPS6|RPS15|RPS27A,-4.8
Input ID_SUB1_MCODE_1,GO Biological Processes,19,GO:0006364,rRNA processing,-6.4,56,15,24156,217,8,4,50,18,6194|6209|9045|11224,RPS6|RPS15|RPL14|RPL35,-4.3
Input ID_SUB1_MCODE_1,Reactome Gene Sets,6,R-HSA-72695,"Formation of the ternary complex, and subsequently, the 43S complex",-6.3,1.8e+02,23,24156,51,8,3,38,17,6194|6209|6233,RPS6|RPS15|RPS27A,-4.3
Input ID_SUB1_MCODE_1,Reactome Gene Sets,6,R-HSA-72649,Translation initiation complex formation,-6.1,1.6e+02,22,24156,58,8,3,38,17,6194|6209|6233,RPS6|RPS15|RPS27A,-4.1
Input ID_SUB1_MCODE_1,Reactome Gene Sets,6,R-HSA-72702,Ribosomal scanning and start codon recognition,-6.1,1.6e+02,22,24156,58,8,3,38,17,6194|6209|6233,RPS6|RPS15|RPS27A,-4.1
Input ID_SUB1_MCODE_1,Reactome Gene Sets,6,R-HSA-72662,"Activation of the mRNA upon binding of the cap-binding complex and eIFs, and subsequent binding to 4",-6.1,1.5e+02,21,24156,59,8,3,38,17,6194|6209|6233,RPS6|RPS15|RPS27A,-4.1
Input ID_SUB1_MCODE_1,GO Biological Processes,19,GO:0016072,rRNA metabolic process,-6.1,47,14,24156,256,8,4,50,18,6194|6209|9045|11224,RPS6|RPS15|RPL14|RPL35,-4
Input ID_SUB1_MCODE_1,GO Biological Processes,19,GO:0042273,ribosomal large subunit biogenesis,-5.8,1.2e+02,19,24156,74,8,3,38,17,6134|9045|11224,RPL10|RPL14|RPL35,-3.8
Input ID_SUB1_MCODE_1,GO Biological Processes,19,GO:0034470,ncRNA processing,-5.4,32,11,24156,383,8,4,50,18,6194|6209|9045|11224,RPS6|RPS15|RPL14|RPL35,-3.4
Input ID_SUB1_MCODE_1,GO Biological Processes,19,GO:0034660,ncRNA metabolic process,-4.7,21,8.9,24156,564,8,4,50,18,6194|6209|9045|11224,RPS6|RPS15|RPL14|RPL35,-2.7
Input ID_SUB1_MCODE_1,GO Biological Processes,19,GO:0022618,ribonucleoprotein complex assembly,-4.3,38,11,24156,236,8,3,38,17,6134|6209|23521,RPL10|RPS15|RPL13A,-2.3
Input ID_SUB1_MCODE_1,GO Biological Processes,19,GO:0071826,ribonucleoprotein complex subunit organization,-4.2,36,10,24156,250,8,3,38,17,6134|6209|23521,RPL10|RPS15|RPL13A,-2.2
