Name,Category,CategoryID,GO,Description,LogP,Enrichment,Z-score,#TotalGeneInLibrary,#GeneInGO,#GeneInHitList,#GeneInGOAndHitList,%InGO,STDV %InGO,GeneID,Hits,Log(q-value)
Input ID,Reactome Gene Sets,6,R-HSA-168255,Influenza Infection,-8.3,42,15,24156,166,21,6,29,9.9,3303|3320|6168|6223|6234|11224,HSPA1A|HSP90AA1|RPL37A|RPS19|RPS28|RPL35,-4.6
Input ID,KEGG Pathway,24,hsa04141,Protein processing in endoplasmic reticulum,-8.3,42,15,24156,166,21,6,29,9.9,1410|3300|3303|3309|3320|7184,CRYAB|DNAJB2|HSPA1A|HSPA5|HSP90AA1|HSP90B1,-4.6
Input ID,Reactome Gene Sets,6,R-HSA-2262752,Cellular responses to stress,-7.8,16,11,24156,585,21,8,38,11,1410|3303|3309|3320|6168|6223|6234|11224,CRYAB|HSPA1A|HSPA5|HSP90AA1|RPL37A|RPS19|RPS28|RPL35,-4.6
Input ID,Reactome Gene Sets,6,R-HSA-8953897,Cellular responses to external stimuli,-7.7,15,10,24156,599,21,8,38,11,1410|3303|3309|3320|6168|6223|6234|11224,CRYAB|HSPA1A|HSPA5|HSP90AA1|RPL37A|RPS19|RPS28|RPL35,-4.6
Input ID,GO Biological Processes,19,GO:0072657,protein localization to membrane,-7.5,15,10,24156,625,21,8,38,11,60|348|3309|3320|6168|6223|6234|11224,ACTB|APOE|HSPA5|HSP90AA1|RPL37A|RPS19|RPS28|RPL35,-4.6
Input ID,GO Biological Processes,19,GO:0006457,protein folding,-7.5,30,13,24156,228,21,6,29,9.9,1410|3300|3303|3309|3320|7184,CRYAB|DNAJB2|HSPA1A|HSPA5|HSP90AA1|HSP90B1,-4.6
Input ID,GO Biological Processes,19,GO:0045047,protein targeting to ER,-7.5,53,16,24156,109,21,5,24,9.3,3309|6168|6223|6234|11224,HSPA5|RPL37A|RPS19|RPS28|RPL35,-4.6
Input ID,GO Biological Processes,19,GO:0072599,establishment of protein localization to endoplasmic reticulum,-7.4,51,16,24156,113,21,5,24,9.3,3309|6168|6223|6234|11224,HSPA5|RPL37A|RPS19|RPS28|RPL35,-4.6
Input ID,GO Biological Processes,19,GO:0042026,protein refolding,-7.4,1.1e+02,21,24156,41,21,4,19,8.6,3300|3303|3309|3320,DNAJB2|HSPA1A|HSPA5|HSP90AA1,-4.6
Input ID,GO Biological Processes,19,GO:0070972,protein localization to endoplasmic reticulum,-7,41,14,24156,139,21,5,24,9.3,3309|6168|6223|6234|11224,HSPA5|RPL37A|RPS19|RPS28|RPL35,-4.4
Input ID,KEGG Pathway,24,hsa05418,Fluid shear stress and atherosclerosis,-6.9,41,14,24156,142,21,5,24,9.3,60|3320|4205|4208|7184,ACTB|HSP90AA1|MEF2A|MEF2C|HSP90B1,-4.4
Input ID,Reactome Gene Sets,6,R-HSA-168273,Influenza Viral RNA Transcription and Replication,-6.9,40,14,24156,145,21,5,24,9.3,3320|6168|6223|6234|11224,HSP90AA1|RPL37A|RPS19|RPS28|RPL35,-4.3
Input ID,GO Biological Processes,19,GO:0090150,establishment of protein localization to membrane,-6.6,21,11,24156,326,21,6,29,9.9,3309|3320|6168|6223|6234|11224,HSPA5|HSP90AA1|RPL37A|RPS19|RPS28|RPL35,-4.1
Input ID,GO Biological Processes,19,GO:0006986,response to unfolded protein,-6.4,32,12,24156,182,21,5,24,9.3,3300|3303|3309|3320|7184,DNAJB2|HSPA1A|HSPA5|HSP90AA1|HSP90B1,-3.9
Input ID,GO Biological Processes,19,GO:0006612,protein targeting to membrane,-6.2,30,12,24156,194,21,5,24,9.3,3309|6168|6223|6234|11224,HSPA5|RPL37A|RPS19|RPS28|RPL35,-3.8
Input ID,CORUM,33,CORUM:306,"Ribosome, cytoplasmic",-6.2,58,15,24156,80,21,4,19,8.6,6168|6223|6234|11224,RPL37A|RPS19|RPS28|RPL35,-3.8
Input ID,GO Biological Processes,19,GO:0035966,response to topologically incorrect protein,-6.1,28,12,24156,204,21,5,24,9.3,3300|3303|3309|3320|7184,DNAJB2|HSPA1A|HSPA5|HSP90AA1|HSP90B1,-3.8
Input ID,Reactome Gene Sets,6,R-HSA-3371556,Cellular response to heat stress,-6,52,14,24156,89,21,4,19,8.6,1410|3303|3309|3320,CRYAB|HSPA1A|HSPA5|HSP90AA1,-3.7
Input ID,Reactome Gene Sets,6,R-HSA-156902,Peptide chain elongation,-6,52,14,24156,89,21,4,19,8.6,6168|6223|6234|11224,RPL37A|RPS19|RPS28|RPL35,-3.7
Input ID,Reactome Gene Sets,6,R-HSA-3371571,HSF1-dependent transactivation,-5.9,1.4e+02,21,24156,24,21,3,14,7.6,1410|3303|3320,CRYAB|HSPA1A|HSP90AA1,-3.6
Input ID,Reactome Gene Sets,6,R-HSA-156842,Eukaryotic Translation Elongation,-5.9,49,14,24156,93,21,4,19,8.6,6168|6223|6234|11224,RPL37A|RPS19|RPS28|RPL35,-3.6
Input ID,Reactome Gene Sets,6,R-HSA-2408557,Selenocysteine synthesis,-5.9,49,14,24156,93,21,4,19,8.6,6168|6223|6234|11224,RPL37A|RPS19|RPS28|RPL35,-3.6
Input ID,Reactome Gene Sets,6,R-HSA-72764,Eukaryotic Translation Termination,-5.9,49,14,24156,93,21,4,19,8.6,6168|6223|6234|11224,RPL37A|RPS19|RPS28|RPL35,-3.6
Input ID,GO Biological Processes,19,GO:0006605,protein targeting,-5.9,16,9.3,24156,426,21,6,29,9.9,3309|3320|6168|6223|6234|11224,HSPA5|HSP90AA1|RPL37A|RPS19|RPS28|RPL35,-3.6
Input ID,Reactome Gene Sets,6,R-HSA-975956,Nonsense Mediated Decay (NMD) independent of the Exon Junction Complex (EJC),-5.9,48,14,24156,95,21,4,19,8.6,6168|6223|6234|11224,RPL37A|RPS19|RPS28|RPL35,-3.6
Input ID,GO Biological Processes,19,GO:0006614,SRP-dependent cotranslational protein targeting to membrane,-5.9,48,14,24156,95,21,4,19,8.6,6168|6223|6234|11224,RPL37A|RPS19|RPS28|RPL35,-3.6
Input ID,GO Biological Processes,19,GO:0097435,supramolecular fiber organization,-5.9,12,8.3,24156,698,21,7,33,10,348|1410|2670|3303|4205|4208|7184,APOE|CRYAB|GFAP|HSPA1A|MEF2A|MEF2C|HSP90B1,-3.6
Input ID,GO Biological Processes,19,GO:0006613,cotranslational protein targeting to membrane,-5.8,46,13,24156,99,21,4,19,8.6,6168|6223|6234|11224,RPL37A|RPS19|RPS28|RPL35,-3.6
Input ID,Reactome Gene Sets,6,R-HSA-192823,Viral mRNA Translation,-5.8,46,13,24156,100,21,4,19,8.6,6168|6223|6234|11224,RPL37A|RPS19|RPS28|RPL35,-3.5
Input ID,Reactome Gene Sets,6,R-HSA-9633012,Response of EIF2AK4 (GCN2) to amino acid deficiency,-5.8,46,13,24156,101,21,4,19,8.6,6168|6223|6234|11224,RPL37A|RPS19|RPS28|RPL35,-3.5
Input ID,Reactome Gene Sets,6,R-HSA-72689,Formation of a pool of free 40S subunits,-5.8,46,13,24156,101,21,4,19,8.6,6168|6223|6234|11224,RPL37A|RPS19|RPS28|RPL35,-3.5
Input ID,Reactome Gene Sets,6,R-HSA-156827,L13a-mediated translational silencing of Ceruloplasmin expression,-5.6,41,13,24156,111,21,4,19,8.6,6168|6223|6234|11224,RPL37A|RPS19|RPS28|RPL35,-3.4
Input ID,Reactome Gene Sets,6,R-HSA-72706,GTP hydrolysis and joining of the 60S ribosomal subunit,-5.6,41,13,24156,112,21,4,19,8.6,6168|6223|6234|11224,RPL37A|RPS19|RPS28|RPL35,-3.4
Input ID,Reactome Gene Sets,6,R-HSA-1799339,SRP-dependent cotranslational protein targeting to membrane,-5.6,41,13,24156,112,21,4,19,8.6,6168|6223|6234|11224,RPL37A|RPS19|RPS28|RPL35,-3.4
Input ID,Reactome Gene Sets,6,R-HSA-975957,Nonsense Mediated Decay (NMD) enhanced by the Exon Junction Complex (EJC),-5.6,40,12,24156,115,21,4,19,8.6,6168|6223|6234|11224,RPL37A|RPS19|RPS28|RPL35,-3.4
Input ID,Reactome Gene Sets,6,R-HSA-927802,Nonsense-Mediated Decay (NMD),-5.6,40,12,24156,115,21,4,19,8.6,6168|6223|6234|11224,RPL37A|RPS19|RPS28|RPL35,-3.4
Input ID,GO Biological Processes,19,GO:0043254,regulation of protein complex assembly,-5.6,14,8.7,24156,488,21,6,29,9.9,348|1410|2670|3303|3309|3320,APOE|CRYAB|GFAP|HSPA1A|HSPA5|HSP90AA1,-3.4
Input ID,Reactome Gene Sets,6,R-HSA-2408522,Selenoamino acid metabolism,-5.5,39,12,24156,118,21,4,19,8.6,6168|6223|6234|11224,RPL37A|RPS19|RPS28|RPL35,-3.3
Input ID,Reactome Gene Sets,6,R-HSA-72613,Eukaryotic Translation Initiation,-5.5,39,12,24156,119,21,4,19,8.6,6168|6223|6234|11224,RPL37A|RPS19|RPS28|RPL35,-3.3
Input ID,Reactome Gene Sets,6,R-HSA-72737,Cap-dependent Translation Initiation,-5.5,39,12,24156,119,21,4,19,8.6,6168|6223|6234|11224,RPL37A|RPS19|RPS28|RPL35,-3.3
Input ID,GO Biological Processes,19,GO:0000184,"nuclear-transcribed mRNA catabolic process, nonsense-mediated decay",-5.5,38,12,24156,120,21,4,19,8.6,6168|6223|6234|11224,RPL37A|RPS19|RPS28|RPL35,-3.3
Input ID,Reactome Gene Sets,6,R-HSA-9006934,Signaling by Receptor Tyrosine Kinases,-5.5,14,8.5,24156,506,21,6,29,9.9,60|348|2670|3320|4205|4208,ACTB|APOE|GFAP|HSP90AA1|MEF2A|MEF2C,-3.3
Input ID,GO Biological Processes,19,GO:0072594,establishment of protein localization to organelle,-5.3,13,8.1,24156,548,21,6,29,9.9,3309|3320|6168|6223|6234|11224,HSPA5|HSP90AA1|RPL37A|RPS19|RPS28|RPL35,-3.1
Input ID,Reactome Gene Sets,6,R-HSA-422475,Axon guidance,-5.3,13,8.1,24156,552,21,6,29,9.9,60|3320|6168|6223|6234|11224,ACTB|HSP90AA1|RPL37A|RPS19|RPS28|RPL35,-3.1
Input ID,GO Biological Processes,19,GO:0010035,response to inorganic substance,-5.2,12,8,24156,564,21,6,29,9.9,1410|3309|3778|4205|4208|10397,CRYAB|HSPA5|KCNMA1|MEF2A|MEF2C|NDRG1,-3
Input ID,Reactome Gene Sets,6,R-HSA-2173782,Binding and Uptake of Ligands by Scavenger Receptors,-5.2,82,16,24156,42,21,3,14,7.6,348|3320|7184,APOE|HSP90AA1|HSP90B1,-3
Input ID,GO Biological Processes,19,GO:1903364,positive regulation of cellular protein catabolic process,-5.2,32,11,24156,145,21,4,19,8.6,348|3300|3303|3320,APOE|DNAJB2|HSPA1A|HSP90AA1,-3
Input ID,GO Biological Processes,19,GO:0051592,response to calcium ion,-5.2,32,11,24156,146,21,4,19,8.6,3309|3778|4205|4208,HSPA5|KCNMA1|MEF2A|MEF2C,-3
Input ID,Reactome Gene Sets,6,R-HSA-9675108,Nervous system development,-5.1,12,7.9,24156,577,21,6,29,9.9,60|3320|6168|6223|6234|11224,ACTB|HSP90AA1|RPL37A|RPS19|RPS28|RPL35,-3
Input ID,KEGG Pathway,24,hsa03010,Ribosome,-5.1,30,11,24156,153,21,4,19,8.6,6168|6223|6234|11224,RPL37A|RPS19|RPS28|RPL35,-2.9
Input ID,GO Biological Processes,19,GO:0010038,response to metal ion,-4.9,16,8.4,24156,363,21,5,24,9.3,3309|3778|4205|4208|10397,HSPA5|KCNMA1|MEF2A|MEF2C|NDRG1,-2.8
Input ID,Reactome Gene Sets,6,R-HSA-9010553,Regulation of expression of SLITs and ROBOs,-4.9,27,10,24156,171,21,4,19,8.6,6168|6223|6234|11224,RPL37A|RPS19|RPS28|RPL35,-2.8
Input ID,GO Biological Processes,19,GO:0006402,mRNA catabolic process,-4.9,16,8.3,24156,370,21,5,24,9.3,3303|6168|6223|6234|11224,HSPA1A|RPL37A|RPS19|RPS28|RPL35,-2.7
Input ID,GO Biological Processes,19,GO:0019083,viral transcription,-4.8,26,9.8,24156,177,21,4,19,8.6,6168|6223|6234|11224,RPL37A|RPS19|RPS28|RPL35,-2.7
Input ID,GO Biological Processes,19,GO:0042176,regulation of protein catabolic process,-4.8,15,8.1,24156,390,21,5,24,9.3,348|2670|3300|3303|3320,APOE|GFAP|DNAJB2|HSPA1A|HSP90AA1,-2.6
Input ID,Reactome Gene Sets,6,R-HSA-6791226,Major pathway of rRNA processing in the nucleolus and cytosol,-4.7,25,9.6,24156,186,21,4,19,8.6,6168|6223|6234|11224,RPL37A|RPS19|RPS28|RPL35,-2.6
Input ID,GO Biological Processes,19,GO:0061077,chaperone-mediated protein folding,-4.7,58,13,24156,60,21,3,14,7.6,3300|3303|3309,DNAJB2|HSPA1A|HSPA5,-2.6
Input ID,GO Biological Processes,19,GO:0006413,translational initiation,-4.7,24,9.4,24156,192,21,4,19,8.6,6168|6223|6234|11224,RPL37A|RPS19|RPS28|RPL35,-2.6
Input ID,GO Biological Processes,19,GO:0019080,viral gene expression,-4.7,24,9.4,24156,194,21,4,19,8.6,6168|6223|6234|11224,RPL37A|RPS19|RPS28|RPL35,-2.6
Input ID,Reactome Gene Sets,6,R-HSA-8868773,rRNA processing in the nucleus and cytosol,-4.6,23,9.3,24156,196,21,4,19,8.6,6168|6223|6234|11224,RPL37A|RPS19|RPS28|RPL35,-2.5
Input ID,GO Biological Processes,19,GO:0006401,RNA catabolic process,-4.6,14,7.8,24156,412,21,5,24,9.3,3303|6168|6223|6234|11224,HSPA1A|RPL37A|RPS19|RPS28|RPL35,-2.5
Input ID,Reactome Gene Sets,6,R-HSA-72312,rRNA processing,-4.6,22,9.1,24156,206,21,4,19,8.6,6168|6223|6234|11224,RPL37A|RPS19|RPS28|RPL35,-2.5
Input ID,GO Biological Processes,19,GO:0002253,activation of immune response,-4.6,9.4,6.8,24156,731,21,6,29,9.9,2|60|3303|3320|4208|7184,A2M|ACTB|HSPA1A|HSP90AA1|MEF2C|HSP90B1,-2.5
Input ID,GO Biological Processes,19,GO:0031396,regulation of protein ubiquitination,-4.6,22,9,24156,207,21,4,19,8.6,3300|3303|3309|3320,DNAJB2|HSPA1A|HSPA5|HSP90AA1,-2.5
Input ID,GO Biological Processes,19,GO:0000956,nuclear-transcribed mRNA catabolic process,-4.5,22,9,24156,210,21,4,19,8.6,6168|6223|6234|11224,RPL37A|RPS19|RPS28|RPL35,-2.4
Input ID,GO Biological Processes,19,GO:0043393,regulation of protein binding,-4.5,22,8.9,24156,213,21,4,19,8.6,60|348|3300|4208,ACTB|APOE|DNAJB2|MEF2C,-2.4
Input ID,Reactome Gene Sets,6,R-HSA-376176,Signaling by ROBO receptors,-4.5,21,8.8,24156,218,21,4,19,8.6,6168|6223|6234|11224,RPL37A|RPS19|RPS28|RPL35,-2.4
Input ID,GO Biological Processes,19,GO:0045088,regulation of innate immune response,-4.5,13,7.4,24156,451,21,5,24,9.3,2|348|3303|6223|7184,A2M|APOE|HSPA1A|RPS19|HSP90B1,-2.4
Input ID,GO Biological Processes,19,GO:0045732,positive regulation of protein catabolic process,-4.4,21,8.7,24156,221,21,4,19,8.6,348|3300|3303|3320,APOE|DNAJB2|HSPA1A|HSP90AA1,-2.4
Input ID,GO Biological Processes,19,GO:1901361,organic cyclic compound catabolic process,-4.4,9,6.6,24156,768,21,6,29,9.9,348|3303|6168|6223|6234|11224,APOE|HSPA1A|RPL37A|RPS19|RPS28|RPL35,-2.4
Input ID,KEGG Pathway,24,hsa04612,Antigen processing and presentation,-4.4,45,11,24156,77,21,3,14,7.6,3303|3309|3320,HSPA1A|HSPA5|HSP90AA1,-2.3
Input ID,GO Biological Processes,19,GO:0044257,cellular protein catabolic process,-4.4,8.8,6.5,24156,786,21,6,29,9.9,348|3300|3303|3309|3320|7184,APOE|DNAJB2|HSPA1A|HSPA5|HSP90AA1|HSP90B1,-2.3
Input ID,GO Biological Processes,19,GO:1900034,regulation of cellular response to heat,-4.4,44,11,24156,79,21,3,14,7.6,1410|3303|3320,CRYAB|HSPA1A|HSP90AA1,-2.3
Input ID,GO Biological Processes,19,GO:0030433,ubiquitin-dependent ERAD pathway,-4.4,43,11,24156,80,21,3,14,7.6,3300|3309|7184,DNAJB2|HSPA5|HSP90B1,-2.3
Input ID,GO Biological Processes,19,GO:1903320,regulation of protein modification by small protein conjugation or removal,-4.3,19,8.4,24156,237,21,4,19,8.6,3300|3303|3309|3320,DNAJB2|HSPA1A|HSPA5|HSP90AA1,-2.3
Input ID,GO Biological Processes,19,GO:0010498,proteasomal protein catabolic process,-4.3,12,7.2,24156,480,21,5,24,9.3,348|3300|3303|3309|7184,APOE|DNAJB2|HSPA1A|HSPA5|HSP90B1,-2.3
Input ID,GO Biological Processes,19,GO:0071277,cellular response to calcium ion,-4.3,42,11,24156,82,21,3,14,7.6,3309|4205|4208,HSPA5|MEF2A|MEF2C,-2.3
Input ID,GO Biological Processes,19,GO:0016049,cell growth,-4.3,12,7.1,24156,490,21,5,24,9.3,348|1410|3300|3303|3320,APOE|CRYAB|DNAJB2|HSPA1A|HSP90AA1,-2.2
Input ID,GO Biological Processes,19,GO:0016358,dendrite development,-4.2,18,8.2,24156,249,21,4,19,8.6,348|4205|4208|57118,APOE|MEF2A|MEF2C|CAMK1D,-2.2
Input ID,GO Biological Processes,19,GO:1903362,regulation of cellular protein catabolic process,-4.2,18,8.1,24156,253,21,4,19,8.6,348|3300|3303|3320,APOE|DNAJB2|HSPA1A|HSP90AA1,-2.2
Input ID,KEGG Pathway,24,hsa04915,Estrogen signaling pathway,-4.1,35,10,24156,98,21,3,14,7.6,3303|3320|7184,HSPA1A|HSP90AA1|HSP90B1,-2
Input ID,GO Biological Processes,19,GO:0036503,ERAD pathway,-4,34,9.9,24156,101,21,3,14,7.6,3300|3309|7184,DNAJB2|HSPA5|HSP90B1,-2
Input ID,Reactome Gene Sets,6,R-HSA-72766,Translation,-4,16,7.5,24156,291,21,4,19,8.6,6168|6223|6234|11224,RPL37A|RPS19|RPS28|RPL35,-2
Input ID,GO Biological Processes,19,GO:0034976,response to endoplasmic reticulum stress,-4,16,7.5,24156,293,21,4,19,8.6,3300|3303|3309|7184,DNAJB2|HSPA1A|HSPA5|HSP90B1,-1.9
Input ID,GO Biological Processes,19,GO:0048667,cell morphogenesis involved in neuron differentiation,-3.9,9.6,6.3,24156,598,21,5,24,9.3,60|348|3320|4205|4208,ACTB|APOE|HSP90AA1|MEF2A|MEF2C,-1.9
Input ID,GO Biological Processes,19,GO:0046677,response to antibiotic,-3.8,14,7,24156,331,21,4,19,8.6,1410|3309|3320|4208,CRYAB|HSPA5|HSP90AA1|MEF2C,-1.8
Input ID,GO Biological Processes,19,GO:0002757,immune response-activating signal transduction,-3.7,8.9,6,24156,647,21,5,24,9.3,60|3303|3320|4208|7184,ACTB|HSPA1A|HSP90AA1|MEF2C|HSP90B1,-1.7
Input ID,GO Biological Processes,19,GO:0034605,cellular response to heat,-3.7,25,8.4,24156,136,21,3,14,7.6,1410|3303|3320,CRYAB|HSPA1A|HSP90AA1,-1.7
Input ID,GO Biological Processes,19,GO:0034655,nucleobase-containing compound catabolic process,-3.7,8.7,5.9,24156,664,21,5,24,9.3,3303|6168|6223|6234|11224,HSPA1A|RPL37A|RPS19|RPS28|RPL35,-1.7
Input ID,GO Biological Processes,19,GO:0001666,response to hypoxia,-3.6,13,6.7,24156,358,21,4,19,8.6,1410|3778|7184|10397,CRYAB|KCNMA1|HSP90B1|NDRG1,-1.6
Input ID,Reactome Gene Sets,6,R-HSA-8953854,Metabolism of RNA,-3.6,8.5,5.8,24156,675,21,5,24,9.3,3303|6168|6223|6234|11224,HSPA1A|RPL37A|RPS19|RPS28|RPL35,-1.6
Input ID,GO Biological Processes,19,GO:0002764,immune response-regulating signaling pathway,-3.6,8.4,5.8,24156,681,21,5,24,9.3,60|3303|3320|4208|7184,ACTB|HSPA1A|HSP90AA1|MEF2C|HSP90B1,-1.6
Input ID,GO Biological Processes,19,GO:0040008,regulation of growth,-3.6,8.4,5.8,24156,686,21,5,24,9.3,348|1410|3300|3303|4208,APOE|CRYAB|DNAJB2|HSPA1A|MEF2C,-1.6
Input ID,GO Biological Processes,19,GO:0034620,cellular response to unfolded protein,-3.6,24,8.1,24156,145,21,3,14,7.6,3303|3309|7184,HSPA1A|HSPA5|HSP90B1,-1.6
Input ID,GO Biological Processes,19,GO:0036293,response to decreased oxygen levels,-3.6,12,6.5,24156,370,21,4,19,8.6,1410|3778|7184|10397,CRYAB|KCNMA1|HSP90B1|NDRG1,-1.6
Input ID,GO Biological Processes,19,GO:1902903,regulation of supramolecular fiber organization,-3.6,12,6.5,24156,370,21,4,19,8.6,348|1410|3303|4208,APOE|CRYAB|HSPA1A|MEF2C,-1.6
Input ID,GO Biological Processes,19,GO:0051098,regulation of binding,-3.6,12,6.5,24156,370,21,4,19,8.6,60|348|3300|4208,ACTB|APOE|DNAJB2|MEF2C,-1.6
Input ID,GO Biological Processes,19,GO:0031331,positive regulation of cellular catabolic process,-3.6,12,6.5,24156,372,21,4,19,8.6,348|3300|3303|3320,APOE|DNAJB2|HSPA1A|HSP90AA1,-1.6
Input ID,Reactome Gene Sets,6,R-HSA-71291,Metabolism of amino acids and derivatives,-3.6,12,6.5,24156,374,21,4,19,8.6,6168|6223|6234|11224,RPL37A|RPS19|RPS28|RPL35,-1.6
Input ID,GO Biological Processes,19,GO:0035690,cellular response to drug,-3.6,12,6.5,24156,376,21,4,19,8.6,60|3309|4208|7184,ACTB|HSPA5|MEF2C|HSP90B1,-1.6
Input ID,GO Biological Processes,19,GO:0045666,positive regulation of neuron differentiation,-3.5,12,6.4,24156,380,21,4,19,8.6,348|3309|4208|57118,APOE|HSPA5|MEF2C|CAMK1D,-1.6
Input ID,KEGG Pathway,24,hsa04921,Oxytocin signaling pathway,-3.5,23,7.9,24156,152,21,3,14,7.6,60|4208|57118,ACTB|MEF2C|CAMK1D,-1.5
Input ID,GO Biological Processes,19,GO:0046700,heterocycle catabolic process,-3.5,8,5.6,24156,717,21,5,24,9.3,3303|6168|6223|6234|11224,HSPA1A|RPL37A|RPS19|RPS28|RPL35,-1.5
Input ID,GO Biological Processes,19,GO:0044270,cellular nitrogen compound catabolic process,-3.5,8,5.6,24156,718,21,5,24,9.3,3303|6168|6223|6234|11224,HSPA1A|RPL37A|RPS19|RPS28|RPL35,-1.5
Input ID,GO Biological Processes,19,GO:0050773,regulation of dendrite development,-3.5,22,7.8,24156,155,21,3,14,7.6,348|4208|57118,APOE|MEF2C|CAMK1D,-1.5
Input ID,GO Biological Processes,19,GO:0070482,response to oxygen levels,-3.5,12,6.3,24156,394,21,4,19,8.6,1410|3778|7184|10397,CRYAB|KCNMA1|HSP90B1|NDRG1,-1.5
Input ID,Reactome Gene Sets,6,R-HSA-168898,Toll-like Receptor Cascades,-3.5,22,7.8,24156,158,21,3,14,7.6,4205|4208|7184,MEF2A|MEF2C|HSP90B1,-1.5
Input ID,GO Biological Processes,19,GO:0051603,proteolysis involved in cellular protein catabolic process,-3.5,7.9,5.6,24156,729,21,5,24,9.3,348|3300|3303|3309|7184,APOE|DNAJB2|HSPA1A|HSPA5|HSP90B1,-1.5
Input ID,GO Biological Processes,19,GO:0019439,aromatic compound catabolic process,-3.5,7.9,5.6,24156,730,21,5,24,9.3,3303|6168|6223|6234|11224,HSPA1A|RPL37A|RPS19|RPS28|RPL35,-1.5
Input ID,KEGG Pathway,24,hsa04022,cGMP-PKG signaling pathway,-3.4,21,7.6,24156,163,21,3,14,7.6,3778|4205|4208,KCNMA1|MEF2A|MEF2C,-1.5
Input ID,GO Biological Processes,19,GO:0035967,cellular response to topologically incorrect protein,-3.4,21,7.6,24156,164,21,3,14,7.6,3303|3309|7184,HSPA1A|HSPA5|HSP90B1,-1.5
Input ID,GO Biological Processes,19,GO:0000904,cell morphogenesis involved in differentiation,-3.4,7.6,5.4,24156,756,21,5,24,9.3,60|348|3320|4205|4208,ACTB|APOE|HSP90AA1|MEF2A|MEF2C,-1.5
Input ID,GO Biological Processes,19,GO:0051129,negative regulation of cellular component organization,-3.4,7.5,5.4,24156,764,21,5,24,9.3,348|1410|3300|3303|3309,APOE|CRYAB|DNAJB2|HSPA1A|HSPA5,-1.4
Input ID,GO Biological Processes,19,GO:0001558,regulation of cell growth,-3.4,11,6.1,24156,421,21,4,19,8.6,348|1410|3300|3303,APOE|CRYAB|DNAJB2|HSPA1A,-1.4
Input ID,GO Biological Processes,19,GO:0099173,postsynapse organization,-3.4,20,7.4,24156,173,21,3,14,7.6,60|348|10397,ACTB|APOE|NDRG1,-1.4
Input ID,GO Biological Processes,19,GO:0043161,proteasome-mediated ubiquitin-dependent protein catabolic process,-3.4,11,6,24156,423,21,4,19,8.6,3300|3303|3309|7184,DNAJB2|HSPA1A|HSPA5|HSP90B1,-1.4
Input ID,GO Biological Processes,19,GO:0008285,negative regulation of cell proliferation,-3.4,7.4,5.4,24156,773,21,5,24,9.3,348|3300|3303|4208|10397,APOE|DNAJB2|HSPA1A|MEF2C|NDRG1,-1.4
Input ID,GO Biological Processes,19,GO:0009408,response to heat,-3.3,19,7.3,24156,177,21,3,14,7.6,1410|3303|3320,CRYAB|HSPA1A|HSP90AA1,-1.4
Input ID,GO Biological Processes,19,GO:0050808,synapse organization,-3.3,11,6,24156,431,21,4,19,8.6,60|348|4208|10397,ACTB|APOE|MEF2C|NDRG1,-1.4
Input ID,GO Biological Processes,19,GO:0009896,positive regulation of catabolic process,-3.3,11,5.9,24156,436,21,4,19,8.6,348|3300|3303|3320,APOE|DNAJB2|HSPA1A|HSP90AA1,-1.4
Input ID,GO Biological Processes,19,GO:0050821,protein stabilization,-3.3,19,7.1,24156,185,21,3,14,7.6,1410|3303|3320,CRYAB|HSPA1A|HSP90AA1,-1.3
Input ID,GO Biological Processes,19,GO:0030308,negative regulation of cell growth,-3.3,19,7.1,24156,186,21,3,14,7.6,1410|3300|3303,CRYAB|DNAJB2|HSPA1A,-1.3
Input ID,GO Biological Processes,19,GO:0061136,regulation of proteasomal protein catabolic process,-3.3,18,7,24156,188,21,3,14,7.6,348|3300|3303,APOE|DNAJB2|HSPA1A,-1.3
Input ID,GO Biological Processes,19,GO:0071248,cellular response to metal ion,-3.2,18,7,24156,191,21,3,14,7.6,3309|4205|4208,HSPA5|MEF2A|MEF2C,-1.3
Input ID,Reactome Gene Sets,6,R-HSA-449147,Signaling by Interleukins,-3.2,10,5.7,24156,461,21,4,19,8.6,3320|4205|4208|7184,HSP90AA1|MEF2A|MEF2C|HSP90B1,-1.3
Input ID,GO Biological Processes,19,GO:0022613,ribonucleoprotein complex biogenesis,-3.2,10,5.7,24156,462,21,4,19,8.6,3320|6223|6234|11224,HSP90AA1|RPS19|RPS28|RPL35,-1.3
Input ID,GO Biological Processes,19,GO:0003012,muscle system process,-3.2,10,5.7,24156,462,21,4,19,8.6,1410|3778|4205|4208,CRYAB|KCNMA1|MEF2A|MEF2C,-1.3
Input ID,GO Biological Processes,19,GO:0050769,positive regulation of neurogenesis,-3.1,9.5,5.6,24156,484,21,4,19,8.6,348|3309|4208|57118,APOE|HSPA5|MEF2C|CAMK1D,-1.2
Input ID,GO Biological Processes,19,GO:0006364,rRNA processing,-3.1,16,6.5,24156,217,21,3,14,7.6,6223|6234|11224,RPS19|RPS28|RPL35,-1.2
Input ID,GO Biological Processes,19,GO:0071241,cellular response to inorganic substance,-3.1,16,6.5,24156,219,21,3,14,7.6,3309|4205|4208,HSPA5|MEF2A|MEF2C,-1.2
Input ID,GO Biological Processes,19,GO:1903050,regulation of proteolysis involved in cellular protein catabolic process,-3.1,16,6.5,24156,220,21,3,14,7.6,348|3300|3303,APOE|DNAJB2|HSPA1A,-1.2
Input ID,GO Biological Processes,19,GO:0010975,regulation of neuron projection development,-3,9,5.4,24156,512,21,4,19,8.6,348|3309|4208|57118,APOE|HSPA5|MEF2C|CAMK1D,-1.1
Input ID,GO Biological Processes,19,GO:0031349,positive regulation of defense response,-3,8.9,5.4,24156,517,21,4,19,8.6,3303|4208|6223|7184,HSPA1A|MEF2C|RPS19|HSP90B1,-1.1
Input ID,GO Biological Processes,19,GO:0009636,response to toxic substance,-3,8.6,5.3,24156,533,21,4,19,8.6,60|348|1410|3778,ACTB|APOE|CRYAB|KCNMA1,-1.1
Input ID,GO Biological Processes,19,GO:0009991,response to extracellular stimulus,-3,8.6,5.2,24156,534,21,4,19,8.6,348|3309|6223|7184,APOE|HSPA5|RPS19|HSP90B1,-1.1
Input ID,GO Biological Processes,19,GO:0022618,ribonucleoprotein complex assembly,-3,15,6.2,24156,236,21,3,14,7.6,3320|6223|6234,HSP90AA1|RPS19|RPS28,-1.1
Input ID,GO Biological Processes,19,GO:0071407,cellular response to organic cyclic compound,-2.9,8.5,5.2,24156,544,21,4,19,8.6,60|3309|4208|7184,ACTB|HSPA5|MEF2C|HSP90B1,-1.1
Input ID,GO Biological Processes,19,GO:0051402,neuron apoptotic process,-2.9,14,6.1,24156,243,21,3,14,7.6,348|3309|4208,APOE|HSPA5|MEF2C,-1
Input ID,GO Biological Processes,19,GO:0009266,response to temperature stimulus,-2.9,14,6.1,24156,244,21,3,14,7.6,1410|3303|3320,CRYAB|HSPA1A|HSP90AA1,-1
Input ID,GO Biological Processes,19,GO:0051962,positive regulation of nervous system development,-2.9,8.3,5.1,24156,552,21,4,19,8.6,348|3309|4208|57118,APOE|HSPA5|MEF2C|CAMK1D,-1
Input ID,GO Biological Processes,19,GO:0048872,homeostasis of number of cells,-2.9,14,6.1,24156,246,21,3,14,7.6,3303|4208|6223,HSPA1A|MEF2C|RPS19,-1
Input ID,GO Biological Processes,19,GO:0071560,cellular response to transforming growth factor beta stimulus,-2.9,14,6,24156,247,21,3,14,7.6,3303|3309|4208,HSPA1A|HSPA5|MEF2C,-1
Input ID,GO Biological Processes,19,GO:0045926,negative regulation of growth,-2.9,14,6,24156,250,21,3,14,7.6,1410|3300|3303,CRYAB|DNAJB2|HSPA1A,-1
Input ID,GO Biological Processes,19,GO:0071826,ribonucleoprotein complex subunit organization,-2.9,14,6,24156,250,21,3,14,7.6,3320|6223|6234,HSP90AA1|RPS19|RPS28,-1
Input ID,GO Biological Processes,19,GO:0031348,negative regulation of defense response,-2.9,14,6,24156,252,21,3,14,7.6,2|348|6223,A2M|APOE|RPS19,-1
Input ID,GO Biological Processes,19,GO:0010720,positive regulation of cell development,-2.9,8.1,5.1,24156,567,21,4,19,8.6,348|3309|4208|57118,APOE|HSPA5|MEF2C|CAMK1D,-1
Input ID,GO Biological Processes,19,GO:0071559,response to transforming growth factor beta,-2.9,14,6,24156,253,21,3,14,7.6,3303|3309|4208,HSPA1A|HSPA5|MEF2C,-1
Input ID,GO Biological Processes,19,GO:0034762,regulation of transmembrane transport,-2.9,8,5,24156,572,21,4,19,8.6,60|3778|4205|4208,ACTB|KCNMA1|MEF2A|MEF2C,-0.99
Input ID,GO Biological Processes,19,GO:0016072,rRNA metabolic process,-2.9,13,5.9,24156,256,21,3,14,7.6,6223|6234|11224,RPS19|RPS28|RPL35,-0.99
Input ID,GO Biological Processes,19,GO:0071417,cellular response to organonitrogen compound,-2.8,7.7,4.9,24156,597,21,4,19,8.6,60|3309|4208|7184,ACTB|HSPA5|MEF2C|HSP90B1,-0.93
Input ID,Reactome Gene Sets,6,R-HSA-109582,Hemostasis,-2.7,7.4,4.8,24156,622,21,4,19,8.6,2|60|3309|3778,A2M|ACTB|HSPA5|KCNMA1,-0.87
Input ID,GO Biological Processes,19,GO:0006511,ubiquitin-dependent protein catabolic process,-2.7,7.3,4.7,24156,631,21,4,19,8.6,3300|3303|3309|7184,DNAJB2|HSPA1A|HSPA5|HSP90B1,-0.85
Input ID,GO Biological Processes,19,GO:0010976,positive regulation of neuron projection development,-2.7,12,5.5,24156,291,21,3,14,7.6,348|3309|57118,APOE|HSPA5|CAMK1D,-0.85
Input ID,GO Biological Processes,19,GO:0031647,regulation of protein stability,-2.7,12,5.5,24156,291,21,3,14,7.6,1410|3303|3320,CRYAB|HSPA1A|HSP90AA1,-0.85
Input ID,GO Biological Processes,19,GO:0019941,modification-dependent protein catabolic process,-2.7,7.2,4.7,24156,637,21,4,19,8.6,3300|3303|3309|7184,DNAJB2|HSPA1A|HSPA5|HSP90B1,-0.84
Input ID,GO Biological Processes,19,GO:0042254,ribosome biogenesis,-2.7,12,5.4,24156,298,21,3,14,7.6,6223|6234|11224,RPS19|RPS28|RPL35,-0.82
Input ID,GO Biological Processes,19,GO:0043632,modification-dependent macromolecule catabolic process,-2.7,7.1,4.6,24156,648,21,4,19,8.6,3300|3303|3309|7184,DNAJB2|HSPA1A|HSPA5|HSP90B1,-0.82
Input ID,GO Biological Processes,19,GO:0048812,neuron projection morphogenesis,-2.6,7,4.6,24156,658,21,4,19,8.6,60|348|3320|4205,ACTB|APOE|HSP90AA1|MEF2A,-0.8
Input ID,GO Biological Processes,19,GO:1901699,cellular response to nitrogen compound,-2.6,7,4.6,24156,660,21,4,19,8.6,60|3309|4208|7184,ACTB|HSPA5|MEF2C|HSP90B1,-0.79
Input ID,GO Biological Processes,19,GO:0045664,regulation of neuron differentiation,-2.6,6.9,4.6,24156,667,21,4,19,8.6,348|3309|4208|57118,APOE|HSPA5|MEF2C|CAMK1D,-0.78
Input ID,GO Biological Processes,19,GO:0120039,plasma membrane bounded cell projection morphogenesis,-2.6,6.8,4.5,24156,672,21,4,19,8.6,60|348|3320|4205,ACTB|APOE|HSP90AA1|MEF2A,-0.77
Input ID,Reactome Gene Sets,6,R-HSA-5653656,Vesicle-mediated transport,-2.6,6.8,4.5,24156,673,21,4,19,8.6,60|348|3320|7184,ACTB|APOE|HSP90AA1|HSP90B1,-0.77
Input ID,GO Biological Processes,19,GO:0048858,cell projection morphogenesis,-2.6,6.8,4.5,24156,676,21,4,19,8.6,60|348|3320|4205,ACTB|APOE|HSP90AA1|MEF2A,-0.76
Input ID,GO Biological Processes,19,GO:0030036,actin cytoskeleton organization,-2.6,6.6,4.4,24156,692,21,4,19,8.6,60|4205|4208|7184,ACTB|MEF2A|MEF2C|HSP90B1,-0.73
Input ID,GO Biological Processes,19,GO:0006898,receptor-mediated endocytosis,-2.6,11,5.1,24156,327,21,3,14,7.6,348|3320|7184,APOE|HSP90AA1|HSP90B1,-0.72
Input ID,GO Biological Processes,19,GO:0032990,cell part morphogenesis,-2.6,6.6,4.4,24156,696,21,4,19,8.6,60|348|3320|4205,ACTB|APOE|HSP90AA1|MEF2A,-0.72
Input ID,GO Biological Processes,19,GO:0007596,blood coagulation,-2.5,10,5,24156,336,21,3,14,7.6,2|60|348,A2M|ACTB|APOE,-0.69
Input ID,GO Biological Processes,19,GO:0120035,regulation of plasma membrane bounded cell projection organization,-2.5,6.5,4.4,24156,713,21,4,19,8.6,348|3309|4208|57118,APOE|HSPA5|MEF2C|CAMK1D,-0.68
Input ID,GO Biological Processes,19,GO:0007599,hemostasis,-2.5,10,5,24156,341,21,3,14,7.6,2|60|348,A2M|ACTB|APOE,-0.68
Input ID,GO Biological Processes,19,GO:0050817,coagulation,-2.5,10,5,24156,342,21,3,14,7.6,2|60|348,A2M|ACTB|APOE,-0.68
Input ID,GO Biological Processes,19,GO:0051235,maintenance of location,-2.5,10,5,24156,343,21,3,14,7.6,348|3309|7184,APOE|HSPA5|HSP90B1,-0.67
Input ID,GO Biological Processes,19,GO:0031344,regulation of cell projection organization,-2.5,6.4,4.3,24156,723,21,4,19,8.6,348|3309|4208|57118,APOE|HSPA5|MEF2C|CAMK1D,-0.67
Input ID,GO Biological Processes,19,GO:0006412,translation,-2.5,6.4,4.3,24156,723,21,4,19,8.6,6168|6223|6234|11224,RPL37A|RPS19|RPS28|RPL35,-0.67
Input ID,GO Biological Processes,19,GO:0070997,neuron death,-2.5,9.7,4.9,24156,355,21,3,14,7.6,348|3309|4208,APOE|HSPA5|MEF2C,-0.64
Input ID,GO Biological Processes,19,GO:0043043,peptide biosynthetic process,-2.4,6.1,4.2,24156,749,21,4,19,8.6,6168|6223|6234|11224,RPL37A|RPS19|RPS28|RPL35,-0.62
Input ID,GO Biological Processes,19,GO:0006959,humoral immune response,-2.4,9.6,4.8,24156,361,21,3,14,7.6,2|4208|6223,A2M|MEF2C|RPS19,-0.62
Input ID,GO Biological Processes,19,GO:0045862,positive regulation of proteolysis,-2.4,9.3,4.8,24156,370,21,3,14,7.6,348|3300|3303,APOE|DNAJB2|HSPA1A,-0.59
Input ID,GO Biological Processes,19,GO:0080135,regulation of cellular response to stress,-2.4,6,4.2,24156,765,21,4,19,8.6,1410|3303|3309|3320,CRYAB|HSPA1A|HSPA5|HSP90AA1,-0.59
Input ID,GO Biological Processes,19,GO:0006909,phagocytosis,-2.4,9.3,4.7,24156,372,21,3,14,7.6,60|3320|57118,ACTB|HSP90AA1|CAMK1D,-0.59
Input ID,GO Biological Processes,19,GO:0045089,positive regulation of innate immune response,-2.4,9,4.7,24156,382,21,3,14,7.6,3303|6223|7184,HSPA1A|RPS19|HSP90B1,-0.55
Input ID,GO Biological Processes,19,GO:0034470,ncRNA processing,-2.4,9,4.7,24156,383,21,3,14,7.6,6223|6234|11224,RPS19|RPS28|RPL35,-0.55
Input ID,GO Biological Processes,19,GO:0030029,actin filament-based process,-2.4,5.9,4.1,24156,785,21,4,19,8.6,60|4205|4208|7184,ACTB|MEF2A|MEF2C|HSP90B1,-0.55
Input ID,GO Biological Processes,19,GO:0031346,positive regulation of cell projection organization,-2.3,8.8,4.6,24156,393,21,3,14,7.6,348|3309|57118,APOE|HSPA5|CAMK1D,-0.52
Input ID,GO Biological Processes,19,GO:0007517,muscle organ development,-2.3,8.5,4.5,24156,406,21,3,14,7.6,1410|4205|4208,CRYAB|MEF2A|MEF2C,-0.49
Input ID,GO Biological Processes,19,GO:0030099,myeloid cell differentiation,-2.3,8.2,4.4,24156,423,21,3,14,7.6,3303|4208|6223,HSPA1A|MEF2C|RPS19,-0.44
Input ID,GO Biological Processes,19,GO:0060249,anatomical structure homeostasis,-2.2,7.9,4.3,24156,437,21,3,14,7.6,60|3300|3320,ACTB|DNAJB2|HSP90AA1,-0.4
Input ID,GO Biological Processes,19,GO:0006979,response to oxidative stress,-2.2,7.5,4.2,24156,458,21,3,14,7.6,348|1410|3303,APOE|CRYAB|HSPA1A,-0.35
Input ID,GO Biological Processes,19,GO:0002429,immune response-activating cell surface receptor signaling pathway,-2.1,7.2,4.1,24156,476,21,3,14,7.6,60|3320|4208,ACTB|HSP90AA1|MEF2C,-0.3
Input ID,GO Biological Processes,19,GO:0007409,axonogenesis,-2.1,7.2,4.1,24156,478,21,3,14,7.6,60|348|3320,ACTB|APOE|HSP90AA1,-0.3
Input ID,GO Biological Processes,19,GO:0031667,response to nutrient levels,-2,6.9,3.9,24156,501,21,3,14,7.6,348|3309|7184,APOE|HSPA5|HSP90B1,-0.24
Input ID,GO Biological Processes,19,GO:0050878,regulation of body fluid levels,-2,6.8,3.9,24156,507,21,3,14,7.6,2|60|348,A2M|ACTB|APOE,-0.23
Input ID,GO Biological Processes,19,GO:0050727,regulation of inflammatory response,-2,6.8,3.9,24156,508,21,3,14,7.6,2|348|6223,A2M|APOE|RPS19,-0.23
Input ID,GO Biological Processes,19,GO:0002768,immune response-regulating cell surface receptor signaling pathway,-2,6.8,3.9,24156,509,21,3,14,7.6,60|3320|4208,ACTB|HSP90AA1|MEF2C,-0.23
Input ID_MCODE_ALL,Reactome Gene Sets,6,R-HSA-168255,Influenza Infection,-8.8,81,20,24156,166,9,5,56,17,3303|6168|6223|6234|11224,HSPA1A|RPL37A|RPS19|RPS28|RPL35,-4.7
Input ID_MCODE_ALL,CORUM,33,CORUM:306,"Ribosome, cytoplasmic",-7.9,1.3e+02,23,24156,80,9,4,44,17,6168|6223|6234|11224,RPL37A|RPS19|RPS28|RPL35,-4.6
Input ID_MCODE_ALL,Reactome Gene Sets,6,R-HSA-156902,Peptide chain elongation,-7.7,1.2e+02,22,24156,89,9,4,44,17,6168|6223|6234|11224,RPL37A|RPS19|RPS28|RPL35,-4.6
Input ID_MCODE_ALL,Reactome Gene Sets,6,R-HSA-72764,Eukaryotic Translation Termination,-7.6,1.2e+02,21,24156,93,9,4,44,17,6168|6223|6234|11224,RPL37A|RPS19|RPS28|RPL35,-4.6
Input ID_MCODE_ALL,Reactome Gene Sets,6,R-HSA-2408557,Selenocysteine synthesis,-7.6,1.2e+02,21,24156,93,9,4,44,17,6168|6223|6234|11224,RPL37A|RPS19|RPS28|RPL35,-4.6
Input ID_MCODE_ALL,Reactome Gene Sets,6,R-HSA-156842,Eukaryotic Translation Elongation,-7.6,1.2e+02,21,24156,93,9,4,44,17,6168|6223|6234|11224,RPL37A|RPS19|RPS28|RPL35,-4.6
Input ID_MCODE_ALL,GO Biological Processes,19,GO:0006614,SRP-dependent cotranslational protein targeting to membrane,-7.6,1.1e+02,21,24156,95,9,4,44,17,6168|6223|6234|11224,RPL37A|RPS19|RPS28|RPL35,-4.6
Input ID_MCODE_ALL,Reactome Gene Sets,6,R-HSA-975956,Nonsense Mediated Decay (NMD) independent of the Exon Junction Complex (EJC),-7.6,1.1e+02,21,24156,95,9,4,44,17,6168|6223|6234|11224,RPL37A|RPS19|RPS28|RPL35,-4.6
Input ID_MCODE_ALL,GO Biological Processes,19,GO:0006613,cotranslational protein targeting to membrane,-7.5,1.1e+02,21,24156,99,9,4,44,17,6168|6223|6234|11224,RPL37A|RPS19|RPS28|RPL35,-4.6
Input ID_MCODE_ALL,Reactome Gene Sets,6,R-HSA-192823,Viral mRNA Translation,-7.5,1.1e+02,21,24156,100,9,4,44,17,6168|6223|6234|11224,RPL37A|RPS19|RPS28|RPL35,-4.6
Input ID_MCODE_ALL,Reactome Gene Sets,6,R-HSA-72689,Formation of a pool of free 40S subunits,-7.4,1.1e+02,20,24156,101,9,4,44,17,6168|6223|6234|11224,RPL37A|RPS19|RPS28|RPL35,-4.6
Input ID_MCODE_ALL,Reactome Gene Sets,6,R-HSA-9633012,Response of EIF2AK4 (GCN2) to amino acid deficiency,-7.4,1.1e+02,20,24156,101,9,4,44,17,6168|6223|6234|11224,RPL37A|RPS19|RPS28|RPL35,-4.6
Input ID_MCODE_ALL,GO Biological Processes,19,GO:0045047,protein targeting to ER,-7.3,98,20,24156,109,9,4,44,17,6168|6223|6234|11224,RPL37A|RPS19|RPS28|RPL35,-4.6
Input ID_MCODE_ALL,Reactome Gene Sets,6,R-HSA-156827,L13a-mediated translational silencing of Ceruloplasmin expression,-7.3,97,20,24156,111,9,4,44,17,6168|6223|6234|11224,RPL37A|RPS19|RPS28|RPL35,-4.6
Input ID_MCODE_ALL,Reactome Gene Sets,6,R-HSA-1799339,SRP-dependent cotranslational protein targeting to membrane,-7.3,96,19,24156,112,9,4,44,17,6168|6223|6234|11224,RPL37A|RPS19|RPS28|RPL35,-4.6
Input ID_MCODE_ALL,Reactome Gene Sets,6,R-HSA-72706,GTP hydrolysis and joining of the 60S ribosomal subunit,-7.3,96,19,24156,112,9,4,44,17,6168|6223|6234|11224,RPL37A|RPS19|RPS28|RPL35,-4.6
Input ID_MCODE_ALL,GO Biological Processes,19,GO:0072599,establishment of protein localization to endoplasmic reticulum,-7.3,95,19,24156,113,9,4,44,17,6168|6223|6234|11224,RPL37A|RPS19|RPS28|RPL35,-4.6
Input ID_MCODE_ALL,Reactome Gene Sets,6,R-HSA-975957,Nonsense Mediated Decay (NMD) enhanced by the Exon Junction Complex (EJC),-7.2,93,19,24156,115,9,4,44,17,6168|6223|6234|11224,RPL37A|RPS19|RPS28|RPL35,-4.6
Input ID_MCODE_ALL,Reactome Gene Sets,6,R-HSA-927802,Nonsense-Mediated Decay (NMD),-7.2,93,19,24156,115,9,4,44,17,6168|6223|6234|11224,RPL37A|RPS19|RPS28|RPL35,-4.6
Input ID_MCODE_ALL,Reactome Gene Sets,6,R-HSA-2408522,Selenoamino acid metabolism,-7.2,91,19,24156,118,9,4,44,17,6168|6223|6234|11224,RPL37A|RPS19|RPS28|RPL35,-4.6
Input ID_MCODE_ALL,Reactome Gene Sets,6,R-HSA-72613,Eukaryotic Translation Initiation,-7.2,90,19,24156,119,9,4,44,17,6168|6223|6234|11224,RPL37A|RPS19|RPS28|RPL35,-4.6
Input ID_MCODE_ALL,Reactome Gene Sets,6,R-HSA-72737,Cap-dependent Translation Initiation,-7.2,90,19,24156,119,9,4,44,17,6168|6223|6234|11224,RPL37A|RPS19|RPS28|RPL35,-4.6
Input ID_MCODE_ALL,GO Biological Processes,19,GO:0000184,"nuclear-transcribed mRNA catabolic process, nonsense-mediated decay",-7.1,89,19,24156,120,9,4,44,17,6168|6223|6234|11224,RPL37A|RPS19|RPS28|RPL35,-4.6
Input ID_MCODE_ALL,GO Biological Processes,19,GO:0006402,mRNA catabolic process,-7,36,13,24156,370,9,5,56,17,3303|6168|6223|6234|11224,HSPA1A|RPL37A|RPS19|RPS28|RPL35,-4.4
Input ID_MCODE_ALL,GO Biological Processes,19,GO:0070972,protein localization to endoplasmic reticulum,-6.9,77,17,24156,139,9,4,44,17,6168|6223|6234|11224,RPL37A|RPS19|RPS28|RPL35,-4.4
Input ID_MCODE_ALL,Reactome Gene Sets,6,R-HSA-168273,Influenza Viral RNA Transcription and Replication,-6.8,74,17,24156,145,9,4,44,17,6168|6223|6234|11224,RPL37A|RPS19|RPS28|RPL35,-4.3
Input ID_MCODE_ALL,GO Biological Processes,19,GO:0006401,RNA catabolic process,-6.8,33,12,24156,412,9,5,56,17,3303|6168|6223|6234|11224,HSPA1A|RPL37A|RPS19|RPS28|RPL35,-4.3
Input ID_MCODE_ALL,KEGG Pathway,24,hsa03010,Ribosome,-6.7,70,17,24156,153,9,4,44,17,6168|6223|6234|11224,RPL37A|RPS19|RPS28|RPL35,-4.2
Input ID_MCODE_ALL,Reactome Gene Sets,6,R-HSA-9010553,Regulation of expression of SLITs and ROBOs,-6.5,63,16,24156,171,9,4,44,17,6168|6223|6234|11224,RPL37A|RPS19|RPS28|RPL35,-4.1
Input ID_MCODE_ALL,GO Biological Processes,19,GO:0019083,viral transcription,-6.5,61,15,24156,177,9,4,44,17,6168|6223|6234|11224,RPL37A|RPS19|RPS28|RPL35,-4
Input ID_MCODE_ALL,Reactome Gene Sets,6,R-HSA-6791226,Major pathway of rRNA processing in the nucleolus and cytosol,-6.4,58,15,24156,186,9,4,44,17,6168|6223|6234|11224,RPL37A|RPS19|RPS28|RPL35,-3.9
Input ID_MCODE_ALL,GO Biological Processes,19,GO:0006413,translational initiation,-6.3,56,15,24156,192,9,4,44,17,6168|6223|6234|11224,RPL37A|RPS19|RPS28|RPL35,-3.9
Input ID_MCODE_ALL,GO Biological Processes,19,GO:0019080,viral gene expression,-6.3,55,15,24156,194,9,4,44,17,6168|6223|6234|11224,RPL37A|RPS19|RPS28|RPL35,-3.9
Input ID_MCODE_ALL,GO Biological Processes,19,GO:0006612,protein targeting to membrane,-6.3,55,15,24156,194,9,4,44,17,6168|6223|6234|11224,RPL37A|RPS19|RPS28|RPL35,-3.9
Input ID_MCODE_ALL,Reactome Gene Sets,6,R-HSA-8868773,rRNA processing in the nucleus and cytosol,-6.3,55,15,24156,196,9,4,44,17,6168|6223|6234|11224,RPL37A|RPS19|RPS28|RPL35,-3.9
Input ID_MCODE_ALL,Reactome Gene Sets,6,R-HSA-72312,rRNA processing,-6.2,52,14,24156,206,9,4,44,17,6168|6223|6234|11224,RPL37A|RPS19|RPS28|RPL35,-3.8
Input ID_MCODE_ALL,GO Biological Processes,19,GO:0000956,nuclear-transcribed mRNA catabolic process,-6.2,51,14,24156,210,9,4,44,17,6168|6223|6234|11224,RPL37A|RPS19|RPS28|RPL35,-3.8
Input ID_MCODE_ALL,Reactome Gene Sets,6,R-HSA-422475,Axon guidance,-6.1,24,11,24156,552,9,5,56,17,60|6168|6223|6234|11224,ACTB|RPL37A|RPS19|RPS28|RPL35,-3.8
Input ID_MCODE_ALL,Reactome Gene Sets,6,R-HSA-376176,Signaling by ROBO receptors,-6.1,49,14,24156,218,9,4,44,17,6168|6223|6234|11224,RPL37A|RPS19|RPS28|RPL35,-3.8
Input ID_MCODE_ALL,Reactome Gene Sets,6,R-HSA-9675108,Nervous system development,-6.1,23,10,24156,577,9,5,56,17,60|6168|6223|6234|11224,ACTB|RPL37A|RPS19|RPS28|RPL35,-3.7
Input ID_MCODE_ALL,Reactome Gene Sets,6,R-HSA-2262752,Cellular responses to stress,-6,23,10,24156,585,9,5,56,17,3303|6168|6223|6234|11224,HSPA1A|RPL37A|RPS19|RPS28|RPL35,-3.7
Input ID_MCODE_ALL,Reactome Gene Sets,6,R-HSA-8953897,Cellular responses to external stimuli,-6,22,10,24156,599,9,5,56,17,3303|6168|6223|6234|11224,HSPA1A|RPL37A|RPS19|RPS28|RPL35,-3.7
Input ID_MCODE_ALL,GO Biological Processes,19,GO:0072657,protein localization to membrane,-5.9,21,10,24156,625,9,5,56,17,60|6168|6223|6234|11224,ACTB|RPL37A|RPS19|RPS28|RPL35,-3.6
Input ID_MCODE_ALL,GO Biological Processes,19,GO:0034655,nucleobase-containing compound catabolic process,-5.8,20,9.7,24156,664,9,5,56,17,3303|6168|6223|6234|11224,HSPA1A|RPL37A|RPS19|RPS28|RPL35,-3.5
Input ID_MCODE_ALL,Reactome Gene Sets,6,R-HSA-8953854,Metabolism of RNA,-5.7,20,9.6,24156,675,9,5,56,17,3303|6168|6223|6234|11224,HSPA1A|RPL37A|RPS19|RPS28|RPL35,-3.5
Input ID_MCODE_ALL,Reactome Gene Sets,6,R-HSA-72766,Translation,-5.6,37,12,24156,291,9,4,44,17,6168|6223|6234|11224,RPL37A|RPS19|RPS28|RPL35,-3.4
Input ID_MCODE_ALL,GO Biological Processes,19,GO:0046700,heterocycle catabolic process,-5.6,19,9.3,24156,717,9,5,56,17,3303|6168|6223|6234|11224,HSPA1A|RPL37A|RPS19|RPS28|RPL35,-3.4
Input ID_MCODE_ALL,GO Biological Processes,19,GO:0044270,cellular nitrogen compound catabolic process,-5.6,19,9.3,24156,718,9,5,56,17,3303|6168|6223|6234|11224,HSPA1A|RPL37A|RPS19|RPS28|RPL35,-3.4
Input ID_MCODE_ALL,GO Biological Processes,19,GO:0019439,aromatic compound catabolic process,-5.5,18,9.2,24156,730,9,5,56,17,3303|6168|6223|6234|11224,HSPA1A|RPL37A|RPS19|RPS28|RPL35,-3.4
Input ID_MCODE_ALL,GO Biological Processes,19,GO:1901361,organic cyclic compound catabolic process,-5.4,17,9,24156,768,9,5,56,17,3303|6168|6223|6234|11224,HSPA1A|RPL37A|RPS19|RPS28|RPL35,-3.3
Input ID_MCODE_ALL,GO Biological Processes,19,GO:0090150,establishment of protein localization to membrane,-5.4,33,11,24156,326,9,4,44,17,6168|6223|6234|11224,RPL37A|RPS19|RPS28|RPL35,-3.2
Input ID_MCODE_ALL,Reactome Gene Sets,6,R-HSA-71291,Metabolism of amino acids and derivatives,-5.2,29,10,24156,374,9,4,44,17,6168|6223|6234|11224,RPL37A|RPS19|RPS28|RPL35,-3
Input ID_MCODE_ALL,GO Biological Processes,19,GO:0006605,protein targeting,-5,25,9.7,24156,426,9,4,44,17,6168|6223|6234|11224,RPL37A|RPS19|RPS28|RPL35,-2.8
Input ID_MCODE_ALL,GO Biological Processes,19,GO:0072594,establishment of protein localization to organelle,-4.5,20,8.5,24156,548,9,4,44,17,6168|6223|6234|11224,RPL37A|RPS19|RPS28|RPL35,-2.4
Input ID_MCODE_ALL,GO Biological Processes,19,GO:0006364,rRNA processing,-4.2,37,10,24156,217,9,3,33,16,6223|6234|11224,RPS19|RPS28|RPL35,-2.2
Input ID_MCODE_ALL,GO Biological Processes,19,GO:0006412,translation,-4.1,15,7.3,24156,723,9,4,44,17,6168|6223|6234|11224,RPL37A|RPS19|RPS28|RPL35,-2
Input ID_MCODE_ALL,GO Biological Processes,19,GO:0016072,rRNA metabolic process,-4,31,9.5,24156,256,9,3,33,16,6223|6234|11224,RPS19|RPS28|RPL35,-2
Input ID_MCODE_ALL,GO Biological Processes,19,GO:0043043,peptide biosynthetic process,-4,14,7.2,24156,749,9,4,44,17,6168|6223|6234|11224,RPL37A|RPS19|RPS28|RPL35,-2
Input ID_MCODE_ALL,GO Biological Processes,19,GO:0042254,ribosome biogenesis,-3.8,27,8.7,24156,298,9,3,33,16,6223|6234|11224,RPS19|RPS28|RPL35,-1.8
Input ID_MCODE_ALL,GO Biological Processes,19,GO:0045089,positive regulation of innate immune response,-3.5,21,7.6,24156,382,9,3,33,16,3303|6223|7184,HSPA1A|RPS19|HSP90B1,-1.5
Input ID_MCODE_ALL,GO Biological Processes,19,GO:0034470,ncRNA processing,-3.5,21,7.6,24156,383,9,3,33,16,6223|6234|11224,RPS19|RPS28|RPL35,-1.5
Input ID_MCODE_ALL,GO Biological Processes,19,GO:0045088,regulation of innate immune response,-3.3,18,7,24156,451,9,3,33,16,3303|6223|7184,HSPA1A|RPS19|HSP90B1,-1.4
Input ID_MCODE_ALL,GO Biological Processes,19,GO:0022613,ribonucleoprotein complex biogenesis,-3.3,17,6.9,24156,462,9,3,33,16,6223|6234|11224,RPS19|RPS28|RPL35,-1.3
Input ID_MCODE_ALL,GO Biological Processes,19,GO:0031349,positive regulation of defense response,-3.1,16,6.5,24156,517,9,3,33,16,3303|6223|7184,HSPA1A|RPS19|HSP90B1,-1.2
Input ID_MCODE_ALL,GO Biological Processes,19,GO:0034660,ncRNA metabolic process,-3,14,6.2,24156,564,9,3,33,16,6223|6234|11224,RPS19|RPS28|RPL35,-1.1
Input ID_MCODE_ALL,GO Biological Processes,19,GO:0002757,immune response-activating signal transduction,-2.8,12,5.7,24156,647,9,3,33,16,60|3303|7184,ACTB|HSPA1A|HSP90B1,-0.98
Input ID_MCODE_ALL,GO Biological Processes,19,GO:0002764,immune response-regulating signaling pathway,-2.8,12,5.5,24156,681,9,3,33,16,60|3303|7184,ACTB|HSPA1A|HSP90B1,-0.92
Input ID_MCODE_ALL,GO Biological Processes,19,GO:0002253,activation of immune response,-2.7,11,5.3,24156,731,9,3,33,16,60|3303|7184,ACTB|HSPA1A|HSP90B1,-0.84
Input ID_SUB1_MCODE_1,Reactome Gene Sets,6,R-HSA-168255,Influenza Infection,-8.8,81,20,24156,166,9,5,56,17,3303|6168|6223|6234|11224,HSPA1A|RPL37A|RPS19|RPS28|RPL35,-4.7
Input ID_SUB1_MCODE_1,CORUM,33,CORUM:306,"Ribosome, cytoplasmic",-7.9,1.3e+02,23,24156,80,9,4,44,17,6168|6223|6234|11224,RPL37A|RPS19|RPS28|RPL35,-4.6
Input ID_SUB1_MCODE_1,Reactome Gene Sets,6,R-HSA-156902,Peptide chain elongation,-7.7,1.2e+02,22,24156,89,9,4,44,17,6168|6223|6234|11224,RPL37A|RPS19|RPS28|RPL35,-4.6
Input ID_SUB1_MCODE_1,Reactome Gene Sets,6,R-HSA-72764,Eukaryotic Translation Termination,-7.6,1.2e+02,21,24156,93,9,4,44,17,6168|6223|6234|11224,RPL37A|RPS19|RPS28|RPL35,-4.6
Input ID_SUB1_MCODE_1,Reactome Gene Sets,6,R-HSA-156842,Eukaryotic Translation Elongation,-7.6,1.2e+02,21,24156,93,9,4,44,17,6168|6223|6234|11224,RPL37A|RPS19|RPS28|RPL35,-4.6
Input ID_SUB1_MCODE_1,Reactome Gene Sets,6,R-HSA-2408557,Selenocysteine synthesis,-7.6,1.2e+02,21,24156,93,9,4,44,17,6168|6223|6234|11224,RPL37A|RPS19|RPS28|RPL35,-4.6
Input ID_SUB1_MCODE_1,GO Biological Processes,19,GO:0006614,SRP-dependent cotranslational protein targeting to membrane,-7.6,1.1e+02,21,24156,95,9,4,44,17,6168|6223|6234|11224,RPL37A|RPS19|RPS28|RPL35,-4.6
Input ID_SUB1_MCODE_1,Reactome Gene Sets,6,R-HSA-975956,Nonsense Mediated Decay (NMD) independent of the Exon Junction Complex (EJC),-7.6,1.1e+02,21,24156,95,9,4,44,17,6168|6223|6234|11224,RPL37A|RPS19|RPS28|RPL35,-4.6
Input ID_SUB1_MCODE_1,GO Biological Processes,19,GO:0006613,cotranslational protein targeting to membrane,-7.5,1.1e+02,21,24156,99,9,4,44,17,6168|6223|6234|11224,RPL37A|RPS19|RPS28|RPL35,-4.6
Input ID_SUB1_MCODE_1,Reactome Gene Sets,6,R-HSA-192823,Viral mRNA Translation,-7.5,1.1e+02,21,24156,100,9,4,44,17,6168|6223|6234|11224,RPL37A|RPS19|RPS28|RPL35,-4.6
Input ID_SUB1_MCODE_1,Reactome Gene Sets,6,R-HSA-9633012,Response of EIF2AK4 (GCN2) to amino acid deficiency,-7.4,1.1e+02,20,24156,101,9,4,44,17,6168|6223|6234|11224,RPL37A|RPS19|RPS28|RPL35,-4.6
Input ID_SUB1_MCODE_1,Reactome Gene Sets,6,R-HSA-72689,Formation of a pool of free 40S subunits,-7.4,1.1e+02,20,24156,101,9,4,44,17,6168|6223|6234|11224,RPL37A|RPS19|RPS28|RPL35,-4.6
Input ID_SUB1_MCODE_1,GO Biological Processes,19,GO:0045047,protein targeting to ER,-7.3,98,20,24156,109,9,4,44,17,6168|6223|6234|11224,RPL37A|RPS19|RPS28|RPL35,-4.6
Input ID_SUB1_MCODE_1,Reactome Gene Sets,6,R-HSA-156827,L13a-mediated translational silencing of Ceruloplasmin expression,-7.3,97,20,24156,111,9,4,44,17,6168|6223|6234|11224,RPL37A|RPS19|RPS28|RPL35,-4.6
Input ID_SUB1_MCODE_1,Reactome Gene Sets,6,R-HSA-1799339,SRP-dependent cotranslational protein targeting to membrane,-7.3,96,19,24156,112,9,4,44,17,6168|6223|6234|11224,RPL37A|RPS19|RPS28|RPL35,-4.6
Input ID_SUB1_MCODE_1,Reactome Gene Sets,6,R-HSA-72706,GTP hydrolysis and joining of the 60S ribosomal subunit,-7.3,96,19,24156,112,9,4,44,17,6168|6223|6234|11224,RPL37A|RPS19|RPS28|RPL35,-4.6
Input ID_SUB1_MCODE_1,GO Biological Processes,19,GO:0072599,establishment of protein localization to endoplasmic reticulum,-7.3,95,19,24156,113,9,4,44,17,6168|6223|6234|11224,RPL37A|RPS19|RPS28|RPL35,-4.6
Input ID_SUB1_MCODE_1,Reactome Gene Sets,6,R-HSA-975957,Nonsense Mediated Decay (NMD) enhanced by the Exon Junction Complex (EJC),-7.2,93,19,24156,115,9,4,44,17,6168|6223|6234|11224,RPL37A|RPS19|RPS28|RPL35,-4.6
Input ID_SUB1_MCODE_1,Reactome Gene Sets,6,R-HSA-927802,Nonsense-Mediated Decay (NMD),-7.2,93,19,24156,115,9,4,44,17,6168|6223|6234|11224,RPL37A|RPS19|RPS28|RPL35,-4.6
Input ID_SUB1_MCODE_1,Reactome Gene Sets,6,R-HSA-2408522,Selenoamino acid metabolism,-7.2,91,19,24156,118,9,4,44,17,6168|6223|6234|11224,RPL37A|RPS19|RPS28|RPL35,-4.6
Input ID_SUB1_MCODE_1,Reactome Gene Sets,6,R-HSA-72737,Cap-dependent Translation Initiation,-7.2,90,19,24156,119,9,4,44,17,6168|6223|6234|11224,RPL37A|RPS19|RPS28|RPL35,-4.6
Input ID_SUB1_MCODE_1,Reactome Gene Sets,6,R-HSA-72613,Eukaryotic Translation Initiation,-7.2,90,19,24156,119,9,4,44,17,6168|6223|6234|11224,RPL37A|RPS19|RPS28|RPL35,-4.6
Input ID_SUB1_MCODE_1,GO Biological Processes,19,GO:0000184,"nuclear-transcribed mRNA catabolic process, nonsense-mediated decay",-7.1,89,19,24156,120,9,4,44,17,6168|6223|6234|11224,RPL37A|RPS19|RPS28|RPL35,-4.6
Input ID_SUB1_MCODE_1,GO Biological Processes,19,GO:0006402,mRNA catabolic process,-7,36,13,24156,370,9,5,56,17,3303|6168|6223|6234|11224,HSPA1A|RPL37A|RPS19|RPS28|RPL35,-4.4
Input ID_SUB1_MCODE_1,GO Biological Processes,19,GO:0070972,protein localization to endoplasmic reticulum,-6.9,77,17,24156,139,9,4,44,17,6168|6223|6234|11224,RPL37A|RPS19|RPS28|RPL35,-4.4
Input ID_SUB1_MCODE_1,Reactome Gene Sets,6,R-HSA-168273,Influenza Viral RNA Transcription and Replication,-6.8,74,17,24156,145,9,4,44,17,6168|6223|6234|11224,RPL37A|RPS19|RPS28|RPL35,-4.3
Input ID_SUB1_MCODE_1,GO Biological Processes,19,GO:0006401,RNA catabolic process,-6.8,33,12,24156,412,9,5,56,17,3303|6168|6223|6234|11224,HSPA1A|RPL37A|RPS19|RPS28|RPL35,-4.3
Input ID_SUB1_MCODE_1,KEGG Pathway,24,hsa03010,Ribosome,-6.7,70,17,24156,153,9,4,44,17,6168|6223|6234|11224,RPL37A|RPS19|RPS28|RPL35,-4.2
Input ID_SUB1_MCODE_1,Reactome Gene Sets,6,R-HSA-9010553,Regulation of expression of SLITs and ROBOs,-6.5,63,16,24156,171,9,4,44,17,6168|6223|6234|11224,RPL37A|RPS19|RPS28|RPL35,-4.1
Input ID_SUB1_MCODE_1,GO Biological Processes,19,GO:0019083,viral transcription,-6.5,61,15,24156,177,9,4,44,17,6168|6223|6234|11224,RPL37A|RPS19|RPS28|RPL35,-4
Input ID_SUB1_MCODE_1,Reactome Gene Sets,6,R-HSA-6791226,Major pathway of rRNA processing in the nucleolus and cytosol,-6.4,58,15,24156,186,9,4,44,17,6168|6223|6234|11224,RPL37A|RPS19|RPS28|RPL35,-3.9
Input ID_SUB1_MCODE_1,GO Biological Processes,19,GO:0006413,translational initiation,-6.3,56,15,24156,192,9,4,44,17,6168|6223|6234|11224,RPL37A|RPS19|RPS28|RPL35,-3.9
Input ID_SUB1_MCODE_1,GO Biological Processes,19,GO:0006612,protein targeting to membrane,-6.3,55,15,24156,194,9,4,44,17,6168|6223|6234|11224,RPL37A|RPS19|RPS28|RPL35,-3.9
Input ID_SUB1_MCODE_1,GO Biological Processes,19,GO:0019080,viral gene expression,-6.3,55,15,24156,194,9,4,44,17,6168|6223|6234|11224,RPL37A|RPS19|RPS28|RPL35,-3.9
Input ID_SUB1_MCODE_1,Reactome Gene Sets,6,R-HSA-8868773,rRNA processing in the nucleus and cytosol,-6.3,55,15,24156,196,9,4,44,17,6168|6223|6234|11224,RPL37A|RPS19|RPS28|RPL35,-3.9
Input ID_SUB1_MCODE_1,Reactome Gene Sets,6,R-HSA-72312,rRNA processing,-6.2,52,14,24156,206,9,4,44,17,6168|6223|6234|11224,RPL37A|RPS19|RPS28|RPL35,-3.8
Input ID_SUB1_MCODE_1,GO Biological Processes,19,GO:0000956,nuclear-transcribed mRNA catabolic process,-6.2,51,14,24156,210,9,4,44,17,6168|6223|6234|11224,RPL37A|RPS19|RPS28|RPL35,-3.8
Input ID_SUB1_MCODE_1,Reactome Gene Sets,6,R-HSA-422475,Axon guidance,-6.1,24,11,24156,552,9,5,56,17,60|6168|6223|6234|11224,ACTB|RPL37A|RPS19|RPS28|RPL35,-3.8
Input ID_SUB1_MCODE_1,Reactome Gene Sets,6,R-HSA-376176,Signaling by ROBO receptors,-6.1,49,14,24156,218,9,4,44,17,6168|6223|6234|11224,RPL37A|RPS19|RPS28|RPL35,-3.8
Input ID_SUB1_MCODE_1,Reactome Gene Sets,6,R-HSA-9675108,Nervous system development,-6.1,23,10,24156,577,9,5,56,17,60|6168|6223|6234|11224,ACTB|RPL37A|RPS19|RPS28|RPL35,-3.7
Input ID_SUB1_MCODE_1,Reactome Gene Sets,6,R-HSA-2262752,Cellular responses to stress,-6,23,10,24156,585,9,5,56,17,3303|6168|6223|6234|11224,HSPA1A|RPL37A|RPS19|RPS28|RPL35,-3.7
Input ID_SUB1_MCODE_1,Reactome Gene Sets,6,R-HSA-8953897,Cellular responses to external stimuli,-6,22,10,24156,599,9,5,56,17,3303|6168|6223|6234|11224,HSPA1A|RPL37A|RPS19|RPS28|RPL35,-3.7
Input ID_SUB1_MCODE_1,GO Biological Processes,19,GO:0072657,protein localization to membrane,-5.9,21,10,24156,625,9,5,56,17,60|6168|6223|6234|11224,ACTB|RPL37A|RPS19|RPS28|RPL35,-3.6
Input ID_SUB1_MCODE_1,GO Biological Processes,19,GO:0034655,nucleobase-containing compound catabolic process,-5.8,20,9.7,24156,664,9,5,56,17,3303|6168|6223|6234|11224,HSPA1A|RPL37A|RPS19|RPS28|RPL35,-3.5
Input ID_SUB1_MCODE_1,Reactome Gene Sets,6,R-HSA-8953854,Metabolism of RNA,-5.7,20,9.6,24156,675,9,5,56,17,3303|6168|6223|6234|11224,HSPA1A|RPL37A|RPS19|RPS28|RPL35,-3.5
Input ID_SUB1_MCODE_1,Reactome Gene Sets,6,R-HSA-72766,Translation,-5.6,37,12,24156,291,9,4,44,17,6168|6223|6234|11224,RPL37A|RPS19|RPS28|RPL35,-3.4
Input ID_SUB1_MCODE_1,GO Biological Processes,19,GO:0046700,heterocycle catabolic process,-5.6,19,9.3,24156,717,9,5,56,17,3303|6168|6223|6234|11224,HSPA1A|RPL37A|RPS19|RPS28|RPL35,-3.4
Input ID_SUB1_MCODE_1,GO Biological Processes,19,GO:0044270,cellular nitrogen compound catabolic process,-5.6,19,9.3,24156,718,9,5,56,17,3303|6168|6223|6234|11224,HSPA1A|RPL37A|RPS19|RPS28|RPL35,-3.4
Input ID_SUB1_MCODE_1,GO Biological Processes,19,GO:0019439,aromatic compound catabolic process,-5.5,18,9.2,24156,730,9,5,56,17,3303|6168|6223|6234|11224,HSPA1A|RPL37A|RPS19|RPS28|RPL35,-3.4
Input ID_SUB1_MCODE_1,GO Biological Processes,19,GO:1901361,organic cyclic compound catabolic process,-5.4,17,9,24156,768,9,5,56,17,3303|6168|6223|6234|11224,HSPA1A|RPL37A|RPS19|RPS28|RPL35,-3.3
Input ID_SUB1_MCODE_1,GO Biological Processes,19,GO:0090150,establishment of protein localization to membrane,-5.4,33,11,24156,326,9,4,44,17,6168|6223|6234|11224,RPL37A|RPS19|RPS28|RPL35,-3.2
Input ID_SUB1_MCODE_1,Reactome Gene Sets,6,R-HSA-71291,Metabolism of amino acids and derivatives,-5.2,29,10,24156,374,9,4,44,17,6168|6223|6234|11224,RPL37A|RPS19|RPS28|RPL35,-3
Input ID_SUB1_MCODE_1,GO Biological Processes,19,GO:0006605,protein targeting,-5,25,9.7,24156,426,9,4,44,17,6168|6223|6234|11224,RPL37A|RPS19|RPS28|RPL35,-2.8
Input ID_SUB1_MCODE_1,GO Biological Processes,19,GO:0072594,establishment of protein localization to organelle,-4.5,20,8.5,24156,548,9,4,44,17,6168|6223|6234|11224,RPL37A|RPS19|RPS28|RPL35,-2.4
Input ID_SUB1_MCODE_1,GO Biological Processes,19,GO:0006364,rRNA processing,-4.2,37,10,24156,217,9,3,33,16,6223|6234|11224,RPS19|RPS28|RPL35,-2.2
Input ID_SUB1_MCODE_1,GO Biological Processes,19,GO:0006412,translation,-4.1,15,7.3,24156,723,9,4,44,17,6168|6223|6234|11224,RPL37A|RPS19|RPS28|RPL35,-2
Input ID_SUB1_MCODE_1,GO Biological Processes,19,GO:0016072,rRNA metabolic process,-4,31,9.5,24156,256,9,3,33,16,6223|6234|11224,RPS19|RPS28|RPL35,-2
Input ID_SUB1_MCODE_1,GO Biological Processes,19,GO:0043043,peptide biosynthetic process,-4,14,7.2,24156,749,9,4,44,17,6168|6223|6234|11224,RPL37A|RPS19|RPS28|RPL35,-2
Input ID_SUB1_MCODE_1,GO Biological Processes,19,GO:0042254,ribosome biogenesis,-3.8,27,8.7,24156,298,9,3,33,16,6223|6234|11224,RPS19|RPS28|RPL35,-1.8
Input ID_SUB1_MCODE_1,GO Biological Processes,19,GO:0045089,positive regulation of innate immune response,-3.5,21,7.6,24156,382,9,3,33,16,3303|6223|7184,HSPA1A|RPS19|HSP90B1,-1.5
Input ID_SUB1_MCODE_1,GO Biological Processes,19,GO:0034470,ncRNA processing,-3.5,21,7.6,24156,383,9,3,33,16,6223|6234|11224,RPS19|RPS28|RPL35,-1.5
Input ID_SUB1_MCODE_1,GO Biological Processes,19,GO:0045088,regulation of innate immune response,-3.3,18,7,24156,451,9,3,33,16,3303|6223|7184,HSPA1A|RPS19|HSP90B1,-1.4
Input ID_SUB1_MCODE_1,GO Biological Processes,19,GO:0022613,ribonucleoprotein complex biogenesis,-3.3,17,6.9,24156,462,9,3,33,16,6223|6234|11224,RPS19|RPS28|RPL35,-1.3
Input ID_SUB1_MCODE_1,GO Biological Processes,19,GO:0031349,positive regulation of defense response,-3.1,16,6.5,24156,517,9,3,33,16,3303|6223|7184,HSPA1A|RPS19|HSP90B1,-1.2
Input ID_SUB1_MCODE_1,GO Biological Processes,19,GO:0034660,ncRNA metabolic process,-3,14,6.2,24156,564,9,3,33,16,6223|6234|11224,RPS19|RPS28|RPL35,-1.1
Input ID_SUB1_MCODE_1,GO Biological Processes,19,GO:0002757,immune response-activating signal transduction,-2.8,12,5.7,24156,647,9,3,33,16,60|3303|7184,ACTB|HSPA1A|HSP90B1,-0.98
Input ID_SUB1_MCODE_1,GO Biological Processes,19,GO:0002764,immune response-regulating signaling pathway,-2.8,12,5.5,24156,681,9,3,33,16,60|3303|7184,ACTB|HSPA1A|HSP90B1,-0.92
Input ID_SUB1_MCODE_1,GO Biological Processes,19,GO:0002253,activation of immune response,-2.7,11,5.3,24156,731,9,3,33,16,60|3303|7184,ACTB|HSPA1A|HSP90B1,-0.84
