Cluster,Gene,Score,Type,Symbol,Network
1,3778,1.6666666666666665,Clustered,KCNMA1,Input ID_SUB1
1,7184,1.6666666666666665,Clustered,HSP90B1,Input ID_SUB1
1,60,1.6666666666666665,Clustered,ACTB,Input ID_SUB1
1,6223,1.6666666666666665,Clustered,RPS19,Input ID_SUB1
1,3303,1.6666666666666665,Clustered,HSPA1A,Input ID_SUB1
1,6168,1.6666666666666665,Clustered,RPL37A,Input ID_SUB1
1,57118,1.6666666666666665,Clustered,CAMK1D,Input ID_SUB1
1,6234,1.6666666666666665,Clustered,RPS28,Input ID_SUB1
1,11224,1.6666666666666665,Clustered,RPL35,Input ID_SUB1
