Category,CategoryID,GO,Description,LogP,Enrichment,Z-score,#TotalGeneInLibrary,#GeneInGO,#GeneInHitList,#GeneInGOAndHitList,%InGO,STDV %InGO,GeneID,Hits,Log(q-value),GeneList
CORUM,33,CORUM:306,"Ribosome, cytoplasmic",-14,86,26,24156,80,28,8,29,8.5,6134|6171|6194|6209|6233|9045|11224|23521,RPL10|RPL41|RPS6|RPS15|RPS27A|RPL14|RPL35|RPL13A,-9.4,Input ID
Reactome Gene Sets,6,R-HSA-156902,Peptide chain elongation,-13,78,25,24156,89,28,8,29,8.5,6134|6171|6194|6209|6233|9045|11224|23521,RPL10|RPL41|RPS6|RPS15|RPS27A|RPL14|RPL35|RPL13A,-9.4,Input ID
Reactome Gene Sets,6,R-HSA-156842,Eukaryotic Translation Elongation,-13,74,24,24156,93,28,8,29,8.5,6134|6171|6194|6209|6233|9045|11224|23521,RPL10|RPL41|RPS6|RPS15|RPS27A|RPL14|RPL35|RPL13A,-9.4,Input ID
Reactome Gene Sets,6,R-HSA-2408557,Selenocysteine synthesis,-13,74,24,24156,93,28,8,29,8.5,6134|6171|6194|6209|6233|9045|11224|23521,RPL10|RPL41|RPS6|RPS15|RPS27A|RPL14|RPL35|RPL13A,-9.4,Input ID
Reactome Gene Sets,6,R-HSA-72764,Eukaryotic Translation Termination,-13,74,24,24156,93,28,8,29,8.5,6134|6171|6194|6209|6233|9045|11224|23521,RPL10|RPL41|RPS6|RPS15|RPS27A|RPL14|RPL35|RPL13A,-9.4,Input ID
Reactome Gene Sets,6,R-HSA-975956,Nonsense Mediated Decay (NMD) independent of the Exon Junction Complex (EJC),-13,73,24,24156,95,28,8,29,8.5,6134|6171|6194|6209|6233|9045|11224|23521,RPL10|RPL41|RPS6|RPS15|RPS27A|RPL14|RPL35|RPL13A,-9.4,Input ID
GO Biological Processes,19,GO:0006614,SRP-dependent cotranslational protein targeting to membrane,-13,73,24,24156,95,28,8,29,8.5,6134|6171|6194|6209|6233|9045|11224|23521,RPL10|RPL41|RPS6|RPS15|RPS27A|RPL14|RPL35|RPL13A,-9.4,Input ID
GO Biological Processes,19,GO:0006613,cotranslational protein targeting to membrane,-13,70,23,24156,99,28,8,29,8.5,6134|6171|6194|6209|6233|9045|11224|23521,RPL10|RPL41|RPS6|RPS15|RPS27A|RPL14|RPL35|RPL13A,-9.4,Input ID
Reactome Gene Sets,6,R-HSA-192823,Viral mRNA Translation,-13,69,23,24156,100,28,8,29,8.5,6134|6171|6194|6209|6233|9045|11224|23521,RPL10|RPL41|RPS6|RPS15|RPS27A|RPL14|RPL35|RPL13A,-9.4,Input ID
Reactome Gene Sets,6,R-HSA-9633012,Response of EIF2AK4 (GCN2) to amino acid deficiency,-13,68,23,24156,101,28,8,29,8.5,6134|6171|6194|6209|6233|9045|11224|23521,RPL10|RPL41|RPS6|RPS15|RPS27A|RPL14|RPL35|RPL13A,-9.4,Input ID
Reactome Gene Sets,6,R-HSA-72689,Formation of a pool of free 40S subunits,-13,68,23,24156,101,28,8,29,8.5,6134|6171|6194|6209|6233|9045|11224|23521,RPL10|RPL41|RPS6|RPS15|RPS27A|RPL14|RPL35|RPL13A,-9.4,Input ID
GO Biological Processes,19,GO:0045047,protein targeting to ER,-12,63,22,24156,109,28,8,29,8.5,6134|6171|6194|6209|6233|9045|11224|23521,RPL10|RPL41|RPS6|RPS15|RPS27A|RPL14|RPL35|RPL13A,-9.2,Input ID
Reactome Gene Sets,6,R-HSA-156827,L13a-mediated translational silencing of Ceruloplasmin expression,-12,62,22,24156,111,28,8,29,8.5,6134|6171|6194|6209|6233|9045|11224|23521,RPL10|RPL41|RPS6|RPS15|RPS27A|RPL14|RPL35|RPL13A,-9.2,Input ID
Reactome Gene Sets,6,R-HSA-72706,GTP hydrolysis and joining of the 60S ribosomal subunit,-12,62,22,24156,112,28,8,29,8.5,6134|6171|6194|6209|6233|9045|11224|23521,RPL10|RPL41|RPS6|RPS15|RPS27A|RPL14|RPL35|RPL13A,-9.2,Input ID
Reactome Gene Sets,6,R-HSA-1799339,SRP-dependent cotranslational protein targeting to membrane,-12,62,22,24156,112,28,8,29,8.5,6134|6171|6194|6209|6233|9045|11224|23521,RPL10|RPL41|RPS6|RPS15|RPS27A|RPL14|RPL35|RPL13A,-9.2,Input ID
GO Biological Processes,19,GO:0072599,establishment of protein localization to endoplasmic reticulum,-12,61,22,24156,113,28,8,29,8.5,6134|6171|6194|6209|6233|9045|11224|23521,RPL10|RPL41|RPS6|RPS15|RPS27A|RPL14|RPL35|RPL13A,-9.2,Input ID
Reactome Gene Sets,6,R-HSA-975957,Nonsense Mediated Decay (NMD) enhanced by the Exon Junction Complex (EJC),-12,60,22,24156,115,28,8,29,8.5,6134|6171|6194|6209|6233|9045|11224|23521,RPL10|RPL41|RPS6|RPS15|RPS27A|RPL14|RPL35|RPL13A,-9.2,Input ID
Reactome Gene Sets,6,R-HSA-927802,Nonsense-Mediated Decay (NMD),-12,60,22,24156,115,28,8,29,8.5,6134|6171|6194|6209|6233|9045|11224|23521,RPL10|RPL41|RPS6|RPS15|RPS27A|RPL14|RPL35|RPL13A,-9.2,Input ID
Reactome Gene Sets,6,R-HSA-2408522,Selenoamino acid metabolism,-12,58,21,24156,118,28,8,29,8.5,6134|6171|6194|6209|6233|9045|11224|23521,RPL10|RPL41|RPS6|RPS15|RPS27A|RPL14|RPL35|RPL13A,-9.1,Input ID
Reactome Gene Sets,6,R-HSA-72613,Eukaryotic Translation Initiation,-12,58,21,24156,119,28,8,29,8.5,6134|6171|6194|6209|6233|9045|11224|23521,RPL10|RPL41|RPS6|RPS15|RPS27A|RPL14|RPL35|RPL13A,-9.1,Input ID
Reactome Gene Sets,6,R-HSA-72737,Cap-dependent Translation Initiation,-12,58,21,24156,119,28,8,29,8.5,6134|6171|6194|6209|6233|9045|11224|23521,RPL10|RPL41|RPS6|RPS15|RPS27A|RPL14|RPL35|RPL13A,-9.1,Input ID
GO Biological Processes,19,GO:0000184,"nuclear-transcribed mRNA catabolic process, nonsense-mediated decay",-12,58,21,24156,120,28,8,29,8.5,6134|6171|6194|6209|6233|9045|11224|23521,RPL10|RPL41|RPS6|RPS15|RPS27A|RPL14|RPL35|RPL13A,-9.1,Input ID
GO Biological Processes,19,GO:0070972,protein localization to endoplasmic reticulum,-12,50,20,24156,139,28,8,29,8.5,6134|6171|6194|6209|6233|9045|11224|23521,RPL10|RPL41|RPS6|RPS15|RPS27A|RPL14|RPL35|RPL13A,-8.6,Input ID
Reactome Gene Sets,6,R-HSA-168273,Influenza Viral RNA Transcription and Replication,-11,48,19,24156,145,28,8,29,8.5,6134|6171|6194|6209|6233|9045|11224|23521,RPL10|RPL41|RPS6|RPS15|RPS27A|RPL14|RPL35|RPL13A,-8.5,Input ID
KEGG Pathway,24,hsa03010,Ribosome,-11,45,19,24156,153,28,8,29,8.5,6134|6171|6194|6209|6233|9045|11224|23521,RPL10|RPL41|RPS6|RPS15|RPS27A|RPL14|RPL35|RPL13A,-8.3,Input ID
Reactome Gene Sets,6,R-HSA-168255,Influenza Infection,-11,42,18,24156,166,28,8,29,8.5,6134|6171|6194|6209|6233|9045|11224|23521,RPL10|RPL41|RPS6|RPS15|RPS27A|RPL14|RPL35|RPL13A,-8,Input ID
Reactome Gene Sets,6,R-HSA-9010553,Regulation of expression of SLITs and ROBOs,-11,40,18,24156,171,28,8,29,8.5,6134|6171|6194|6209|6233|9045|11224|23521,RPL10|RPL41|RPS6|RPS15|RPS27A|RPL14|RPL35|RPL13A,-7.9,Input ID
GO Biological Processes,19,GO:0019083,viral transcription,-11,39,17,24156,177,28,8,29,8.5,6134|6171|6194|6209|6233|9045|11224|23521,RPL10|RPL41|RPS6|RPS15|RPS27A|RPL14|RPL35|RPL13A,-7.8,Input ID
Reactome Gene Sets,6,R-HSA-6791226,Major pathway of rRNA processing in the nucleolus and cytosol,-11,37,17,24156,186,28,8,29,8.5,6134|6171|6194|6209|6233|9045|11224|23521,RPL10|RPL41|RPS6|RPS15|RPS27A|RPL14|RPL35|RPL13A,-7.7,Input ID
GO Biological Processes,19,GO:0006413,translational initiation,-10,36,17,24156,192,28,8,29,8.5,6134|6171|6194|6209|6233|9045|11224|23521,RPL10|RPL41|RPS6|RPS15|RPS27A|RPL14|RPL35|RPL13A,-7.6,Input ID
GO Biological Processes,19,GO:0006612,protein targeting to membrane,-10,36,16,24156,194,28,8,29,8.5,6134|6171|6194|6209|6233|9045|11224|23521,RPL10|RPL41|RPS6|RPS15|RPS27A|RPL14|RPL35|RPL13A,-7.6,Input ID
GO Biological Processes,19,GO:0019080,viral gene expression,-10,36,16,24156,194,28,8,29,8.5,6134|6171|6194|6209|6233|9045|11224|23521,RPL10|RPL41|RPS6|RPS15|RPS27A|RPL14|RPL35|RPL13A,-7.6,Input ID
Reactome Gene Sets,6,R-HSA-8868773,rRNA processing in the nucleus and cytosol,-10,35,16,24156,196,28,8,29,8.5,6134|6171|6194|6209|6233|9045|11224|23521,RPL10|RPL41|RPS6|RPS15|RPS27A|RPL14|RPL35|RPL13A,-7.6,Input ID
Reactome Gene Sets,6,R-HSA-72312,rRNA processing,-10,34,16,24156,206,28,8,29,8.5,6134|6171|6194|6209|6233|9045|11224|23521,RPL10|RPL41|RPS6|RPS15|RPS27A|RPL14|RPL35|RPL13A,-7.4,Input ID
GO Biological Processes,19,GO:0000956,nuclear-transcribed mRNA catabolic process,-10,33,16,24156,210,28,8,29,8.5,6134|6171|6194|6209|6233|9045|11224|23521,RPL10|RPL41|RPS6|RPS15|RPS27A|RPL14|RPL35|RPL13A,-7.3,Input ID
Reactome Gene Sets,6,R-HSA-376176,Signaling by ROBO receptors,-10,32,15,24156,218,28,8,29,8.5,6134|6171|6194|6209|6233|9045|11224|23521,RPL10|RPL41|RPS6|RPS15|RPS27A|RPL14|RPL35|RPL13A,-7.2,Input ID
GO Biological Processes,19,GO:0006402,mRNA catabolic process,-9.6,21,13,24156,370,28,9,32,8.8,6134|6171|6194|6209|6233|6556|9045|11224|23521,RPL10|RPL41|RPS6|RPS15|RPS27A|SLC11A1|RPL14|RPL35|RPL13A,-6.9,Input ID
GO Biological Processes,19,GO:1901361,organic cyclic compound catabolic process,-9.4,12,11,24156,768,28,11,39,9.2,1806|6134|6171|6194|6209|6233|6556|6696|9045|11224|23521,DPYD|RPL10|RPL41|RPS6|RPS15|RPS27A|SLC11A1|SPP1|RPL14|RPL35|RPL13A,-6.6,Input ID
GO Biological Processes,19,GO:0006401,RNA catabolic process,-9.2,19,12,24156,412,28,9,32,8.8,6134|6171|6194|6209|6233|6556|9045|11224|23521,RPL10|RPL41|RPS6|RPS15|RPS27A|SLC11A1|RPL14|RPL35|RPL13A,-6.5,Input ID
Reactome Gene Sets,6,R-HSA-72766,Translation,-9,24,13,24156,291,28,8,29,8.5,6134|6171|6194|6209|6233|9045|11224|23521,RPL10|RPL41|RPS6|RPS15|RPS27A|RPL14|RPL35|RPL13A,-6.3,Input ID
CORUM,33,CORUM:3055,Nop56p-associated pre-rRNA complex,-8.7,50,17,24156,104,28,6,21,7.8,6134|6194|6209|9045|11224|23521,RPL10|RPS6|RPS15|RPL14|RPL35|RPL13A,-6,Input ID
GO Biological Processes,19,GO:0034655,nucleobase-containing compound catabolic process,-8.7,13,11,24156,664,28,10,36,9.1,1806|6134|6171|6194|6209|6233|6556|9045|11224|23521,DPYD|RPL10|RPL41|RPS6|RPS15|RPS27A|SLC11A1|RPL14|RPL35|RPL13A,-6,Input ID
CORUM,33,CORUM:308,"60S ribosomal subunit, cytoplasmic",-8.7,92,21,24156,47,28,5,18,7.2,6134|6171|9045|11224|23521,RPL10|RPL41|RPL14|RPL35|RPL13A,-6,Input ID
GO Biological Processes,19,GO:0090150,establishment of protein localization to membrane,-8.6,21,12,24156,326,28,8,29,8.5,6134|6171|6194|6209|6233|9045|11224|23521,RPL10|RPL41|RPS6|RPS15|RPS27A|RPL14|RPL35|RPL13A,-5.9,Input ID
GO Biological Processes,19,GO:0046700,heterocycle catabolic process,-8.4,12,10,24156,717,28,10,36,9.1,1806|6134|6171|6194|6209|6233|6556|9045|11224|23521,DPYD|RPL10|RPL41|RPS6|RPS15|RPS27A|SLC11A1|RPL14|RPL35|RPL13A,-5.7,Input ID
GO Biological Processes,19,GO:0044270,cellular nitrogen compound catabolic process,-8.4,12,10,24156,718,28,10,36,9.1,1806|6134|6171|6194|6209|6233|6556|9045|11224|23521,DPYD|RPL10|RPL41|RPS6|RPS15|RPS27A|SLC11A1|RPL14|RPL35|RPL13A,-5.7,Input ID
GO Biological Processes,19,GO:0019439,aromatic compound catabolic process,-8.3,12,10,24156,730,28,10,36,9.1,1806|6134|6171|6194|6209|6233|6556|9045|11224|23521,DPYD|RPL10|RPL41|RPS6|RPS15|RPS27A|SLC11A1|RPL14|RPL35|RPL13A,-5.7,Input ID
Reactome Gene Sets,6,R-HSA-71291,Metabolism of amino acids and derivatives,-8.1,18,12,24156,374,28,8,29,8.5,6134|6171|6194|6209|6233|9045|11224|23521,RPL10|RPL41|RPS6|RPS15|RPS27A|RPL14|RPL35|RPL13A,-5.5,Input ID
Reactome Gene Sets,6,R-HSA-2262752,Cellular responses to stress,-7.9,13,10,24156,585,28,9,32,8.8,2289|6134|6171|6194|6209|6233|9045|11224|23521,FKBP5|RPL10|RPL41|RPS6|RPS15|RPS27A|RPL14|RPL35|RPL13A,-5.3,Input ID
Reactome Gene Sets,6,R-HSA-8953897,Cellular responses to external stimuli,-7.8,13,10,24156,599,28,9,32,8.8,2289|6134|6171|6194|6209|6233|9045|11224|23521,FKBP5|RPL10|RPL41|RPS6|RPS15|RPS27A|RPL14|RPL35|RPL13A,-5.2,Input ID
GO Biological Processes,19,GO:0006605,protein targeting,-7.7,16,11,24156,426,28,8,29,8.5,6134|6171|6194|6209|6233|9045|11224|23521,RPL10|RPL41|RPS6|RPS15|RPS27A|RPL14|RPL35|RPL13A,-5.1,Input ID
GO Biological Processes,19,GO:0072657,protein localization to membrane,-7.7,12,9.9,24156,625,28,9,32,8.8,483|6134|6171|6194|6209|6233|9045|11224|23521,ATP1B3|RPL10|RPL41|RPS6|RPS15|RPS27A|RPL14|RPL35|RPL13A,-5.1,Input ID
GO Biological Processes,19,GO:0072594,establishment of protein localization to organelle,-6.9,13,9.4,24156,548,28,8,29,8.5,6134|6171|6194|6209|6233|9045|11224|23521,RPL10|RPL41|RPS6|RPS15|RPS27A|RPL14|RPL35|RPL13A,-4.3,Input ID
Reactome Gene Sets,6,R-HSA-422475,Axon guidance,-6.8,13,9.3,24156,552,28,8,29,8.5,6134|6171|6194|6209|6233|9045|11224|23521,RPL10|RPL41|RPS6|RPS15|RPS27A|RPL14|RPL35|RPL13A,-4.2,Input ID
Reactome Gene Sets,6,R-HSA-9675108,Nervous system development,-6.7,12,9.1,24156,577,28,8,29,8.5,6134|6171|6194|6209|6233|9045|11224|23521,RPL10|RPL41|RPS6|RPS15|RPS27A|RPL14|RPL35|RPL13A,-4.1,Input ID
Reactome Gene Sets,6,R-HSA-8953854,Metabolism of RNA,-6.2,10,8.3,24156,675,28,8,29,8.5,6134|6171|6194|6209|6233|9045|11224|23521,RPL10|RPL41|RPS6|RPS15|RPS27A|RPL14|RPL35|RPL13A,-3.6,Input ID
GO Biological Processes,19,GO:0006412,translation,-5.9,9.5,7.9,24156,723,28,8,29,8.5,6134|6171|6194|6209|6233|9045|11224|23521,RPL10|RPL41|RPS6|RPS15|RPS27A|RPL14|RPL35|RPL13A,-3.4,Input ID
GO Biological Processes,19,GO:0043043,peptide biosynthetic process,-5.8,9.2,7.8,24156,749,28,8,29,8.5,6134|6171|6194|6209|6233|9045|11224|23521,RPL10|RPL41|RPS6|RPS15|RPS27A|RPL14|RPL35|RPL13A,-3.3,Input ID
CORUM,33,CORUM:338,"40S ribosomal subunit, cytoplasmic",-5.2,83,16,24156,31,28,3,11,5.8,6194|6209|6233,RPS6|RPS15|RPS27A,-2.7,Input ID
CORUM,33,CORUM:305,"40S ribosomal subunit, cytoplasmic",-5.1,78,15,24156,33,28,3,11,5.8,6194|6209|6233,RPS6|RPS15|RPS27A,-2.6,Input ID
GO Biological Processes,19,GO:0000041,transition metal ion transport,-5.1,30,11,24156,114,28,4,14,6.6,2495|2512|6556|81615,FTH1|FTL|SLC11A1|TMEM163,-2.5,Input ID
GO Biological Processes,19,GO:0022613,ribonucleoprotein complex biogenesis,-4.9,11,7.5,24156,462,28,6,21,7.8,6134|6194|6209|9045|11224|23521,RPL10|RPS6|RPS15|RPL14|RPL35|RPL13A,-2.4,Input ID
KEGG Pathway,24,hsa04216,Ferroptosis,-4.9,65,14,24156,40,28,3,11,5.8,2180|2495|2512,ACSL1|FTH1|FTL,-2.4,Input ID
GO Biological Processes,19,GO:0042254,ribosome biogenesis,-4.7,14,8,24156,298,28,5,18,7.2,6134|6194|6209|9045|11224,RPL10|RPS6|RPS15|RPL14|RPL35,-2.2,Input ID
KEGG Pathway,24,hsa04978,Mineral absorption,-4.6,51,12,24156,51,28,3,11,5.8,483|2495|2512,ATP1B3|FTH1|FTL,-2.1,Input ID
Reactome Gene Sets,6,R-HSA-72695,"Formation of the ternary complex, and subsequently, the 43S complex",-4.6,51,12,24156,51,28,3,11,5.8,6194|6209|6233,RPS6|RPS15|RPS27A,-2.1,Input ID
Reactome Gene Sets,6,R-HSA-72649,Translation initiation complex formation,-4.4,45,11,24156,58,28,3,11,5.8,6194|6209|6233,RPS6|RPS15|RPS27A,-1.9,Input ID
Reactome Gene Sets,6,R-HSA-917937,Iron uptake and transport,-4.4,45,11,24156,58,28,3,11,5.8,2495|2512|6233,FTH1|FTL|RPS27A,-1.9,Input ID
Reactome Gene Sets,6,R-HSA-72702,Ribosomal scanning and start codon recognition,-4.4,45,11,24156,58,28,3,11,5.8,6194|6209|6233,RPS6|RPS15|RPS27A,-1.9,Input ID
Reactome Gene Sets,6,R-HSA-72662,"Activation of the mRNA upon binding of the cap-binding complex and eIFs, and subsequent binding to 4",-4.4,44,11,24156,59,28,3,11,5.8,6194|6209|6233,RPS6|RPS15|RPS27A,-1.9,Input ID
GO Biological Processes,19,GO:0006879,cellular iron ion homeostasis,-4.3,41,11,24156,63,28,3,11,5.8,2495|2512|6556,FTH1|FTL|SLC11A1,-1.8,Input ID
GO Biological Processes,19,GO:0006826,iron ion transport,-4.2,39,11,24156,66,28,3,11,5.8,2495|2512|6556,FTH1|FTL|SLC11A1,-1.8,Input ID
GO Biological Processes,19,GO:0034341,response to interferon-gamma,-4.1,17,7.8,24156,202,28,4,14,6.6,3119|3122|6556|23521,HLA-DQB1|HLA-DRA|SLC11A1|RPL13A,-1.6,Input ID
GO Biological Processes,19,GO:0042273,ribosomal large subunit biogenesis,-4.1,35,10,24156,74,28,3,11,5.8,6134|9045|11224,RPL10|RPL14|RPL35,-1.6,Input ID
GO Biological Processes,19,GO:0030003,cellular cation homeostasis,-4,7.7,6,24156,672,28,6,21,7.8,483|2495|2512|3709|6556|285195,ATP1B3|FTH1|FTL|ITPR2|SLC11A1|SLC9A9,-1.6,Input ID
GO Biological Processes,19,GO:0055072,iron ion homeostasis,-4,32,9.6,24156,80,28,3,11,5.8,2495|2512|6556,FTH1|FTL|SLC11A1,-1.5,Input ID
GO Biological Processes,19,GO:0006364,rRNA processing,-4,16,7.5,24156,217,28,4,14,6.6,6194|6209|9045|11224,RPS6|RPS15|RPL14|RPL35,-1.5,Input ID
GO Biological Processes,19,GO:0006873,cellular ion homeostasis,-3.9,7.6,5.9,24156,685,28,6,21,7.8,483|2495|2512|3709|6556|285195,ATP1B3|FTH1|FTL|ITPR2|SLC11A1|SLC9A9,-1.5,Input ID
Reactome Gene Sets,6,R-HSA-382551,Transport of small molecules,-3.8,7.1,5.7,24156,728,28,6,21,7.8,483|2495|2512|6233|6556|285195,ATP1B3|FTH1|FTL|RPS27A|SLC11A1|SLC9A9,-1.4,Input ID
GO Biological Processes,19,GO:0055080,cation homeostasis,-3.7,6.9,5.6,24156,748,28,6,21,7.8,483|2495|2512|3709|6556|285195,ATP1B3|FTH1|FTL|ITPR2|SLC11A1|SLC9A9,-1.3,Input ID
GO Biological Processes,19,GO:0098771,inorganic ion homeostasis,-3.7,6.8,5.5,24156,759,28,6,21,7.8,483|2495|2512|3709|6556|285195,ATP1B3|FTH1|FTL|ITPR2|SLC11A1|SLC9A9,-1.3,Input ID
Reactome Gene Sets,6,R-HSA-202424,Downstream TCR signaling,-3.7,26,8.6,24156,98,28,3,11,5.8,3119|3122|6233,HLA-DQB1|HLA-DRA|RPS27A,-1.3,Input ID
GO Biological Processes,19,GO:0016072,rRNA metabolic process,-3.7,13,6.8,24156,256,28,4,14,6.6,6194|6209|9045|11224,RPS6|RPS15|RPL14|RPL35,-1.3,Input ID
GO Biological Processes,19,GO:0098662,inorganic cation transmembrane transport,-3.7,6.7,5.5,24156,767,28,6,21,7.8,483|3709|6556|64805|81615|285195,ATP1B3|ITPR2|SLC11A1|P2RY12|TMEM163|SLC9A9,-1.3,Input ID
GO Biological Processes,19,GO:0046916,cellular transition metal ion homeostasis,-3.6,24,8.1,24156,110,28,3,11,5.8,2495|2512|6556,FTH1|FTL|SLC11A1,-1.2,Input ID
GO Biological Processes,19,GO:0030004,cellular monovalent inorganic cation homeostasis,-3.5,23,8,24156,111,28,3,11,5.8,483|6556|285195,ATP1B3|SLC11A1|SLC9A9,-1.2,Input ID
Reactome Gene Sets,6,R-HSA-202403,TCR signaling,-3.4,22,7.7,24156,120,28,3,11,5.8,3119|3122|6233,HLA-DQB1|HLA-DRA|RPS27A,-1.1,Input ID
GO Biological Processes,19,GO:0055076,transition metal ion homeostasis,-3.3,20,7.3,24156,132,28,3,11,5.8,2495|2512|6556,FTH1|FTL|SLC11A1,-0.95,Input ID
KEGG Pathway,24,hsa04371,Apelin signaling pathway,-3.3,19,7.1,24156,138,28,3,11,5.8,3709|6194|6696,ITPR2|RPS6|SPP1,-0.9,Input ID
GO Biological Processes,19,GO:0006875,cellular metal ion homeostasis,-3.3,7.2,5.3,24156,596,28,5,18,7.2,483|2495|2512|3709|6556,ATP1B3|FTH1|FTL|ITPR2|SLC11A1,-0.89,Input ID
GO Biological Processes,19,GO:0055067,monovalent inorganic cation homeostasis,-3.1,16,6.6,24156,157,28,3,11,5.8,483|6556|285195,ATP1B3|SLC11A1|SLC9A9,-0.75,Input ID
GO Biological Processes,19,GO:0055065,metal ion homeostasis,-3,6.5,4.9,24156,668,28,5,18,7.2,483|2495|2512|3709|6556,ATP1B3|FTH1|FTL|ITPR2|SLC11A1,-0.68,Input ID
GO Biological Processes,19,GO:0034470,ncRNA processing,-3,9,5.4,24156,383,28,4,14,6.6,6194|6209|9045|11224,RPS6|RPS15|RPL14|RPL35,-0.68,Input ID
GO Biological Processes,19,GO:0071346,cellular response to interferon-gamma,-2.9,14,6.1,24156,182,28,3,11,5.8,3119|3122|23521,HLA-DQB1|HLA-DRA|RPL13A,-0.57,Input ID
GO Biological Processes,19,GO:0048002,antigen processing and presentation of peptide antigen,-2.8,13,5.9,24156,195,28,3,11,5.8,3119|3122|6556,HLA-DQB1|HLA-DRA|SLC11A1,-0.49,Input ID
Reactome Gene Sets,6,R-HSA-913531,Interferon Signaling,-2.8,13,5.8,24156,200,28,3,11,5.8,3119|3122|6233,HLA-DQB1|HLA-DRA|RPS27A,-0.47,Input ID
GO Biological Processes,19,GO:0071804,cellular potassium ion transport,-2.7,12,5.5,24156,217,28,3,11,5.8,483|64805|285195,ATP1B3|P2RY12|SLC9A9,-0.37,Input ID
GO Biological Processes,19,GO:0071805,potassium ion transmembrane transport,-2.7,12,5.5,24156,217,28,3,11,5.8,483|64805|285195,ATP1B3|P2RY12|SLC9A9,-0.37,Input ID
GO Biological Processes,19,GO:0007584,response to nutrient,-2.7,12,5.5,24156,219,28,3,11,5.8,2180|6696|64805,ACSL1|SPP1|P2RY12,-0.37,Input ID
GO Biological Processes,19,GO:0070838,divalent metal ion transport,-2.6,7,4.6,24156,495,28,4,14,6.6,3709|6556|64805|81615,ITPR2|SLC11A1|P2RY12|TMEM163,-0.3,Input ID
GO Biological Processes,19,GO:0019882,antigen processing and presentation,-2.6,11,5.3,24156,233,28,3,11,5.8,3119|3122|6556,HLA-DQB1|HLA-DRA|SLC11A1,-0.3,Input ID
GO Biological Processes,19,GO:0022618,ribonucleoprotein complex assembly,-2.6,11,5.2,24156,236,28,3,11,5.8,6134|6209|23521,RPL10|RPS15|RPL13A,-0.29,Input ID
GO Biological Processes,19,GO:0072511,divalent inorganic cation transport,-2.6,6.9,4.5,24156,501,28,4,14,6.6,3709|6556|64805|81615,ITPR2|SLC11A1|P2RY12|TMEM163,-0.29,Input ID
GO Biological Processes,19,GO:0006813,potassium ion transport,-2.5,11,5.1,24156,246,28,3,11,5.8,483|64805|285195,ATP1B3|P2RY12|SLC9A9,-0.25,Input ID
GO Biological Processes,19,GO:0071826,ribonucleoprotein complex subunit organization,-2.5,10,5.1,24156,250,28,3,11,5.8,6134|6209|23521,RPL10|RPS15|RPL13A,-0.23,Input ID
GO Biological Processes,19,GO:0034660,ncRNA metabolic process,-2.4,6.1,4.2,24156,564,28,4,14,6.6,6194|6209|9045|11224,RPS6|RPS15|RPL14|RPL35,-0.12,Input ID
GO Biological Processes,19,GO:0033674,positive regulation of kinase activity,-2.3,5.6,4,24156,613,28,4,14,6.6,2180|6233|6556|64805,ACSL1|RPS27A|SLC11A1|P2RY12,0,Input ID
GO Biological Processes,19,GO:0051235,maintenance of location,-2.1,7.5,4.2,24156,343,28,3,11,5.8,2495|2512|3709,FTH1|FTL|ITPR2,0,Input ID
GO Biological Processes,19,GO:0009611,response to wounding,-2.1,5,3.6,24156,691,28,4,14,6.6,3709|6556|6696|64805,ITPR2|SLC11A1|SPP1|P2RY12,0,Input ID
GO Biological Processes,19,GO:0051347,positive regulation of transferase activity,-2.1,5,3.6,24156,692,28,4,14,6.6,2180|6233|6556|64805,ACSL1|RPS27A|SLC11A1|P2RY12,0,Input ID
