,_MEMBER_Input ID,_LogP_Input ID,GO,Description,_PATTERN_,_RANK_,GiniIndex
19_GO:0007584,1,-2.7,GO:0007584,response to nutrient,M1,1,0
19_GO:0034655,1,-8.7,GO:0034655,nucleobase-containing compound catabolic process,M1,1,0
6_R-HSA-72662,1,-4.4,R-HSA-72662,"Activation of the mRNA upon binding of the cap-binding complex and eIFs, and subsequent binding to 4",M1,1,0
6_R-HSA-8953897,1,-7.8,R-HSA-8953897,Cellular responses to external stimuli,M1,1,0
19_GO:0071346,1,-2.9,GO:0071346,cellular response to interferon-gamma,M1,1,0
6_R-HSA-72695,1,-4.6,R-HSA-72695,"Formation of the ternary complex, and subsequently, the 43S complex",M1,1,0
19_GO:0019882,1,-2.6,GO:0019882,antigen processing and presentation,M1,1,0
19_GO:0000041,1,-5.1,GO:0000041,transition metal ion transport,M1,1,0
19_GO:0019083,1,-11,GO:0019083,viral transcription,M1,1,0
6_R-HSA-72766,1,-9,R-HSA-72766,Translation,M1,1,0
19_GO:0070838,1,-2.6,GO:0070838,divalent metal ion transport,M1,1,0
6_R-HSA-71291,1,-8.1,R-HSA-71291,Metabolism of amino acids and derivatives,M1,1,0
19_GO:0090150,1,-8.6,GO:0090150,establishment of protein localization to membrane,M1,1,0
6_R-HSA-376176,1,-10,R-HSA-376176,Signaling by ROBO receptors,M1,1,0
19_GO:0098771,1,-3.7,GO:0098771,inorganic ion homeostasis,M1,1,0
6_R-HSA-72706,1,-12,R-HSA-72706,GTP hydrolysis and joining of the 60S ribosomal subunit,M1,1,0
6_R-HSA-72613,1,-12,R-HSA-72613,Eukaryotic Translation Initiation,M1,1,0
6_R-HSA-2262752,1,-7.9,R-HSA-2262752,Cellular responses to stress,M1,1,0
19_GO:0072511,1,-2.6,GO:0072511,divalent inorganic cation transport,M1,1,0
19_GO:0000184,1,-12,GO:0000184,"nuclear-transcribed mRNA catabolic process, nonsense-mediated decay",M1,1,0
19_GO:0006879,1,-4.3,GO:0006879,cellular iron ion homeostasis,M1,1,0
19_GO:0006612,1,-10,GO:0006612,protein targeting to membrane,M1,1,0
19_GO:0071804,1,-2.7,GO:0071804,cellular potassium ion transport,M1,1,0
6_R-HSA-156842,1,-13,R-HSA-156842,Eukaryotic Translation Elongation,M1,1,0
19_GO:0042273,1,-4.1,GO:0042273,ribosomal large subunit biogenesis,M1,1,0
6_R-HSA-1799339,1,-12,R-HSA-1799339,SRP-dependent cotranslational protein targeting to membrane,M1,1,0
19_GO:0071826,1,-2.5,GO:0071826,ribonucleoprotein complex subunit organization,M1,1,0
19_GO:0006605,1,-7.7,GO:0006605,protein targeting,M1,1,0
19_GO:0042254,1,-4.7,GO:0042254,ribosome biogenesis,M1,1,0
19_GO:0043043,1,-5.8,GO:0043043,peptide biosynthetic process,M1,1,0
6_R-HSA-72702,1,-4.4,R-HSA-72702,Ribosomal scanning and start codon recognition,M1,1,0
24_hsa04978,1,-4.6,hsa04978,Mineral absorption,M1,1,0
19_GO:0072657,1,-7.7,GO:0072657,protein localization to membrane,M1,1,0
19_GO:0006826,1,-4.2,GO:0006826,iron ion transport,M1,1,0
19_GO:0034341,1,-4.1,GO:0034341,response to interferon-gamma,M1,1,0
6_R-HSA-8953854,1,-6.2,R-HSA-8953854,Metabolism of RNA,M1,1,0
6_R-HSA-72312,1,-10,R-HSA-72312,rRNA processing,M1,1,0
19_GO:0022613,1,-4.9,GO:0022613,ribonucleoprotein complex biogenesis,M1,1,0
6_R-HSA-382551,1,-3.8,R-HSA-382551,Transport of small molecules,M1,1,0
6_R-HSA-202403,1,-3.4,R-HSA-202403,TCR signaling,M1,1,0
19_GO:0019439,1,-8.3,GO:0019439,aromatic compound catabolic process,M1,1,0
19_GO:0006364,1,-4,GO:0006364,rRNA processing,M1,1,0
19_GO:0051347,1,-2.1,GO:0051347,positive regulation of transferase activity,M1,1,0
19_GO:0006875,1,-3.3,GO:0006875,cellular metal ion homeostasis,M1,1,0
19_GO:0070972,1,-12,GO:0070972,protein localization to endoplasmic reticulum,M1,1,0
19_GO:0016072,1,-3.7,GO:0016072,rRNA metabolic process,M1,1,0
6_R-HSA-72737,1,-12,R-HSA-72737,Cap-dependent Translation Initiation,M1,1,0
6_R-HSA-9010553,1,-11,R-HSA-9010553,Regulation of expression of SLITs and ROBOs,M1,1,0
19_GO:0006402,1,-9.6,GO:0006402,mRNA catabolic process,M1,1,0
6_R-HSA-975956,1,-13,R-HSA-975956,Nonsense Mediated Decay (NMD) independent of the Exon Junction Complex (EJC),M1,1,0
33_CORUM:338,1,-5.2,CORUM:338,"40S ribosomal subunit, cytoplasmic",M1,1,0
19_GO:0006613,1,-13,GO:0006613,cotranslational protein targeting to membrane,M1,1,0
24_hsa03010,1,-11,hsa03010,Ribosome,M1,1,0
6_R-HSA-2408557,1,-13,R-HSA-2408557,Selenocysteine synthesis,M1,1,0
19_GO:0044270,1,-8.4,GO:0044270,cellular nitrogen compound catabolic process,M1,1,0
19_GO:0055067,1,-3.1,GO:0055067,monovalent inorganic cation homeostasis,M1,1,0
19_GO:0046916,1,-3.6,GO:0046916,cellular transition metal ion homeostasis,M1,1,0
19_GO:0006412,1,-5.9,GO:0006412,translation,M1,1,0
19_GO:0030004,1,-3.5,GO:0030004,cellular monovalent inorganic cation homeostasis,M1,1,0
33_CORUM:306,1,-14,CORUM:306,"Ribosome, cytoplasmic",M1,1,0
6_R-HSA-202424,1,-3.7,R-HSA-202424,Downstream TCR signaling,M1,1,0
33_CORUM:308,1,-8.7,CORUM:308,"60S ribosomal subunit, cytoplasmic",M1,1,0
19_GO:0055080,1,-3.7,GO:0055080,cation homeostasis,M1,1,0
19_GO:0009611,1,-2.1,GO:0009611,response to wounding,M1,1,0
33_CORUM:3055,1,-8.7,CORUM:3055,Nop56p-associated pre-rRNA complex,M1,1,0
19_GO:0030003,1,-4,GO:0030003,cellular cation homeostasis,M1,1,0
6_R-HSA-72764,1,-13,R-HSA-72764,Eukaryotic Translation Termination,M1,1,0
6_R-HSA-192823,1,-13,R-HSA-192823,Viral mRNA Translation,M1,1,0
6_R-HSA-927802,1,-12,R-HSA-927802,Nonsense-Mediated Decay (NMD),M1,1,0
19_GO:0055072,1,-4,GO:0055072,iron ion homeostasis,M1,1,0
19_GO:0072599,1,-12,GO:0072599,establishment of protein localization to endoplasmic reticulum,M1,1,0
6_R-HSA-975957,1,-12,R-HSA-975957,Nonsense Mediated Decay (NMD) enhanced by the Exon Junction Complex (EJC),M1,1,0
19_GO:0022618,1,-2.6,GO:0022618,ribonucleoprotein complex assembly,M1,1,0
19_GO:1901361,1,-9.4,GO:1901361,organic cyclic compound catabolic process,M1,1,0
33_CORUM:305,1,-5.1,CORUM:305,"40S ribosomal subunit, cytoplasmic",M1,1,0
19_GO:0006614,1,-13,GO:0006614,SRP-dependent cotranslational protein targeting to membrane,M1,1,0
6_R-HSA-917937,1,-4.4,R-HSA-917937,Iron uptake and transport,M1,1,0
19_GO:0033674,1,-2.3,GO:0033674,positive regulation of kinase activity,M1,1,0
19_GO:0019080,1,-10,GO:0019080,viral gene expression,M1,1,0
19_GO:0006813,1,-2.5,GO:0006813,potassium ion transport,M1,1,0
19_GO:0051235,1,-2.1,GO:0051235,maintenance of location,M1,1,0
19_GO:0045047,1,-12,GO:0045047,protein targeting to ER,M1,1,0
6_R-HSA-2408522,1,-12,R-HSA-2408522,Selenoamino acid metabolism,M1,1,0
6_R-HSA-913531,1,-2.8,R-HSA-913531,Interferon Signaling,M1,1,0
24_hsa04371,1,-3.3,hsa04371,Apelin signaling pathway,M1,1,0
19_GO:0072594,1,-6.9,GO:0072594,establishment of protein localization to organelle,M1,1,0
6_R-HSA-8868773,1,-10,R-HSA-8868773,rRNA processing in the nucleus and cytosol,M1,1,0
19_GO:0034660,1,-2.4,GO:0034660,ncRNA metabolic process,M1,1,0
6_R-HSA-156827,1,-12,R-HSA-156827,L13a-mediated translational silencing of Ceruloplasmin expression,M1,1,0
6_R-HSA-156902,1,-13,R-HSA-156902,Peptide chain elongation,M1,1,0
19_GO:0071805,1,-2.7,GO:0071805,potassium ion transmembrane transport,M1,1,0
19_GO:0055076,1,-3.3,GO:0055076,transition metal ion homeostasis,M1,1,0
19_GO:0048002,1,-2.8,GO:0048002,antigen processing and presentation of peptide antigen,M1,1,0
19_GO:0006413,1,-10,GO:0006413,translational initiation,M1,1,0
19_GO:0006401,1,-9.2,GO:0006401,RNA catabolic process,M1,1,0
6_R-HSA-9633012,1,-13,R-HSA-9633012,Response of EIF2AK4 (GCN2) to amino acid deficiency,M1,1,0
19_GO:0034470,1,-3,GO:0034470,ncRNA processing,M1,1,0
19_GO:0098662,1,-3.7,GO:0098662,inorganic cation transmembrane transport,M1,1,0
6_R-HSA-72649,1,-4.4,R-HSA-72649,Translation initiation complex formation,M1,1,0
24_hsa04216,1,-4.9,hsa04216,Ferroptosis,M1,1,0
6_R-HSA-168255,1,-11,R-HSA-168255,Influenza Infection,M1,1,0
6_R-HSA-9675108,1,-6.7,R-HSA-9675108,Nervous system development,M1,1,0
19_GO:0055065,1,-3,GO:0055065,metal ion homeostasis,M1,1,0
6_R-HSA-422475,1,-6.8,R-HSA-422475,Axon guidance,M1,1,0
6_R-HSA-6791226,1,-11,R-HSA-6791226,Major pathway of rRNA processing in the nucleolus and cytosol,M1,1,0
19_GO:0000956,1,-10,GO:0000956,nuclear-transcribed mRNA catabolic process,M1,1,0
6_R-HSA-72689,1,-13,R-HSA-72689,Formation of a pool of free 40S subunits,M1,1,0
19_GO:0006873,1,-3.9,GO:0006873,cellular ion homeostasis,M1,1,0
6_R-HSA-168273,1,-11,R-HSA-168273,Influenza Viral RNA Transcription and Replication,M1,1,0
19_GO:0046700,1,-8.4,GO:0046700,heterocycle catabolic process,M1,1,0
