Category,CategoryID,GO,Description,LogP,Enrichment,Z-score,#TotalGeneInLibrary,#GeneInGO,#GeneInHitList,#GeneInGOAndHitList,%InGO,STDV %InGO,GeneID,Hits,Log(q-value),GeneList
CORUM,33,CORUM:306,"Ribosome, cytoplasmic",-81,1.9e+02,84,24156,80,58,37,64,6.3,2197|4736|6122|6124|6128|6129|6134|6135|6137|6143|6144|6147|6157|6158|6160|6161|6171|6176|6181|6188|6191|6194|6202|6205|6208|6209|6217|6224|6228|6229|6230|6233|6235|9045|9349|11224|23521,FAU|RPL10A|RPL3|RPL4|RPL6|RPL7|RPL10|RPL11|RPL13|RPL19|RPL21|RPL23A|RPL27A|RPL28|RPL31|RPL32|RPL41|RPLP1|RPLP2|RPS3|RPS4X|RPS6|RPS8|RPS11|RPS14|RPS15|RPS16|RPS20|RPS23|RPS24|RPS25|RPS27A|RPS29|RPL14|RPL23|RPL35|RPL13A,-76,Input ID
Reactome Gene Sets,6,R-HSA-156902,Peptide chain elongation,-78,1.7e+02,80,24156,89,58,37,64,6.3,1915|4736|6122|6124|6128|6129|6134|6135|6137|6143|6144|6147|6157|6158|6160|6161|6171|6176|6181|6188|6191|6194|6202|6205|6208|6209|6217|6224|6228|6229|6230|6233|6235|9045|9349|11224|23521,EEF1A1|RPL10A|RPL3|RPL4|RPL6|RPL7|RPL10|RPL11|RPL13|RPL19|RPL21|RPL23A|RPL27A|RPL28|RPL31|RPL32|RPL41|RPLP1|RPLP2|RPS3|RPS4X|RPS6|RPS8|RPS11|RPS14|RPS15|RPS16|RPS20|RPS23|RPS24|RPS25|RPS27A|RPS29|RPL14|RPL23|RPL35|RPL13A,-74,Input ID
Reactome Gene Sets,6,R-HSA-156842,Eukaryotic Translation Elongation,-77,1.7e+02,78,24156,93,58,37,64,6.3,1915|4736|6122|6124|6128|6129|6134|6135|6137|6143|6144|6147|6157|6158|6160|6161|6171|6176|6181|6188|6191|6194|6202|6205|6208|6209|6217|6224|6228|6229|6230|6233|6235|9045|9349|11224|23521,EEF1A1|RPL10A|RPL3|RPL4|RPL6|RPL7|RPL10|RPL11|RPL13|RPL19|RPL21|RPL23A|RPL27A|RPL28|RPL31|RPL32|RPL41|RPLP1|RPLP2|RPS3|RPS4X|RPS6|RPS8|RPS11|RPS14|RPS15|RPS16|RPS20|RPS23|RPS24|RPS25|RPS27A|RPS29|RPL14|RPL23|RPL35|RPL13A,-74,Input ID
Reactome Gene Sets,6,R-HSA-72764,Eukaryotic Translation Termination,-75,1.6e+02,76,24156,93,58,36,62,6.4,4736|6122|6124|6128|6129|6134|6135|6137|6143|6144|6147|6157|6158|6160|6161|6171|6176|6181|6188|6191|6194|6202|6205|6208|6209|6217|6224|6228|6229|6230|6233|6235|9045|9349|11224|23521,RPL10A|RPL3|RPL4|RPL6|RPL7|RPL10|RPL11|RPL13|RPL19|RPL21|RPL23A|RPL27A|RPL28|RPL31|RPL32|RPL41|RPLP1|RPLP2|RPS3|RPS4X|RPS6|RPS8|RPS11|RPS14|RPS15|RPS16|RPS20|RPS23|RPS24|RPS25|RPS27A|RPS29|RPL14|RPL23|RPL35|RPL13A,-71,Input ID
Reactome Gene Sets,6,R-HSA-2408557,Selenocysteine synthesis,-75,1.6e+02,76,24156,93,58,36,62,6.4,4736|6122|6124|6128|6129|6134|6135|6137|6143|6144|6147|6157|6158|6160|6161|6171|6176|6181|6188|6191|6194|6202|6205|6208|6209|6217|6224|6228|6229|6230|6233|6235|9045|9349|11224|23521,RPL10A|RPL3|RPL4|RPL6|RPL7|RPL10|RPL11|RPL13|RPL19|RPL21|RPL23A|RPL27A|RPL28|RPL31|RPL32|RPL41|RPLP1|RPLP2|RPS3|RPS4X|RPS6|RPS8|RPS11|RPS14|RPS15|RPS16|RPS20|RPS23|RPS24|RPS25|RPS27A|RPS29|RPL14|RPL23|RPL35|RPL13A,-71,Input ID
Reactome Gene Sets,6,R-HSA-975956,Nonsense Mediated Decay (NMD) independent of the Exon Junction Complex (EJC),-74,1.6e+02,75,24156,95,58,36,62,6.4,4736|6122|6124|6128|6129|6134|6135|6137|6143|6144|6147|6157|6158|6160|6161|6171|6176|6181|6188|6191|6194|6202|6205|6208|6209|6217|6224|6228|6229|6230|6233|6235|9045|9349|11224|23521,RPL10A|RPL3|RPL4|RPL6|RPL7|RPL10|RPL11|RPL13|RPL19|RPL21|RPL23A|RPL27A|RPL28|RPL31|RPL32|RPL41|RPLP1|RPLP2|RPS3|RPS4X|RPS6|RPS8|RPS11|RPS14|RPS15|RPS16|RPS20|RPS23|RPS24|RPS25|RPS27A|RPS29|RPL14|RPL23|RPL35|RPL13A,-71,Input ID
GO Biological Processes,19,GO:0006614,SRP-dependent cotranslational protein targeting to membrane,-74,1.6e+02,75,24156,95,58,36,62,6.4,4736|6122|6124|6128|6129|6134|6135|6137|6143|6144|6147|6157|6158|6160|6161|6171|6176|6181|6188|6191|6194|6202|6205|6208|6209|6217|6224|6228|6229|6230|6233|6235|9045|9349|11224|23521,RPL10A|RPL3|RPL4|RPL6|RPL7|RPL10|RPL11|RPL13|RPL19|RPL21|RPL23A|RPL27A|RPL28|RPL31|RPL32|RPL41|RPLP1|RPLP2|RPS3|RPS4X|RPS6|RPS8|RPS11|RPS14|RPS15|RPS16|RPS20|RPS23|RPS24|RPS25|RPS27A|RPS29|RPL14|RPL23|RPL35|RPL13A,-71,Input ID
GO Biological Processes,19,GO:0006613,cotranslational protein targeting to membrane,-73,1.5e+02,74,24156,99,58,36,62,6.4,4736|6122|6124|6128|6129|6134|6135|6137|6143|6144|6147|6157|6158|6160|6161|6171|6176|6181|6188|6191|6194|6202|6205|6208|6209|6217|6224|6228|6229|6230|6233|6235|9045|9349|11224|23521,RPL10A|RPL3|RPL4|RPL6|RPL7|RPL10|RPL11|RPL13|RPL19|RPL21|RPL23A|RPL27A|RPL28|RPL31|RPL32|RPL41|RPLP1|RPLP2|RPS3|RPS4X|RPS6|RPS8|RPS11|RPS14|RPS15|RPS16|RPS20|RPS23|RPS24|RPS25|RPS27A|RPS29|RPL14|RPL23|RPL35|RPL13A,-70,Input ID
Reactome Gene Sets,6,R-HSA-192823,Viral mRNA Translation,-73,1.5e+02,73,24156,100,58,36,62,6.4,4736|6122|6124|6128|6129|6134|6135|6137|6143|6144|6147|6157|6158|6160|6161|6171|6176|6181|6188|6191|6194|6202|6205|6208|6209|6217|6224|6228|6229|6230|6233|6235|9045|9349|11224|23521,RPL10A|RPL3|RPL4|RPL6|RPL7|RPL10|RPL11|RPL13|RPL19|RPL21|RPL23A|RPL27A|RPL28|RPL31|RPL32|RPL41|RPLP1|RPLP2|RPS3|RPS4X|RPS6|RPS8|RPS11|RPS14|RPS15|RPS16|RPS20|RPS23|RPS24|RPS25|RPS27A|RPS29|RPL14|RPL23|RPL35|RPL13A,-70,Input ID
Reactome Gene Sets,6,R-HSA-9633012,Response of EIF2AK4 (GCN2) to amino acid deficiency,-73,1.5e+02,73,24156,101,58,36,62,6.4,4736|6122|6124|6128|6129|6134|6135|6137|6143|6144|6147|6157|6158|6160|6161|6171|6176|6181|6188|6191|6194|6202|6205|6208|6209|6217|6224|6228|6229|6230|6233|6235|9045|9349|11224|23521,RPL10A|RPL3|RPL4|RPL6|RPL7|RPL10|RPL11|RPL13|RPL19|RPL21|RPL23A|RPL27A|RPL28|RPL31|RPL32|RPL41|RPLP1|RPLP2|RPS3|RPS4X|RPS6|RPS8|RPS11|RPS14|RPS15|RPS16|RPS20|RPS23|RPS24|RPS25|RPS27A|RPS29|RPL14|RPL23|RPL35|RPL13A,-70,Input ID
Reactome Gene Sets,6,R-HSA-72689,Formation of a pool of free 40S subunits,-73,1.5e+02,73,24156,101,58,36,62,6.4,4736|6122|6124|6128|6129|6134|6135|6137|6143|6144|6147|6157|6158|6160|6161|6171|6176|6181|6188|6191|6194|6202|6205|6208|6209|6217|6224|6228|6229|6230|6233|6235|9045|9349|11224|23521,RPL10A|RPL3|RPL4|RPL6|RPL7|RPL10|RPL11|RPL13|RPL19|RPL21|RPL23A|RPL27A|RPL28|RPL31|RPL32|RPL41|RPLP1|RPLP2|RPS3|RPS4X|RPS6|RPS8|RPS11|RPS14|RPS15|RPS16|RPS20|RPS23|RPS24|RPS25|RPS27A|RPS29|RPL14|RPL23|RPL35|RPL13A,-70,Input ID
GO Biological Processes,19,GO:0045047,protein targeting to ER,-72,1.4e+02,70,24156,109,58,36,62,6.4,4736|6122|6124|6128|6129|6134|6135|6137|6143|6144|6147|6157|6158|6160|6161|6171|6176|6181|6188|6191|6194|6202|6205|6208|6209|6217|6224|6228|6229|6230|6233|6235|9045|9349|11224|23521,RPL10A|RPL3|RPL4|RPL6|RPL7|RPL10|RPL11|RPL13|RPL19|RPL21|RPL23A|RPL27A|RPL28|RPL31|RPL32|RPL41|RPLP1|RPLP2|RPS3|RPS4X|RPS6|RPS8|RPS11|RPS14|RPS15|RPS16|RPS20|RPS23|RPS24|RPS25|RPS27A|RPS29|RPL14|RPL23|RPL35|RPL13A,-68,Input ID
Reactome Gene Sets,6,R-HSA-156827,L13a-mediated translational silencing of Ceruloplasmin expression,-71,1.4e+02,69,24156,111,58,36,62,6.4,4736|6122|6124|6128|6129|6134|6135|6137|6143|6144|6147|6157|6158|6160|6161|6171|6176|6181|6188|6191|6194|6202|6205|6208|6209|6217|6224|6228|6229|6230|6233|6235|9045|9349|11224|23521,RPL10A|RPL3|RPL4|RPL6|RPL7|RPL10|RPL11|RPL13|RPL19|RPL21|RPL23A|RPL27A|RPL28|RPL31|RPL32|RPL41|RPLP1|RPLP2|RPS3|RPS4X|RPS6|RPS8|RPS11|RPS14|RPS15|RPS16|RPS20|RPS23|RPS24|RPS25|RPS27A|RPS29|RPL14|RPL23|RPL35|RPL13A,-68,Input ID
Reactome Gene Sets,6,R-HSA-72706,GTP hydrolysis and joining of the 60S ribosomal subunit,-71,1.3e+02,69,24156,112,58,36,62,6.4,4736|6122|6124|6128|6129|6134|6135|6137|6143|6144|6147|6157|6158|6160|6161|6171|6176|6181|6188|6191|6194|6202|6205|6208|6209|6217|6224|6228|6229|6230|6233|6235|9045|9349|11224|23521,RPL10A|RPL3|RPL4|RPL6|RPL7|RPL10|RPL11|RPL13|RPL19|RPL21|RPL23A|RPL27A|RPL28|RPL31|RPL32|RPL41|RPLP1|RPLP2|RPS3|RPS4X|RPS6|RPS8|RPS11|RPS14|RPS15|RPS16|RPS20|RPS23|RPS24|RPS25|RPS27A|RPS29|RPL14|RPL23|RPL35|RPL13A,-68,Input ID
Reactome Gene Sets,6,R-HSA-1799339,SRP-dependent cotranslational protein targeting to membrane,-71,1.3e+02,69,24156,112,58,36,62,6.4,4736|6122|6124|6128|6129|6134|6135|6137|6143|6144|6147|6157|6158|6160|6161|6171|6176|6181|6188|6191|6194|6202|6205|6208|6209|6217|6224|6228|6229|6230|6233|6235|9045|9349|11224|23521,RPL10A|RPL3|RPL4|RPL6|RPL7|RPL10|RPL11|RPL13|RPL19|RPL21|RPL23A|RPL27A|RPL28|RPL31|RPL32|RPL41|RPLP1|RPLP2|RPS3|RPS4X|RPS6|RPS8|RPS11|RPS14|RPS15|RPS16|RPS20|RPS23|RPS24|RPS25|RPS27A|RPS29|RPL14|RPL23|RPL35|RPL13A,-68,Input ID
GO Biological Processes,19,GO:0072599,establishment of protein localization to endoplasmic reticulum,-71,1.3e+02,69,24156,113,58,36,62,6.4,4736|6122|6124|6128|6129|6134|6135|6137|6143|6144|6147|6157|6158|6160|6161|6171|6176|6181|6188|6191|6194|6202|6205|6208|6209|6217|6224|6228|6229|6230|6233|6235|9045|9349|11224|23521,RPL10A|RPL3|RPL4|RPL6|RPL7|RPL10|RPL11|RPL13|RPL19|RPL21|RPL23A|RPL27A|RPL28|RPL31|RPL32|RPL41|RPLP1|RPLP2|RPS3|RPS4X|RPS6|RPS8|RPS11|RPS14|RPS15|RPS16|RPS20|RPS23|RPS24|RPS25|RPS27A|RPS29|RPL14|RPL23|RPL35|RPL13A,-68,Input ID
Reactome Gene Sets,6,R-HSA-975957,Nonsense Mediated Decay (NMD) enhanced by the Exon Junction Complex (EJC),-71,1.3e+02,68,24156,115,58,36,62,6.4,4736|6122|6124|6128|6129|6134|6135|6137|6143|6144|6147|6157|6158|6160|6161|6171|6176|6181|6188|6191|6194|6202|6205|6208|6209|6217|6224|6228|6229|6230|6233|6235|9045|9349|11224|23521,RPL10A|RPL3|RPL4|RPL6|RPL7|RPL10|RPL11|RPL13|RPL19|RPL21|RPL23A|RPL27A|RPL28|RPL31|RPL32|RPL41|RPLP1|RPLP2|RPS3|RPS4X|RPS6|RPS8|RPS11|RPS14|RPS15|RPS16|RPS20|RPS23|RPS24|RPS25|RPS27A|RPS29|RPL14|RPL23|RPL35|RPL13A,-67,Input ID
Reactome Gene Sets,6,R-HSA-927802,Nonsense-Mediated Decay (NMD),-71,1.3e+02,68,24156,115,58,36,62,6.4,4736|6122|6124|6128|6129|6134|6135|6137|6143|6144|6147|6157|6158|6160|6161|6171|6176|6181|6188|6191|6194|6202|6205|6208|6209|6217|6224|6228|6229|6230|6233|6235|9045|9349|11224|23521,RPL10A|RPL3|RPL4|RPL6|RPL7|RPL10|RPL11|RPL13|RPL19|RPL21|RPL23A|RPL27A|RPL28|RPL31|RPL32|RPL41|RPLP1|RPLP2|RPS3|RPS4X|RPS6|RPS8|RPS11|RPS14|RPS15|RPS16|RPS20|RPS23|RPS24|RPS25|RPS27A|RPS29|RPL14|RPL23|RPL35|RPL13A,-67,Input ID
Reactome Gene Sets,6,R-HSA-2408522,Selenoamino acid metabolism,-70,1.3e+02,67,24156,118,58,36,62,6.4,4736|6122|6124|6128|6129|6134|6135|6137|6143|6144|6147|6157|6158|6160|6161|6171|6176|6181|6188|6191|6194|6202|6205|6208|6209|6217|6224|6228|6229|6230|6233|6235|9045|9349|11224|23521,RPL10A|RPL3|RPL4|RPL6|RPL7|RPL10|RPL11|RPL13|RPL19|RPL21|RPL23A|RPL27A|RPL28|RPL31|RPL32|RPL41|RPLP1|RPLP2|RPS3|RPS4X|RPS6|RPS8|RPS11|RPS14|RPS15|RPS16|RPS20|RPS23|RPS24|RPS25|RPS27A|RPS29|RPL14|RPL23|RPL35|RPL13A,-67,Input ID
Reactome Gene Sets,6,R-HSA-72613,Eukaryotic Translation Initiation,-70,1.3e+02,67,24156,119,58,36,62,6.4,4736|6122|6124|6128|6129|6134|6135|6137|6143|6144|6147|6157|6158|6160|6161|6171|6176|6181|6188|6191|6194|6202|6205|6208|6209|6217|6224|6228|6229|6230|6233|6235|9045|9349|11224|23521,RPL10A|RPL3|RPL4|RPL6|RPL7|RPL10|RPL11|RPL13|RPL19|RPL21|RPL23A|RPL27A|RPL28|RPL31|RPL32|RPL41|RPLP1|RPLP2|RPS3|RPS4X|RPS6|RPS8|RPS11|RPS14|RPS15|RPS16|RPS20|RPS23|RPS24|RPS25|RPS27A|RPS29|RPL14|RPL23|RPL35|RPL13A,-67,Input ID
Reactome Gene Sets,6,R-HSA-72737,Cap-dependent Translation Initiation,-70,1.3e+02,67,24156,119,58,36,62,6.4,4736|6122|6124|6128|6129|6134|6135|6137|6143|6144|6147|6157|6158|6160|6161|6171|6176|6181|6188|6191|6194|6202|6205|6208|6209|6217|6224|6228|6229|6230|6233|6235|9045|9349|11224|23521,RPL10A|RPL3|RPL4|RPL6|RPL7|RPL10|RPL11|RPL13|RPL19|RPL21|RPL23A|RPL27A|RPL28|RPL31|RPL32|RPL41|RPLP1|RPLP2|RPS3|RPS4X|RPS6|RPS8|RPS11|RPS14|RPS15|RPS16|RPS20|RPS23|RPS24|RPS25|RPS27A|RPS29|RPL14|RPL23|RPL35|RPL13A,-67,Input ID
GO Biological Processes,19,GO:0000184,"nuclear-transcribed mRNA catabolic process, nonsense-mediated decay",-70,1.2e+02,67,24156,120,58,36,62,6.4,4736|6122|6124|6128|6129|6134|6135|6137|6143|6144|6147|6157|6158|6160|6161|6171|6176|6181|6188|6191|6194|6202|6205|6208|6209|6217|6224|6228|6229|6230|6233|6235|9045|9349|11224|23521,RPL10A|RPL3|RPL4|RPL6|RPL7|RPL10|RPL11|RPL13|RPL19|RPL21|RPL23A|RPL27A|RPL28|RPL31|RPL32|RPL41|RPLP1|RPLP2|RPS3|RPS4X|RPS6|RPS8|RPS11|RPS14|RPS15|RPS16|RPS20|RPS23|RPS24|RPS25|RPS27A|RPS29|RPL14|RPL23|RPL35|RPL13A,-67,Input ID
KEGG Pathway,24,hsa03010,Ribosome,-68,1e+02,61,24156,153,58,37,64,6.3,2197|4736|6122|6124|6128|6129|6134|6135|6137|6143|6144|6147|6157|6158|6160|6161|6171|6176|6181|6188|6191|6194|6202|6205|6208|6209|6217|6224|6228|6229|6230|6233|6235|9045|9349|11224|23521,FAU|RPL10A|RPL3|RPL4|RPL6|RPL7|RPL10|RPL11|RPL13|RPL19|RPL21|RPL23A|RPL27A|RPL28|RPL31|RPL32|RPL41|RPLP1|RPLP2|RPS3|RPS4X|RPS6|RPS8|RPS11|RPS14|RPS15|RPS16|RPS20|RPS23|RPS24|RPS25|RPS27A|RPS29|RPL14|RPL23|RPL35|RPL13A,-65,Input ID
GO Biological Processes,19,GO:0070972,protein localization to endoplasmic reticulum,-67,1.1e+02,62,24156,139,58,36,62,6.4,4736|6122|6124|6128|6129|6134|6135|6137|6143|6144|6147|6157|6158|6160|6161|6171|6176|6181|6188|6191|6194|6202|6205|6208|6209|6217|6224|6228|6229|6230|6233|6235|9045|9349|11224|23521,RPL10A|RPL3|RPL4|RPL6|RPL7|RPL10|RPL11|RPL13|RPL19|RPL21|RPL23A|RPL27A|RPL28|RPL31|RPL32|RPL41|RPLP1|RPLP2|RPS3|RPS4X|RPS6|RPS8|RPS11|RPS14|RPS15|RPS16|RPS20|RPS23|RPS24|RPS25|RPS27A|RPS29|RPL14|RPL23|RPL35|RPL13A,-64,Input ID
Reactome Gene Sets,6,R-HSA-168273,Influenza Viral RNA Transcription and Replication,-66,1e+02,61,24156,145,58,36,62,6.4,4736|6122|6124|6128|6129|6134|6135|6137|6143|6144|6147|6157|6158|6160|6161|6171|6176|6181|6188|6191|6194|6202|6205|6208|6209|6217|6224|6228|6229|6230|6233|6235|9045|9349|11224|23521,RPL10A|RPL3|RPL4|RPL6|RPL7|RPL10|RPL11|RPL13|RPL19|RPL21|RPL23A|RPL27A|RPL28|RPL31|RPL32|RPL41|RPLP1|RPLP2|RPS3|RPS4X|RPS6|RPS8|RPS11|RPS14|RPS15|RPS16|RPS20|RPS23|RPS24|RPS25|RPS27A|RPS29|RPL14|RPL23|RPL35|RPL13A,-63,Input ID
Reactome Gene Sets,6,R-HSA-168255,Influenza Infection,-64,90,57,24156,166,58,36,62,6.4,4736|6122|6124|6128|6129|6134|6135|6137|6143|6144|6147|6157|6158|6160|6161|6171|6176|6181|6188|6191|6194|6202|6205|6208|6209|6217|6224|6228|6229|6230|6233|6235|9045|9349|11224|23521,RPL10A|RPL3|RPL4|RPL6|RPL7|RPL10|RPL11|RPL13|RPL19|RPL21|RPL23A|RPL27A|RPL28|RPL31|RPL32|RPL41|RPLP1|RPLP2|RPS3|RPS4X|RPS6|RPS8|RPS11|RPS14|RPS15|RPS16|RPS20|RPS23|RPS24|RPS25|RPS27A|RPS29|RPL14|RPL23|RPL35|RPL13A,-61,Input ID
Reactome Gene Sets,6,R-HSA-9010553,Regulation of expression of SLITs and ROBOs,-63,88,56,24156,171,58,36,62,6.4,4736|6122|6124|6128|6129|6134|6135|6137|6143|6144|6147|6157|6158|6160|6161|6171|6176|6181|6188|6191|6194|6202|6205|6208|6209|6217|6224|6228|6229|6230|6233|6235|9045|9349|11224|23521,RPL10A|RPL3|RPL4|RPL6|RPL7|RPL10|RPL11|RPL13|RPL19|RPL21|RPL23A|RPL27A|RPL28|RPL31|RPL32|RPL41|RPLP1|RPLP2|RPS3|RPS4X|RPS6|RPS8|RPS11|RPS14|RPS15|RPS16|RPS20|RPS23|RPS24|RPS25|RPS27A|RPS29|RPL14|RPL23|RPL35|RPL13A,-61,Input ID
GO Biological Processes,19,GO:0019083,viral transcription,-63,85,55,24156,177,58,36,62,6.4,4736|6122|6124|6128|6129|6134|6135|6137|6143|6144|6147|6157|6158|6160|6161|6171|6176|6181|6188|6191|6194|6202|6205|6208|6209|6217|6224|6228|6229|6230|6233|6235|9045|9349|11224|23521,RPL10A|RPL3|RPL4|RPL6|RPL7|RPL10|RPL11|RPL13|RPL19|RPL21|RPL23A|RPL27A|RPL28|RPL31|RPL32|RPL41|RPLP1|RPLP2|RPS3|RPS4X|RPS6|RPS8|RPS11|RPS14|RPS15|RPS16|RPS20|RPS23|RPS24|RPS25|RPS27A|RPS29|RPL14|RPL23|RPL35|RPL13A,-60,Input ID
Reactome Gene Sets,6,R-HSA-6791226,Major pathway of rRNA processing in the nucleolus and cytosol,-62,81,53,24156,186,58,36,62,6.4,4736|6122|6124|6128|6129|6134|6135|6137|6143|6144|6147|6157|6158|6160|6161|6171|6176|6181|6188|6191|6194|6202|6205|6208|6209|6217|6224|6228|6229|6230|6233|6235|9045|9349|11224|23521,RPL10A|RPL3|RPL4|RPL6|RPL7|RPL10|RPL11|RPL13|RPL19|RPL21|RPL23A|RPL27A|RPL28|RPL31|RPL32|RPL41|RPLP1|RPLP2|RPS3|RPS4X|RPS6|RPS8|RPS11|RPS14|RPS15|RPS16|RPS20|RPS23|RPS24|RPS25|RPS27A|RPS29|RPL14|RPL23|RPL35|RPL13A,-59,Input ID
CORUM,33,CORUM:3055,Nop56p-associated pre-rRNA complex,-62,1.3e+02,64,24156,104,58,32,55,6.5,1915|4736|4904|6122|6124|6128|6129|6134|6135|6137|6143|6144|6147|6157|6158|6160|6161|6176|6181|6194|6202|6205|6208|6209|6217|6228|6229|6235|9045|9349|11224|23521,EEF1A1|RPL10A|YBX1|RPL3|RPL4|RPL6|RPL7|RPL10|RPL11|RPL13|RPL19|RPL21|RPL23A|RPL27A|RPL28|RPL31|RPL32|RPLP1|RPLP2|RPS6|RPS8|RPS11|RPS14|RPS15|RPS16|RPS23|RPS24|RPS29|RPL14|RPL23|RPL35|RPL13A,-59,Input ID
GO Biological Processes,19,GO:0006413,translational initiation,-61,78,53,24156,192,58,36,62,6.4,4736|6122|6124|6128|6129|6134|6135|6137|6143|6144|6147|6157|6158|6160|6161|6171|6176|6181|6188|6191|6194|6202|6205|6208|6209|6217|6224|6228|6229|6230|6233|6235|9045|9349|11224|23521,RPL10A|RPL3|RPL4|RPL6|RPL7|RPL10|RPL11|RPL13|RPL19|RPL21|RPL23A|RPL27A|RPL28|RPL31|RPL32|RPL41|RPLP1|RPLP2|RPS3|RPS4X|RPS6|RPS8|RPS11|RPS14|RPS15|RPS16|RPS20|RPS23|RPS24|RPS25|RPS27A|RPS29|RPL14|RPL23|RPL35|RPL13A,-59,Input ID
GO Biological Processes,19,GO:0006612,protein targeting to membrane,-61,77,52,24156,194,58,36,62,6.4,4736|6122|6124|6128|6129|6134|6135|6137|6143|6144|6147|6157|6158|6160|6161|6171|6176|6181|6188|6191|6194|6202|6205|6208|6209|6217|6224|6228|6229|6230|6233|6235|9045|9349|11224|23521,RPL10A|RPL3|RPL4|RPL6|RPL7|RPL10|RPL11|RPL13|RPL19|RPL21|RPL23A|RPL27A|RPL28|RPL31|RPL32|RPL41|RPLP1|RPLP2|RPS3|RPS4X|RPS6|RPS8|RPS11|RPS14|RPS15|RPS16|RPS20|RPS23|RPS24|RPS25|RPS27A|RPS29|RPL14|RPL23|RPL35|RPL13A,-58,Input ID
GO Biological Processes,19,GO:0019080,viral gene expression,-61,77,52,24156,194,58,36,62,6.4,4736|6122|6124|6128|6129|6134|6135|6137|6143|6144|6147|6157|6158|6160|6161|6171|6176|6181|6188|6191|6194|6202|6205|6208|6209|6217|6224|6228|6229|6230|6233|6235|9045|9349|11224|23521,RPL10A|RPL3|RPL4|RPL6|RPL7|RPL10|RPL11|RPL13|RPL19|RPL21|RPL23A|RPL27A|RPL28|RPL31|RPL32|RPL41|RPLP1|RPLP2|RPS3|RPS4X|RPS6|RPS8|RPS11|RPS14|RPS15|RPS16|RPS20|RPS23|RPS24|RPS25|RPS27A|RPS29|RPL14|RPL23|RPL35|RPL13A,-58,Input ID
Reactome Gene Sets,6,R-HSA-8868773,rRNA processing in the nucleus and cytosol,-61,76,52,24156,196,58,36,62,6.4,4736|6122|6124|6128|6129|6134|6135|6137|6143|6144|6147|6157|6158|6160|6161|6171|6176|6181|6188|6191|6194|6202|6205|6208|6209|6217|6224|6228|6229|6230|6233|6235|9045|9349|11224|23521,RPL10A|RPL3|RPL4|RPL6|RPL7|RPL10|RPL11|RPL13|RPL19|RPL21|RPL23A|RPL27A|RPL28|RPL31|RPL32|RPL41|RPLP1|RPLP2|RPS3|RPS4X|RPS6|RPS8|RPS11|RPS14|RPS15|RPS16|RPS20|RPS23|RPS24|RPS25|RPS27A|RPS29|RPL14|RPL23|RPL35|RPL13A,-58,Input ID
Reactome Gene Sets,6,R-HSA-72312,rRNA processing,-60,73,51,24156,206,58,36,62,6.4,4736|6122|6124|6128|6129|6134|6135|6137|6143|6144|6147|6157|6158|6160|6161|6171|6176|6181|6188|6191|6194|6202|6205|6208|6209|6217|6224|6228|6229|6230|6233|6235|9045|9349|11224|23521,RPL10A|RPL3|RPL4|RPL6|RPL7|RPL10|RPL11|RPL13|RPL19|RPL21|RPL23A|RPL27A|RPL28|RPL31|RPL32|RPL41|RPLP1|RPLP2|RPS3|RPS4X|RPS6|RPS8|RPS11|RPS14|RPS15|RPS16|RPS20|RPS23|RPS24|RPS25|RPS27A|RPS29|RPL14|RPL23|RPL35|RPL13A,-57,Input ID
GO Biological Processes,19,GO:0000956,nuclear-transcribed mRNA catabolic process,-60,71,50,24156,210,58,36,62,6.4,4736|6122|6124|6128|6129|6134|6135|6137|6143|6144|6147|6157|6158|6160|6161|6171|6176|6181|6188|6191|6194|6202|6205|6208|6209|6217|6224|6228|6229|6230|6233|6235|9045|9349|11224|23521,RPL10A|RPL3|RPL4|RPL6|RPL7|RPL10|RPL11|RPL13|RPL19|RPL21|RPL23A|RPL27A|RPL28|RPL31|RPL32|RPL41|RPLP1|RPLP2|RPS3|RPS4X|RPS6|RPS8|RPS11|RPS14|RPS15|RPS16|RPS20|RPS23|RPS24|RPS25|RPS27A|RPS29|RPL14|RPL23|RPL35|RPL13A,-57,Input ID
Reactome Gene Sets,6,R-HSA-376176,Signaling by ROBO receptors,-59,69,49,24156,218,58,36,62,6.4,4736|6122|6124|6128|6129|6134|6135|6137|6143|6144|6147|6157|6158|6160|6161|6171|6176|6181|6188|6191|6194|6202|6205|6208|6209|6217|6224|6228|6229|6230|6233|6235|9045|9349|11224|23521,RPL10A|RPL3|RPL4|RPL6|RPL7|RPL10|RPL11|RPL13|RPL19|RPL21|RPL23A|RPL27A|RPL28|RPL31|RPL32|RPL41|RPLP1|RPLP2|RPS3|RPS4X|RPS6|RPS8|RPS11|RPS14|RPS15|RPS16|RPS20|RPS23|RPS24|RPS25|RPS27A|RPS29|RPL14|RPL23|RPL35|RPL13A,-56,Input ID
Reactome Gene Sets,6,R-HSA-72766,Translation,-57,53,44,24156,291,58,37,64,6.3,1915|4736|6122|6124|6128|6129|6134|6135|6137|6143|6144|6147|6157|6158|6160|6161|6171|6176|6181|6188|6191|6194|6202|6205|6208|6209|6217|6224|6228|6229|6230|6233|6235|9045|9349|11224|23521,EEF1A1|RPL10A|RPL3|RPL4|RPL6|RPL7|RPL10|RPL11|RPL13|RPL19|RPL21|RPL23A|RPL27A|RPL28|RPL31|RPL32|RPL41|RPLP1|RPLP2|RPS3|RPS4X|RPS6|RPS8|RPS11|RPS14|RPS15|RPS16|RPS20|RPS23|RPS24|RPS25|RPS27A|RPS29|RPL14|RPL23|RPL35|RPL13A,-54,Input ID
GO Biological Processes,19,GO:0006402,mRNA catabolic process,-53,42,39,24156,370,58,37,64,6.3,4736|4904|6122|6124|6128|6129|6134|6135|6137|6143|6144|6147|6157|6158|6160|6161|6171|6176|6181|6188|6191|6194|6202|6205|6208|6209|6217|6224|6228|6229|6230|6233|6235|9045|9349|11224|23521,RPL10A|YBX1|RPL3|RPL4|RPL6|RPL7|RPL10|RPL11|RPL13|RPL19|RPL21|RPL23A|RPL27A|RPL28|RPL31|RPL32|RPL41|RPLP1|RPLP2|RPS3|RPS4X|RPS6|RPS8|RPS11|RPS14|RPS15|RPS16|RPS20|RPS23|RPS24|RPS25|RPS27A|RPS29|RPL14|RPL23|RPL35|RPL13A,-50,Input ID
GO Biological Processes,19,GO:0090150,establishment of protein localization to membrane,-53,46,40,24156,326,58,36,62,6.4,4736|6122|6124|6128|6129|6134|6135|6137|6143|6144|6147|6157|6158|6160|6161|6171|6176|6181|6188|6191|6194|6202|6205|6208|6209|6217|6224|6228|6229|6230|6233|6235|9045|9349|11224|23521,RPL10A|RPL3|RPL4|RPL6|RPL7|RPL10|RPL11|RPL13|RPL19|RPL21|RPL23A|RPL27A|RPL28|RPL31|RPL32|RPL41|RPLP1|RPLP2|RPS3|RPS4X|RPS6|RPS8|RPS11|RPS14|RPS15|RPS16|RPS20|RPS23|RPS24|RPS25|RPS27A|RPS29|RPL14|RPL23|RPL35|RPL13A,-50,Input ID
GO Biological Processes,19,GO:0006401,RNA catabolic process,-51,37,37,24156,412,58,37,64,6.3,4736|4904|6122|6124|6128|6129|6134|6135|6137|6143|6144|6147|6157|6158|6160|6161|6171|6176|6181|6188|6191|6194|6202|6205|6208|6209|6217|6224|6228|6229|6230|6233|6235|9045|9349|11224|23521,RPL10A|YBX1|RPL3|RPL4|RPL6|RPL7|RPL10|RPL11|RPL13|RPL19|RPL21|RPL23A|RPL27A|RPL28|RPL31|RPL32|RPL41|RPLP1|RPLP2|RPS3|RPS4X|RPS6|RPS8|RPS11|RPS14|RPS15|RPS16|RPS20|RPS23|RPS24|RPS25|RPS27A|RPS29|RPL14|RPL23|RPL35|RPL13A,-48,Input ID
Reactome Gene Sets,6,R-HSA-71291,Metabolism of amino acids and derivatives,-50,40,37,24156,374,58,36,62,6.4,4736|6122|6124|6128|6129|6134|6135|6137|6143|6144|6147|6157|6158|6160|6161|6171|6176|6181|6188|6191|6194|6202|6205|6208|6209|6217|6224|6228|6229|6230|6233|6235|9045|9349|11224|23521,RPL10A|RPL3|RPL4|RPL6|RPL7|RPL10|RPL11|RPL13|RPL19|RPL21|RPL23A|RPL27A|RPL28|RPL31|RPL32|RPL41|RPLP1|RPLP2|RPS3|RPS4X|RPS6|RPS8|RPS11|RPS14|RPS15|RPS16|RPS20|RPS23|RPS24|RPS25|RPS27A|RPS29|RPL14|RPL23|RPL35|RPL13A,-48,Input ID
GO Biological Processes,19,GO:0006605,protein targeting,-50,36,36,24156,426,58,37,64,6.3,4736|6122|6124|6128|6129|6134|6135|6137|6143|6144|6147|6157|6158|6160|6161|6171|6176|6181|6188|6191|6194|6202|6205|6208|6209|6217|6224|6228|6229|6230|6233|6235|9045|9349|11224|23521|54543,RPL10A|RPL3|RPL4|RPL6|RPL7|RPL10|RPL11|RPL13|RPL19|RPL21|RPL23A|RPL27A|RPL28|RPL31|RPL32|RPL41|RPLP1|RPLP2|RPS3|RPS4X|RPS6|RPS8|RPS11|RPS14|RPS15|RPS16|RPS20|RPS23|RPS24|RPS25|RPS27A|RPS29|RPL14|RPL23|RPL35|RPL13A|TOMM7,-48,Input ID
CORUM,33,CORUM:308,"60S ribosomal subunit, cytoplasmic",-46,1.9e+02,65,24156,47,58,22,38,6.4,4736|6122|6124|6128|6129|6134|6135|6137|6143|6144|6147|6157|6158|6160|6161|6171|6176|6181|9045|9349|11224|23521,RPL10A|RPL3|RPL4|RPL6|RPL7|RPL10|RPL11|RPL13|RPL19|RPL21|RPL23A|RPL27A|RPL28|RPL31|RPL32|RPL41|RPLP1|RPLP2|RPL14|RPL23|RPL35|RPL13A,-44,Input ID
GO Biological Processes,19,GO:0072594,establishment of protein localization to organelle,-46,28,32,24156,548,58,37,64,6.3,4736|6122|6124|6128|6129|6134|6135|6137|6143|6144|6147|6157|6158|6160|6161|6171|6176|6181|6188|6191|6194|6202|6205|6208|6209|6217|6224|6228|6229|6230|6233|6235|9045|9349|11224|23521|54543,RPL10A|RPL3|RPL4|RPL6|RPL7|RPL10|RPL11|RPL13|RPL19|RPL21|RPL23A|RPL27A|RPL28|RPL31|RPL32|RPL41|RPLP1|RPLP2|RPS3|RPS4X|RPS6|RPS8|RPS11|RPS14|RPS15|RPS16|RPS20|RPS23|RPS24|RPS25|RPS27A|RPS29|RPL14|RPL23|RPL35|RPL13A|TOMM7,-43,Input ID
Reactome Gene Sets,6,R-HSA-422475,Axon guidance,-46,28,31,24156,552,58,37,64,6.3,4736|6122|6124|6128|6129|6134|6135|6137|6143|6144|6147|6157|6158|6160|6161|6171|6176|6181|6188|6191|6194|6202|6205|6208|6209|6217|6224|6228|6229|6230|6233|6235|7305|9045|9349|11224|23521,RPL10A|RPL3|RPL4|RPL6|RPL7|RPL10|RPL11|RPL13|RPL19|RPL21|RPL23A|RPL27A|RPL28|RPL31|RPL32|RPL41|RPLP1|RPLP2|RPS3|RPS4X|RPS6|RPS8|RPS11|RPS14|RPS15|RPS16|RPS20|RPS23|RPS24|RPS25|RPS27A|RPS29|TYROBP|RPL14|RPL23|RPL35|RPL13A,-43,Input ID
Reactome Gene Sets,6,R-HSA-9675108,Nervous system development,-45,27,31,24156,577,58,37,64,6.3,4736|6122|6124|6128|6129|6134|6135|6137|6143|6144|6147|6157|6158|6160|6161|6171|6176|6181|6188|6191|6194|6202|6205|6208|6209|6217|6224|6228|6229|6230|6233|6235|7305|9045|9349|11224|23521,RPL10A|RPL3|RPL4|RPL6|RPL7|RPL10|RPL11|RPL13|RPL19|RPL21|RPL23A|RPL27A|RPL28|RPL31|RPL32|RPL41|RPLP1|RPLP2|RPS3|RPS4X|RPS6|RPS8|RPS11|RPS14|RPS15|RPS16|RPS20|RPS23|RPS24|RPS25|RPS27A|RPS29|TYROBP|RPL14|RPL23|RPL35|RPL13A,-43,Input ID
GO Biological Processes,19,GO:0006412,translation,-45,22,29,24156,723,58,39,67,6.2,1915|2597|4736|4904|6122|6124|6128|6129|6134|6135|6137|6143|6144|6147|6157|6158|6160|6161|6171|6176|6181|6188|6191|6194|6202|6205|6208|6209|6217|6224|6228|6229|6230|6233|6235|9045|9349|11224|23521,EEF1A1|GAPDH|RPL10A|YBX1|RPL3|RPL4|RPL6|RPL7|RPL10|RPL11|RPL13|RPL19|RPL21|RPL23A|RPL27A|RPL28|RPL31|RPL32|RPL41|RPLP1|RPLP2|RPS3|RPS4X|RPS6|RPS8|RPS11|RPS14|RPS15|RPS16|RPS20|RPS23|RPS24|RPS25|RPS27A|RPS29|RPL14|RPL23|RPL35|RPL13A,-42,Input ID
Reactome Gene Sets,6,R-HSA-2262752,Cellular responses to stress,-45,26,30,24156,585,58,37,64,6.3,1915|4736|6122|6124|6128|6129|6134|6135|6137|6143|6144|6147|6157|6158|6160|6161|6171|6176|6181|6188|6191|6194|6202|6205|6208|6209|6217|6224|6228|6229|6230|6233|6235|9045|9349|11224|23521,EEF1A1|RPL10A|RPL3|RPL4|RPL6|RPL7|RPL10|RPL11|RPL13|RPL19|RPL21|RPL23A|RPL27A|RPL28|RPL31|RPL32|RPL41|RPLP1|RPLP2|RPS3|RPS4X|RPS6|RPS8|RPS11|RPS14|RPS15|RPS16|RPS20|RPS23|RPS24|RPS25|RPS27A|RPS29|RPL14|RPL23|RPL35|RPL13A,-42,Input ID
GO Biological Processes,19,GO:0034655,nucleobase-containing compound catabolic process,-45,24,29,24156,664,58,38,66,6.2,2597|4736|4904|6122|6124|6128|6129|6134|6135|6137|6143|6144|6147|6157|6158|6160|6161|6171|6176|6181|6188|6191|6194|6202|6205|6208|6209|6217|6224|6228|6229|6230|6233|6235|9045|9349|11224|23521,GAPDH|RPL10A|YBX1|RPL3|RPL4|RPL6|RPL7|RPL10|RPL11|RPL13|RPL19|RPL21|RPL23A|RPL27A|RPL28|RPL31|RPL32|RPL41|RPLP1|RPLP2|RPS3|RPS4X|RPS6|RPS8|RPS11|RPS14|RPS15|RPS16|RPS20|RPS23|RPS24|RPS25|RPS27A|RPS29|RPL14|RPL23|RPL35|RPL13A,-42,Input ID
Reactome Gene Sets,6,R-HSA-8953897,Cellular responses to external stimuli,-45,26,30,24156,599,58,37,64,6.3,1915|4736|6122|6124|6128|6129|6134|6135|6137|6143|6144|6147|6157|6158|6160|6161|6171|6176|6181|6188|6191|6194|6202|6205|6208|6209|6217|6224|6228|6229|6230|6233|6235|9045|9349|11224|23521,EEF1A1|RPL10A|RPL3|RPL4|RPL6|RPL7|RPL10|RPL11|RPL13|RPL19|RPL21|RPL23A|RPL27A|RPL28|RPL31|RPL32|RPL41|RPLP1|RPLP2|RPS3|RPS4X|RPS6|RPS8|RPS11|RPS14|RPS15|RPS16|RPS20|RPS23|RPS24|RPS25|RPS27A|RPS29|RPL14|RPL23|RPL35|RPL13A,-42,Input ID
GO Biological Processes,19,GO:0043043,peptide biosynthetic process,-45,22,28,24156,749,58,39,67,6.2,1915|2597|4736|4904|6122|6124|6128|6129|6134|6135|6137|6143|6144|6147|6157|6158|6160|6161|6171|6176|6181|6188|6191|6194|6202|6205|6208|6209|6217|6224|6228|6229|6230|6233|6235|9045|9349|11224|23521,EEF1A1|GAPDH|RPL10A|YBX1|RPL3|RPL4|RPL6|RPL7|RPL10|RPL11|RPL13|RPL19|RPL21|RPL23A|RPL27A|RPL28|RPL31|RPL32|RPL41|RPLP1|RPLP2|RPS3|RPS4X|RPS6|RPS8|RPS11|RPS14|RPS15|RPS16|RPS20|RPS23|RPS24|RPS25|RPS27A|RPS29|RPL14|RPL23|RPL35|RPL13A,-42,Input ID
GO Biological Processes,19,GO:0046700,heterocycle catabolic process,-43,22,28,24156,717,58,38,66,6.2,2597|4736|4904|6122|6124|6128|6129|6134|6135|6137|6143|6144|6147|6157|6158|6160|6161|6171|6176|6181|6188|6191|6194|6202|6205|6208|6209|6217|6224|6228|6229|6230|6233|6235|9045|9349|11224|23521,GAPDH|RPL10A|YBX1|RPL3|RPL4|RPL6|RPL7|RPL10|RPL11|RPL13|RPL19|RPL21|RPL23A|RPL27A|RPL28|RPL31|RPL32|RPL41|RPLP1|RPLP2|RPS3|RPS4X|RPS6|RPS8|RPS11|RPS14|RPS15|RPS16|RPS20|RPS23|RPS24|RPS25|RPS27A|RPS29|RPL14|RPL23|RPL35|RPL13A,-41,Input ID
GO Biological Processes,19,GO:0044270,cellular nitrogen compound catabolic process,-43,22,28,24156,718,58,38,66,6.2,2597|4736|4904|6122|6124|6128|6129|6134|6135|6137|6143|6144|6147|6157|6158|6160|6161|6171|6176|6181|6188|6191|6194|6202|6205|6208|6209|6217|6224|6228|6229|6230|6233|6235|9045|9349|11224|23521,GAPDH|RPL10A|YBX1|RPL3|RPL4|RPL6|RPL7|RPL10|RPL11|RPL13|RPL19|RPL21|RPL23A|RPL27A|RPL28|RPL31|RPL32|RPL41|RPLP1|RPLP2|RPS3|RPS4X|RPS6|RPS8|RPS11|RPS14|RPS15|RPS16|RPS20|RPS23|RPS24|RPS25|RPS27A|RPS29|RPL14|RPL23|RPL35|RPL13A,-41,Input ID
GO Biological Processes,19,GO:0019439,aromatic compound catabolic process,-43,22,28,24156,730,58,38,66,6.2,2597|4736|4904|6122|6124|6128|6129|6134|6135|6137|6143|6144|6147|6157|6158|6160|6161|6171|6176|6181|6188|6191|6194|6202|6205|6208|6209|6217|6224|6228|6229|6230|6233|6235|9045|9349|11224|23521,GAPDH|RPL10A|YBX1|RPL3|RPL4|RPL6|RPL7|RPL10|RPL11|RPL13|RPL19|RPL21|RPL23A|RPL27A|RPL28|RPL31|RPL32|RPL41|RPLP1|RPLP2|RPS3|RPS4X|RPS6|RPS8|RPS11|RPS14|RPS15|RPS16|RPS20|RPS23|RPS24|RPS25|RPS27A|RPS29|RPL14|RPL23|RPL35|RPL13A,-41,Input ID
Reactome Gene Sets,6,R-HSA-8953854,Metabolism of RNA,-43,23,28,24156,675,58,37,64,6.3,4736|4904|6122|6124|6128|6129|6134|6135|6137|6143|6144|6147|6157|6158|6160|6161|6171|6176|6181|6188|6191|6194|6202|6205|6208|6209|6217|6224|6228|6229|6230|6233|6235|9045|9349|11224|23521,RPL10A|YBX1|RPL3|RPL4|RPL6|RPL7|RPL10|RPL11|RPL13|RPL19|RPL21|RPL23A|RPL27A|RPL28|RPL31|RPL32|RPL41|RPLP1|RPLP2|RPS3|RPS4X|RPS6|RPS8|RPS11|RPS14|RPS15|RPS16|RPS20|RPS23|RPS24|RPS25|RPS27A|RPS29|RPL14|RPL23|RPL35|RPL13A,-40,Input ID
GO Biological Processes,19,GO:1901361,organic cyclic compound catabolic process,-42,21,27,24156,768,58,38,66,6.2,2597|4736|4904|6122|6124|6128|6129|6134|6135|6137|6143|6144|6147|6157|6158|6160|6161|6171|6176|6181|6188|6191|6194|6202|6205|6208|6209|6217|6224|6228|6229|6230|6233|6235|9045|9349|11224|23521,GAPDH|RPL10A|YBX1|RPL3|RPL4|RPL6|RPL7|RPL10|RPL11|RPL13|RPL19|RPL21|RPL23A|RPL27A|RPL28|RPL31|RPL32|RPL41|RPLP1|RPLP2|RPS3|RPS4X|RPS6|RPS8|RPS11|RPS14|RPS15|RPS16|RPS20|RPS23|RPS24|RPS25|RPS27A|RPS29|RPL14|RPL23|RPL35|RPL13A,-40,Input ID
GO Biological Processes,19,GO:0072657,protein localization to membrane,-42,24,29,24156,625,58,36,62,6.4,4736|6122|6124|6128|6129|6134|6135|6137|6143|6144|6147|6157|6158|6160|6161|6171|6176|6181|6188|6191|6194|6202|6205|6208|6209|6217|6224|6228|6229|6230|6233|6235|9045|9349|11224|23521,RPL10A|RPL3|RPL4|RPL6|RPL7|RPL10|RPL11|RPL13|RPL19|RPL21|RPL23A|RPL27A|RPL28|RPL31|RPL32|RPL41|RPLP1|RPLP2|RPS3|RPS4X|RPS6|RPS8|RPS11|RPS14|RPS15|RPS16|RPS20|RPS23|RPS24|RPS25|RPS27A|RPS29|RPL14|RPL23|RPL35|RPL13A,-39,Input ID
CORUM,33,CORUM:338,"40S ribosomal subunit, cytoplasmic",-32,2e+02,55,24156,31,58,15,26,5.7,2197|6188|6191|6194|6202|6205|6208|6209|6217|6224|6228|6229|6230|6233|6235,FAU|RPS3|RPS4X|RPS6|RPS8|RPS11|RPS14|RPS15|RPS16|RPS20|RPS23|RPS24|RPS25|RPS27A|RPS29,-29,Input ID
CORUM,33,CORUM:305,"40S ribosomal subunit, cytoplasmic",-31,1.9e+02,53,24156,33,58,15,26,5.7,2197|6188|6191|6194|6202|6205|6208|6209|6217|6224|6228|6229|6230|6233|6235,FAU|RPS3|RPS4X|RPS6|RPS8|RPS11|RPS14|RPS15|RPS16|RPS20|RPS23|RPS24|RPS25|RPS27A|RPS29,-29,Input ID
Reactome Gene Sets,6,R-HSA-72695,"Formation of the ternary complex, and subsequently, the 43S complex",-25,1.1e+02,40,24156,51,58,14,24,5.6,6188|6191|6194|6202|6205|6208|6209|6217|6224|6228|6229|6230|6233|6235,RPS3|RPS4X|RPS6|RPS8|RPS11|RPS14|RPS15|RPS16|RPS20|RPS23|RPS24|RPS25|RPS27A|RPS29,-23,Input ID
Reactome Gene Sets,6,R-HSA-72649,Translation initiation complex formation,-24,1e+02,37,24156,58,58,14,24,5.6,6188|6191|6194|6202|6205|6208|6209|6217|6224|6228|6229|6230|6233|6235,RPS3|RPS4X|RPS6|RPS8|RPS11|RPS14|RPS15|RPS16|RPS20|RPS23|RPS24|RPS25|RPS27A|RPS29,-22,Input ID
Reactome Gene Sets,6,R-HSA-72702,Ribosomal scanning and start codon recognition,-24,1e+02,37,24156,58,58,14,24,5.6,6188|6191|6194|6202|6205|6208|6209|6217|6224|6228|6229|6230|6233|6235,RPS3|RPS4X|RPS6|RPS8|RPS11|RPS14|RPS15|RPS16|RPS20|RPS23|RPS24|RPS25|RPS27A|RPS29,-22,Input ID
Reactome Gene Sets,6,R-HSA-72662,"Activation of the mRNA upon binding of the cap-binding complex and eIFs, and subsequent binding to 4",-24,99,37,24156,59,58,14,24,5.6,6188|6191|6194|6202|6205|6208|6209|6217|6224|6228|6229|6230|6233|6235,RPS3|RPS4X|RPS6|RPS8|RPS11|RPS14|RPS15|RPS16|RPS20|RPS23|RPS24|RPS25|RPS27A|RPS29,-22,Input ID
CORUM,33,CORUM:5380,"TRBP containing complex (DICER, RPL7A, EIF6, MOV10 and subunits of the 60S ribosomal particle)",-23,1.8e+02,45,24156,25,58,11,19,5.1,4736|6129|6135|6137|6143|6144|6158|6161|6176|6181|9045,RPL10A|RPL7|RPL11|RPL13|RPL19|RPL21|RPL28|RPL32|RPLP1|RPLP2|RPL14,-20,Input ID
GO Biological Processes,19,GO:0042254,ribosome biogenesis,-16,21,17,24156,298,58,15,26,5.7,4736|6122|6128|6129|6134|6135|6147|6194|6202|6208|6209|6217|6229|9045|11224,RPL10A|RPL3|RPL6|RPL7|RPL10|RPL11|RPL23A|RPS6|RPS8|RPS14|RPS15|RPS16|RPS24|RPL14|RPL35,-13,Input ID
GO Biological Processes,19,GO:0022613,ribonucleoprotein complex biogenesis,-15,15,15,24156,462,58,17,29,6,4736|6122|6128|6129|6134|6135|6147|6194|6202|6208|6209|6217|6228|6229|9045|11224|23521,RPL10A|RPL3|RPL6|RPL7|RPL10|RPL11|RPL23A|RPS6|RPS8|RPS14|RPS15|RPS16|RPS23|RPS24|RPL14|RPL35|RPL13A,-13,Input ID
GO Biological Processes,19,GO:0002181,cytoplasmic translation,-15,45,22,24156,101,58,11,19,5.1,4736|6128|6135|6143|6160|6161|6171|6176|6228|6235|23521,RPL10A|RPL6|RPL11|RPL19|RPL31|RPL32|RPL41|RPLP1|RPS23|RPS29|RPL13A,-13,Input ID
GO Biological Processes,19,GO:0042273,ribosomal large subunit biogenesis,-13,51,21,24156,74,58,9,16,4.8,4736|6122|6128|6129|6134|6135|6147|9045|11224,RPL10A|RPL3|RPL6|RPL7|RPL10|RPL11|RPL23A|RPL14|RPL35,-10,Input ID
GO Biological Processes,19,GO:0006364,rRNA processing,-11,21,15,24156,217,58,11,19,5.1,4736|6129|6135|6194|6202|6208|6209|6217|6229|9045|11224,RPL10A|RPL7|RPL11|RPS6|RPS8|RPS14|RPS15|RPS16|RPS24|RPL14|RPL35,-9,Input ID
GO Biological Processes,19,GO:0016072,rRNA metabolic process,-11,18,13,24156,256,58,11,19,5.1,4736|6129|6135|6194|6202|6208|6209|6217|6229|9045|11224,RPL10A|RPL7|RPL11|RPS6|RPS8|RPS14|RPS15|RPS16|RPS24|RPL14|RPL35,-8.2,Input ID
GO Biological Processes,19,GO:0042255,ribosome assembly,-9.8,46,18,24156,63,58,7,12,4.3,6122|6128|6134|6135|6147|6208|6209,RPL3|RPL6|RPL10|RPL11|RPL23A|RPS14|RPS15,-7.3,Input ID
GO Biological Processes,19,GO:0034470,ncRNA processing,-8.8,12,11,24156,383,58,11,19,5.1,4736|6129|6135|6194|6202|6208|6209|6217|6229|9045|11224,RPL10A|RPL7|RPL11|RPS6|RPS8|RPS14|RPS15|RPS16|RPS24|RPL14|RPL35,-6.3,Input ID
GO Biological Processes,19,GO:0022618,ribonucleoprotein complex assembly,-8.3,16,11,24156,236,58,9,16,4.8,6122|6128|6134|6135|6147|6208|6209|6228|23521,RPL3|RPL6|RPL10|RPL11|RPL23A|RPS14|RPS15|RPS23|RPL13A,-5.9,Input ID
GO Biological Processes,19,GO:0000027,ribosomal large subunit assembly,-8.1,72,19,24156,29,58,5,8.6,3.7,6122|6128|6134|6135|6147,RPL3|RPL6|RPL10|RPL11|RPL23A,-5.7,Input ID
GO Biological Processes,19,GO:0071826,ribonucleoprotein complex subunit organization,-8.1,15,11,24156,250,58,9,16,4.8,6122|6128|6134|6135|6147|6208|6209|6228|23521,RPL3|RPL6|RPL10|RPL11|RPL23A|RPS14|RPS15|RPS23|RPL13A,-5.7,Input ID
GO Biological Processes,19,GO:0042274,ribosomal small subunit biogenesis,-7.7,35,14,24156,71,58,6,10,4,6194|6202|6208|6209|6217|6229,RPS6|RPS8|RPS14|RPS15|RPS16|RPS24,-5.3,Input ID
GO Biological Processes,19,GO:0034660,ncRNA metabolic process,-7.1,8.1,8.4,24156,564,58,11,19,5.1,4736|6129|6135|6194|6202|6208|6209|6217|6229|9045|11224,RPL10A|RPL7|RPL11|RPS6|RPS8|RPS14|RPS15|RPS16|RPS24|RPL14|RPL35,-4.6,Input ID
GO Biological Processes,19,GO:0034248,regulation of cellular amide metabolic process,-5.5,7.4,7.1,24156,506,58,9,16,4.8,1915|2597|4904|6134|6176|6188|6191|6208|23521,EEF1A1|GAPDH|YBX1|RPL10|RPLP1|RPS3|RPS4X|RPS14|RPL13A,-3.1,Input ID
CORUM,33,CORUM:5266,TNF-alpha/NF-kappa B signaling complex 6,-5.3,89,16,24156,14,58,3,5.2,2.9,6124|6128|6205,RPL4|RPL6|RPS11,-2.9,Input ID
GO Biological Processes,19,GO:0006417,regulation of translation,-5,7.5,6.8,24156,444,58,8,14,4.5,2597|4904|6134|6176|6188|6191|6208|23521,GAPDH|YBX1|RPL10|RPLP1|RPS3|RPS4X|RPS14|RPL13A,-2.6,Input ID
GO Biological Processes,19,GO:0000470,maturation of LSU-rRNA,-4.3,43,11,24156,29,58,3,5.2,2.9,4736|6129|11224,RPL10A|RPL7|RPL35,-1.9,Input ID
GO Biological Processes,19,GO:0051651,maintenance of location in cell,-4.1,17,7.8,24156,97,58,4,6.9,3.3,2495|2512|7114|9168,FTH1|FTL|TMSB4X|TMSB10,-1.7,Input ID
GO Biological Processes,19,GO:0000462,"maturation of SSU-rRNA from tricistronic rRNA transcript (SSU-rRNA, 5.8S rRNA, LSU-rRNA)",-4.1,35,9.9,24156,36,58,3,5.2,2.9,6202|6208|6217,RPS8|RPS14|RPS16,-1.7,Input ID
GO Biological Processes,19,GO:0030490,maturation of SSU-rRNA,-3.6,25,8.3,24156,50,58,3,5.2,2.9,6202|6208|6217,RPS8|RPS14|RPS16,-1.2,Input ID
Reactome Gene Sets,6,R-HSA-917937,Iron uptake and transport,-3.4,22,7.7,24156,58,58,3,5.2,2.9,2495|2512|6233,FTH1|FTL|RPS27A,-1,Input ID
GO Biological Processes,19,GO:0051258,protein polymerization,-3.2,7.2,5.2,24156,290,58,5,8.6,3.7,199|6188|7114|9168|55971,AIF1|RPS3|TMSB4X|TMSB10|BAIAP2L1,-0.8,Input ID
GO Biological Processes,19,GO:0031647,regulation of protein stability,-3.2,7.2,5.2,24156,291,58,5,8.6,3.7,2597|6135|7305|9349|54543,GAPDH|RPL11|TYROBP|RPL23|TOMM7,-0.8,Input ID
GO Biological Processes,19,GO:0031397,negative regulation of protein ubiquitination,-3,16,6.5,24156,79,58,3,5.2,2.9,6135|6188|9349,RPL11|RPS3|RPL23,-0.67,Input ID
GO Biological Processes,19,GO:0071346,cellular response to interferon-gamma,-3,9.2,5.4,24156,182,58,4,6.9,3.3,199|2597|3122|23521,AIF1|GAPDH|HLA-DRA|RPL13A,-0.65,Input ID
GO Biological Processes,19,GO:0050821,protein stabilization,-3,9,5.4,24156,185,58,4,6.9,3.3,2597|6135|7305|9349,GAPDH|RPL11|TYROBP|RPL23,-0.63,Input ID
GO Biological Processes,19,GO:0030041,actin filament polymerization,-3,8.9,5.3,24156,188,58,4,6.9,3.3,199|7114|9168|55971,AIF1|TMSB4X|TMSB10|BAIAP2L1,-0.61,Input ID
GO Biological Processes,19,GO:1903321,negative regulation of protein modification by small protein conjugation or removal,-2.9,14,6,24156,90,58,3,5.2,2.9,6135|6188|9349,RPL11|RPS3|RPL23,-0.53,Input ID
GO Biological Processes,19,GO:0034341,response to interferon-gamma,-2.8,8.2,5.1,24156,202,58,4,6.9,3.3,199|2597|3122|23521,AIF1|GAPDH|HLA-DRA|RPL13A,-0.5,Input ID
GO Biological Processes,19,GO:0008154,actin polymerization or depolymerization,-2.8,7.8,4.9,24156,214,58,4,6.9,3.3,199|7114|9168|55971,AIF1|TMSB4X|TMSB10|BAIAP2L1,-0.42,Input ID
GO Biological Processes,19,GO:0017148,negative regulation of translation,-2.7,7.7,4.9,24156,216,58,4,6.9,3.3,2597|4904|6188|23521,GAPDH|YBX1|RPS3|RPL13A,-0.41,Input ID
GO Biological Processes,19,GO:0032271,regulation of protein polymerization,-2.7,7.3,4.7,24156,228,58,4,6.9,3.3,6188|7114|9168|55971,RPS3|TMSB4X|TMSB10|BAIAP2L1,-0.33,Input ID
GO Biological Processes,19,GO:0034249,negative regulation of cellular amide metabolic process,-2.6,7.1,4.6,24156,236,58,4,6.9,3.3,2597|4904|6188|23521,GAPDH|YBX1|RPS3|RPL13A,-0.28,Input ID
GO Biological Processes,19,GO:0006414,translational elongation,-2.4,9.2,4.7,24156,136,58,3,5.2,2.9,1915|6176|6181,EEF1A1|RPLP1|RPLP2,-0.043,Input ID
GO Biological Processes,19,GO:0031333,negative regulation of protein complex assembly,-2.3,8.4,4.5,24156,148,58,3,5.2,2.9,7114|9168|23521,TMSB4X|TMSB10|RPL13A,0,Input ID
GO Biological Processes,19,GO:0043065,positive regulation of apoptotic process,-2.2,3.7,3.5,24156,679,58,6,10,4,2597|6135|6188|6194|6233|7305,GAPDH|RPL11|RPS3|RPS6|RPS27A|TYROBP,0,Input ID
Reactome Gene Sets,6,R-HSA-9612973,Autophagy,-2.2,8.3,4.4,24156,151,58,3,5.2,2.9,1915|6233|54543,EEF1A1|RPS27A|TOMM7,0,Input ID
GO Biological Processes,19,GO:0043068,positive regulation of programmed cell death,-2.2,3.6,3.4,24156,688,58,6,10,4,2597|6135|6188|6194|6233|7305,GAPDH|RPL11|RPS3|RPS6|RPS27A|TYROBP,0,Input ID
GO Biological Processes,19,GO:0046034,ATP metabolic process,-2.2,5.4,3.8,24156,306,58,4,6.9,3.3,514|2597|7114|7381,ATP5F1E|GAPDH|TMSB4X|UQCRB,0,Input ID
GO Biological Processes,19,GO:0043254,regulation of protein complex assembly,-2.2,4.3,3.6,24156,488,58,5,8.6,3.7,6188|7114|9168|23521|55971,RPS3|TMSB4X|TMSB10|RPL13A|BAIAP2L1,0,Input ID
GO Biological Processes,19,GO:0006754,ATP biosynthetic process,-2.2,7.8,4.2,24156,160,58,3,5.2,2.9,514|2597|7114,ATP5F1E|GAPDH|TMSB4X,0,Input ID
GO Biological Processes,19,GO:2001242,regulation of intrinsic apoptotic signaling pathway,-2.1,7.5,4.1,24156,166,58,3,5.2,2.9,6135|6188|7178,RPL11|RPS3|TPT1,0,Input ID
KEGG Pathway,24,hsa05010,Alzheimer's disease,-2.1,7.3,4.1,24156,171,58,3,5.2,2.9,514|2597|7381,ATP5F1E|GAPDH|UQCRB,0,Input ID
GO Biological Processes,19,GO:0009206,purine ribonucleoside triphosphate biosynthetic process,-2.1,7.3,4.1,24156,171,58,3,5.2,2.9,514|2597|7114,ATP5F1E|GAPDH|TMSB4X,0,Input ID
GO Biological Processes,19,GO:0030833,regulation of actin filament polymerization,-2.1,7.3,4.1,24156,171,58,3,5.2,2.9,7114|9168|55971,TMSB4X|TMSB10|BAIAP2L1,0,Input ID
GO Biological Processes,19,GO:0009145,purine nucleoside triphosphate biosynthetic process,-2.1,7.3,4,24156,172,58,3,5.2,2.9,514|2597|7114,ATP5F1E|GAPDH|TMSB4X,0,Input ID
GO Biological Processes,19,GO:0010942,positive regulation of cell death,-2.1,3.4,3.2,24156,739,58,6,10,4,2597|6135|6188|6194|6233|7305,GAPDH|RPL11|RPS3|RPS6|RPS27A|TYROBP,0,Input ID
GO Biological Processes,19,GO:0009205,purine ribonucleoside triphosphate metabolic process,-2.1,5,3.6,24156,335,58,4,6.9,3.3,514|2597|7114|7381,ATP5F1E|GAPDH|TMSB4X|UQCRB,0,Input ID
GO Biological Processes,19,GO:0009201,ribonucleoside triphosphate biosynthetic process,-2.1,7.1,4,24156,177,58,3,5.2,2.9,514|2597|7114,ATP5F1E|GAPDH|TMSB4X,0,Input ID
GO Biological Processes,19,GO:0009199,ribonucleoside triphosphate metabolic process,-2,4.9,3.5,24156,341,58,4,6.9,3.3,514|2597|7114|7381,ATP5F1E|GAPDH|TMSB4X|UQCRB,0,Input ID
GO Biological Processes,19,GO:0009144,purine nucleoside triphosphate metabolic process,-2,4.9,3.5,24156,342,58,4,6.9,3.3,514|2597|7114|7381,ATP5F1E|GAPDH|TMSB4X|UQCRB,0,Input ID
GO Biological Processes,19,GO:0009167,purine ribonucleoside monophosphate metabolic process,-2,4.9,3.5,24156,342,58,4,6.9,3.3,514|2597|7114|7381,ATP5F1E|GAPDH|TMSB4X|UQCRB,0,Input ID
GO Biological Processes,19,GO:0051235,maintenance of location,-2,4.9,3.5,24156,343,58,4,6.9,3.3,2495|2512|7114|9168,FTH1|FTL|TMSB4X|TMSB10,0,Input ID
GO Biological Processes,19,GO:0009126,purine nucleoside monophosphate metabolic process,-2,4.9,3.5,24156,343,58,4,6.9,3.3,514|2597|7114|7381,ATP5F1E|GAPDH|TMSB4X|UQCRB,0,Input ID
GO Biological Processes,19,GO:0009127,purine nucleoside monophosphate biosynthetic process,-2,6.8,3.9,24156,183,58,3,5.2,2.9,514|2597|7114,ATP5F1E|GAPDH|TMSB4X,0,Input ID
GO Biological Processes,19,GO:0009168,purine ribonucleoside monophosphate biosynthetic process,-2,6.8,3.9,24156,183,58,3,5.2,2.9,514|2597|7114,ATP5F1E|GAPDH|TMSB4X,0,Input ID
