,_MEMBER_Input ID,_LogP_Input ID,GO,Description,_PATTERN_,_RANK_,GiniIndex
19_GO:0009145,1,-2.1,GO:0009145,purine nucleoside triphosphate biosynthetic process,M1,1,0
19_GO:0000027,1,-8.1,GO:0000027,ribosomal large subunit assembly,M1,1,0
19_GO:0071826,1,-8.1,GO:0071826,ribonucleoprotein complex subunit organization,M1,1,0
19_GO:0010942,1,-2.1,GO:0010942,positive regulation of cell death,M1,1,0
6_R-HSA-72662,1,-24,R-HSA-72662,"Activation of the mRNA upon binding of the cap-binding complex and eIFs, and subsequent binding to 4",M1,1,0
19_GO:0031333,1,-2.3,GO:0031333,negative regulation of protein complex assembly,M1,1,0
6_R-HSA-8953897,1,-45,R-HSA-8953897,Cellular responses to external stimuli,M1,1,0
33_CORUM:5266,1,-5.3,CORUM:5266,TNF-alpha/NF-kappa B signaling complex 6,M1,1,0
19_GO:0009205,1,-2.1,GO:0009205,purine ribonucleoside triphosphate metabolic process,M1,1,0
19_GO:0071346,1,-3,GO:0071346,cellular response to interferon-gamma,M1,1,0
6_R-HSA-72695,1,-25,R-HSA-72695,"Formation of the ternary complex, and subsequently, the 43S complex",M1,1,0
19_GO:0019083,1,-63,GO:0019083,viral transcription,M1,1,0
6_R-HSA-72766,1,-57,R-HSA-72766,Translation,M1,1,0
19_GO:0046034,1,-2.2,GO:0046034,ATP metabolic process,M1,1,0
19_GO:0006414,1,-2.4,GO:0006414,translational elongation,M1,1,0
19_GO:0034655,1,-45,GO:0034655,nucleobase-containing compound catabolic process,M1,1,0
6_R-HSA-71291,1,-50,R-HSA-71291,Metabolism of amino acids and derivatives,M1,1,0
19_GO:0090150,1,-53,GO:0090150,establishment of protein localization to membrane,M1,1,0
24_hsa05010,1,-2.1,hsa05010,Alzheimer's disease,M1,1,0
6_R-HSA-376176,1,-59,R-HSA-376176,Signaling by ROBO receptors,M1,1,0
6_R-HSA-72706,1,-71,R-HSA-72706,GTP hydrolysis and joining of the 60S ribosomal subunit,M1,1,0
6_R-HSA-72613,1,-70,R-HSA-72613,Eukaryotic Translation Initiation,M1,1,0
6_R-HSA-2262752,1,-45,R-HSA-2262752,Cellular responses to stress,M1,1,0
19_GO:0009127,1,-2,GO:0009127,purine nucleoside monophosphate biosynthetic process,M1,1,0
19_GO:0000184,1,-70,GO:0000184,"nuclear-transcribed mRNA catabolic process, nonsense-mediated decay",M1,1,0
19_GO:0006754,1,-2.2,GO:0006754,ATP biosynthetic process,M1,1,0
19_GO:0042274,1,-7.7,GO:0042274,ribosomal small subunit biogenesis,M1,1,0
19_GO:0006612,1,-61,GO:0006612,protein targeting to membrane,M1,1,0
6_R-HSA-156842,1,-77,R-HSA-156842,Eukaryotic Translation Elongation,M1,1,0
33_CORUM:5380,1,-23,CORUM:5380,"TRBP containing complex (DICER, RPL7A, EIF6, MOV10 and subunits of the 60S ribosomal particle)",M1,1,0
19_GO:0034249,1,-2.6,GO:0034249,negative regulation of cellular amide metabolic process,M1,1,0
19_GO:0006605,1,-50,GO:0006605,protein targeting,M1,1,0
19_GO:0030490,1,-3.6,GO:0030490,maturation of SSU-rRNA,M1,1,0
6_R-HSA-72702,1,-24,R-HSA-72702,Ribosomal scanning and start codon recognition,M1,1,0
19_GO:0072657,1,-42,GO:0072657,protein localization to membrane,M1,1,0
19_GO:0030833,1,-2.1,GO:0030833,regulation of actin filament polymerization,M1,1,0
19_GO:0034341,1,-2.8,GO:0034341,response to interferon-gamma,M1,1,0
6_R-HSA-8953854,1,-43,R-HSA-8953854,Metabolism of RNA,M1,1,0
6_R-HSA-72312,1,-60,R-HSA-72312,rRNA processing,M1,1,0
19_GO:0022613,1,-15,GO:0022613,ribonucleoprotein complex biogenesis,M1,1,0
19_GO:1903321,1,-2.9,GO:1903321,negative regulation of protein modification by small protein conjugation or removal,M1,1,0
19_GO:0019439,1,-43,GO:0019439,aromatic compound catabolic process,M1,1,0
19_GO:0006417,1,-5,GO:0006417,regulation of translation,M1,1,0
19_GO:0043043,1,-45,GO:0043043,peptide biosynthetic process,M1,1,0
19_GO:0006364,1,-11,GO:0006364,rRNA processing,M1,1,0
19_GO:0034248,1,-5.5,GO:0034248,regulation of cellular amide metabolic process,M1,1,0
6_R-HSA-2408557,1,-75,R-HSA-2408557,Selenocysteine synthesis,M1,1,0
19_GO:0070972,1,-67,GO:0070972,protein localization to endoplasmic reticulum,M1,1,0
19_GO:0016072,1,-11,GO:0016072,rRNA metabolic process,M1,1,0
6_R-HSA-72737,1,-70,R-HSA-72737,Cap-dependent Translation Initiation,M1,1,0
6_R-HSA-9010553,1,-63,R-HSA-9010553,Regulation of expression of SLITs and ROBOs,M1,1,0
19_GO:0006402,1,-53,GO:0006402,mRNA catabolic process,M1,1,0
6_R-HSA-975956,1,-74,R-HSA-975956,Nonsense Mediated Decay (NMD) independent of the Exon Junction Complex (EJC),M1,1,0
19_GO:0031647,1,-3.2,GO:0031647,regulation of protein stability,M1,1,0
19_GO:0017148,1,-2.7,GO:0017148,negative regulation of translation,M1,1,0
19_GO:0043068,1,-2.2,GO:0043068,positive regulation of programmed cell death,M1,1,0
33_CORUM:338,1,-32,CORUM:338,"40S ribosomal subunit, cytoplasmic",M1,1,0
19_GO:0006613,1,-73,GO:0006613,cotranslational protein targeting to membrane,M1,1,0
24_hsa03010,1,-68,hsa03010,Ribosome,M1,1,0
19_GO:0042273,1,-13,GO:0042273,ribosomal large subunit biogenesis,M1,1,0
19_GO:0031397,1,-3,GO:0031397,negative regulation of protein ubiquitination,M1,1,0
19_GO:0042254,1,-16,GO:0042254,ribosome biogenesis,M1,1,0
6_R-HSA-1799339,1,-71,R-HSA-1799339,SRP-dependent cotranslational protein targeting to membrane,M1,1,0
19_GO:0009168,1,-2,GO:0009168,purine ribonucleoside monophosphate biosynthetic process,M1,1,0
19_GO:0072594,1,-46,GO:0072594,establishment of protein localization to organelle,M1,1,0
19_GO:0000462,1,-4.1,GO:0000462,"maturation of SSU-rRNA from tricistronic rRNA transcript (SSU-rRNA, 5.8S rRNA, LSU-rRNA)",M1,1,0
6_R-HSA-2408522,1,-70,R-HSA-2408522,Selenoamino acid metabolism,M1,1,0
33_CORUM:306,1,-81,CORUM:306,"Ribosome, cytoplasmic",M1,1,0
33_CORUM:308,1,-46,CORUM:308,"60S ribosomal subunit, cytoplasmic",M1,1,0
33_CORUM:3055,1,-62,CORUM:3055,Nop56p-associated pre-rRNA complex,M1,1,0
6_R-HSA-72764,1,-75,R-HSA-72764,Eukaryotic Translation Termination,M1,1,0
6_R-HSA-192823,1,-73,R-HSA-192823,Viral mRNA Translation,M1,1,0
6_R-HSA-927802,1,-71,R-HSA-927802,Nonsense-Mediated Decay (NMD),M1,1,0
19_GO:0006412,1,-45,GO:0006412,translation,M1,1,0
6_R-HSA-9612973,1,-2.2,R-HSA-9612973,Autophagy,M1,1,0
19_GO:0009126,1,-2,GO:0009126,purine nucleoside monophosphate metabolic process,M1,1,0
6_R-HSA-975957,1,-71,R-HSA-975957,Nonsense Mediated Decay (NMD) enhanced by the Exon Junction Complex (EJC),M1,1,0
19_GO:0022618,1,-8.3,GO:0022618,ribonucleoprotein complex assembly,M1,1,0
19_GO:1901361,1,-42,GO:1901361,organic cyclic compound catabolic process,M1,1,0
19_GO:0030041,1,-3,GO:0030041,actin filament polymerization,M1,1,0
33_CORUM:305,1,-31,CORUM:305,"40S ribosomal subunit, cytoplasmic",M1,1,0
19_GO:0006614,1,-74,GO:0006614,SRP-dependent cotranslational protein targeting to membrane,M1,1,0
19_GO:0000470,1,-4.3,GO:0000470,maturation of LSU-rRNA,M1,1,0
6_R-HSA-917937,1,-3.4,R-HSA-917937,Iron uptake and transport,M1,1,0
19_GO:0051651,1,-4.1,GO:0051651,maintenance of location in cell,M1,1,0
19_GO:0019080,1,-61,GO:0019080,viral gene expression,M1,1,0
19_GO:0009199,1,-2,GO:0009199,ribonucleoside triphosphate metabolic process,M1,1,0
19_GO:0051235,1,-2,GO:0051235,maintenance of location,M1,1,0
19_GO:0045047,1,-72,GO:0045047,protein targeting to ER,M1,1,0
19_GO:0009167,1,-2,GO:0009167,purine ribonucleoside monophosphate metabolic process,M1,1,0
6_R-HSA-168273,1,-66,R-HSA-168273,Influenza Viral RNA Transcription and Replication,M1,1,0
19_GO:0051258,1,-3.2,GO:0051258,protein polymerization,M1,1,0
6_R-HSA-72689,1,-73,R-HSA-72689,Formation of a pool of free 40S subunits,M1,1,0
19_GO:0006413,1,-61,GO:0006413,translational initiation,M1,1,0
19_GO:0032271,1,-2.7,GO:0032271,regulation of protein polymerization,M1,1,0
19_GO:0044270,1,-43,GO:0044270,cellular nitrogen compound catabolic process,M1,1,0
19_GO:0009206,1,-2.1,GO:0009206,purine ribonucleoside triphosphate biosynthetic process,M1,1,0
19_GO:0002181,1,-15,GO:0002181,cytoplasmic translation,M1,1,0
19_GO:0072599,1,-71,GO:0072599,establishment of protein localization to endoplasmic reticulum,M1,1,0
6_R-HSA-8868773,1,-61,R-HSA-8868773,rRNA processing in the nucleus and cytosol,M1,1,0
19_GO:0034660,1,-7.1,GO:0034660,ncRNA metabolic process,M1,1,0
19_GO:0009201,1,-2.1,GO:0009201,ribonucleoside triphosphate biosynthetic process,M1,1,0
19_GO:0042255,1,-9.8,GO:0042255,ribosome assembly,M1,1,0
19_GO:0043254,1,-2.2,GO:0043254,regulation of protein complex assembly,M1,1,0
6_R-HSA-156827,1,-71,R-HSA-156827,L13a-mediated translational silencing of Ceruloplasmin expression,M1,1,0
6_R-HSA-156902,1,-78,R-HSA-156902,Peptide chain elongation,M1,1,0
19_GO:0006401,1,-51,GO:0006401,RNA catabolic process,M1,1,0
19_GO:0000956,1,-60,GO:0000956,nuclear-transcribed mRNA catabolic process,M1,1,0
6_R-HSA-9633012,1,-73,R-HSA-9633012,Response of EIF2AK4 (GCN2) to amino acid deficiency,M1,1,0
19_GO:0034470,1,-8.8,GO:0034470,ncRNA processing,M1,1,0
6_R-HSA-72649,1,-24,R-HSA-72649,Translation initiation complex formation,M1,1,0
19_GO:0043065,1,-2.2,GO:0043065,positive regulation of apoptotic process,M1,1,0
19_GO:0009144,1,-2,GO:0009144,purine nucleoside triphosphate metabolic process,M1,1,0
6_R-HSA-168255,1,-64,R-HSA-168255,Influenza Infection,M1,1,0
6_R-HSA-9675108,1,-45,R-HSA-9675108,Nervous system development,M1,1,0
19_GO:2001242,1,-2.1,GO:2001242,regulation of intrinsic apoptotic signaling pathway,M1,1,0
6_R-HSA-422475,1,-46,R-HSA-422475,Axon guidance,M1,1,0
19_GO:0050821,1,-3,GO:0050821,protein stabilization,M1,1,0
6_R-HSA-6791226,1,-62,R-HSA-6791226,Major pathway of rRNA processing in the nucleolus and cytosol,M1,1,0
19_GO:0008154,1,-2.8,GO:0008154,actin polymerization or depolymerization,M1,1,0
19_GO:0046700,1,-43,GO:0046700,heterocycle catabolic process,M1,1,0
