Category,CategoryID,GO,Description,LogP,Enrichment,Z-score,#TotalGeneInLibrary,#GeneInGO,#GeneInHitList,#GeneInGOAndHitList,%InGO,STDV %InGO,GeneID,Hits,Log(q-value),GeneList
KEGG Pathway,24,hsa05330,Allograft rejection,-7.5,1.2e+02,22,24156,38,21,4,19,8.6,942|3117|3119|3123,CD86|HLA-DQA1|HLA-DQB1|HLA-DRB1,-3.5,Input ID
KEGG Pathway,24,hsa05332,Graft-versus-host disease,-7.4,1.1e+02,21,24156,41,21,4,19,8.6,942|3117|3119|3123,CD86|HLA-DQA1|HLA-DQB1|HLA-DRB1,-3.5,Input ID
KEGG Pathway,24,hsa04940,Type I diabetes mellitus,-7.3,1.1e+02,21,24156,43,21,4,19,8.6,942|3117|3119|3123,CD86|HLA-DQA1|HLA-DQB1|HLA-DRB1,-3.5,Input ID
KEGG Pathway,24,hsa04672,Intestinal immune network for IgA production,-7.1,94,19,24156,49,21,4,19,8.6,942|3117|3119|3123,CD86|HLA-DQA1|HLA-DQB1|HLA-DRB1,-3.3,Input ID
KEGG Pathway,24,hsa05320,Autoimmune thyroid disease,-6.9,87,18,24156,53,21,4,19,8.6,942|3117|3119|3123,CD86|HLA-DQA1|HLA-DQB1|HLA-DRB1,-3.3,Input ID
KEGG Pathway,24,hsa05416,Viral myocarditis,-6.7,78,17,24156,59,21,4,19,8.6,942|3117|3119|3123,CD86|HLA-DQA1|HLA-DQB1|HLA-DRB1,-3.2,Input ID
Reactome Gene Sets,6,R-HSA-388841,Costimulation by the CD28 family,-6.5,67,16,24156,69,21,4,19,8.6,942|3117|3119|3123,CD86|HLA-DQA1|HLA-DQB1|HLA-DRB1,-3,Input ID
Reactome Gene Sets,6,R-HSA-202430,Translocation of ZAP-70 to Immunological synapse,-6.3,1.8e+02,23,24156,19,21,3,14,7.6,3117|3119|3123,HLA-DQA1|HLA-DQB1|HLA-DRB1,-2.8,Input ID
Reactome Gene Sets,6,R-HSA-202427,Phosphorylation of CD3 and TCR zeta chains,-6.1,1.6e+02,22,24156,22,21,3,14,7.6,3117|3119|3123,HLA-DQA1|HLA-DQB1|HLA-DRB1,-2.7,Input ID
Reactome Gene Sets,6,R-HSA-389948,PD-1 signaling,-6,1.5e+02,21,24156,23,21,3,14,7.6,3117|3119|3123,HLA-DQA1|HLA-DQB1|HLA-DRB1,-2.7,Input ID
KEGG Pathway,24,hsa05323,Rheumatoid arthritis,-6,51,14,24156,90,21,4,19,8.6,942|3117|3119|3123,CD86|HLA-DQA1|HLA-DQB1|HLA-DRB1,-2.7,Input ID
KEGG Pathway,24,hsa04659,Th17 cell differentiation,-5.7,43,13,24156,107,21,4,19,8.6,3091|3117|3119|3123,HIF1A|HLA-DQA1|HLA-DQB1|HLA-DRB1,-2.4,Input ID
KEGG Pathway,24,hsa05310,Asthma,-5.6,1.1e+02,18,24156,31,21,3,14,7.6,3117|3119|3123,HLA-DQA1|HLA-DQB1|HLA-DRB1,-2.4,Input ID
GO Biological Processes,19,GO:0050900,leukocyte migration,-5.5,14,8.5,24156,504,21,6,29,9.9,1843|1880|2683|4973|9023|11240,DUSP1|GPR183|B4GALT1|OLR1|CH25H|PADI2,-2.3,Input ID
Reactome Gene Sets,6,R-HSA-202433,Generation of second messenger molecules,-5.5,1e+02,17,24156,34,21,3,14,7.6,3117|3119|3123,HLA-DQA1|HLA-DQB1|HLA-DRB1,-2.3,Input ID
KEGG Pathway,24,hsa05322,Systemic lupus erythematosus,-5.3,35,11,24156,133,21,4,19,8.6,942|3117|3119|3123,CD86|HLA-DQA1|HLA-DQB1|HLA-DRB1,-2.2,Input ID
GO Biological Processes,19,GO:0060326,cell chemotaxis,-5.3,19,9.3,24156,304,21,5,24,9.3,1843|1880|9023|9732|11240,DUSP1|GPR183|CH25H|DOCK4|PADI2,-2.2,Input ID
KEGG Pathway,24,hsa04514,Cell adhesion molecules (CAMs),-5.2,32,11,24156,144,21,4,19,8.6,942|3117|3119|3123,CD86|HLA-DQA1|HLA-DQB1|HLA-DRB1,-2.1,Input ID
KEGG Pathway,24,hsa04145,Phagosome,-5.1,30,11,24156,154,21,4,19,8.6,3117|3119|3123|4973,HLA-DQA1|HLA-DQB1|HLA-DRB1|OLR1,-2,Input ID
GO Biological Processes,19,GO:0006935,chemotaxis,-4.8,11,7.3,24156,649,21,6,29,9.9,1843|1880|8013|9023|9732|11240,DUSP1|GPR183|NR4A3|CH25H|DOCK4|PADI2,-1.8,Input ID
GO Biological Processes,19,GO:0042330,taxis,-4.8,11,7.3,24156,651,21,6,29,9.9,1843|1880|8013|9023|9732|11240,DUSP1|GPR183|NR4A3|CH25H|DOCK4|PADI2,-1.8,Input ID
KEGG Pathway,24,hsa05150,Staphylococcus aureus infection,-4.8,62,13,24156,56,21,3,14,7.6,3117|3119|3123,HLA-DQA1|HLA-DQB1|HLA-DRB1,-1.8,Input ID
GO Biological Processes,19,GO:0002366,leukocyte activation involved in immune response,-4.6,9.7,7,24156,711,21,6,29,9.9,942|1880|2683|4973|8013|11240,CD86|GPR183|B4GALT1|OLR1|NR4A3|PADI2,-1.7,Input ID
GO Biological Processes,19,GO:0048247,lymphocyte chemotaxis,-4.6,53,12,24156,65,21,3,14,7.6,1880|9023|11240,GPR183|CH25H|PADI2,-1.7,Input ID
KEGG Pathway,24,hsa05321,Inflammatory bowel disease (IBD),-4.6,53,12,24156,65,21,3,14,7.6,3117|3119|3123,HLA-DQA1|HLA-DQB1|HLA-DRB1,-1.7,Input ID
GO Biological Processes,19,GO:0002263,cell activation involved in immune response,-4.6,9.7,6.9,24156,715,21,6,29,9.9,942|1880|2683|4973|8013|11240,CD86|GPR183|B4GALT1|OLR1|NR4A3|PADI2,-1.7,Input ID
KEGG Pathway,24,hsa05140,Leishmaniasis,-4.5,47,12,24156,73,21,3,14,7.6,3117|3119|3123,HLA-DQA1|HLA-DQB1|HLA-DRB1,-1.6,Input ID
GO Biological Processes,19,GO:0043367,"CD4-positive, alpha-beta T cell differentiation",-4.4,46,12,24156,75,21,3,14,7.6,942|1880|9308,CD86|GPR183|CD83,-1.6,Input ID
GO Biological Processes,19,GO:0030595,leukocyte chemotaxis,-4.4,21,8.7,24156,223,21,4,19,8.6,1843|1880|9023|11240,DUSP1|GPR183|CH25H|PADI2,-1.6,Input ID
KEGG Pathway,24,hsa04612,Antigen processing and presentation,-4.4,45,11,24156,77,21,3,14,7.6,3117|3119|3123,HLA-DQA1|HLA-DQB1|HLA-DRB1,-1.6,Input ID
GO Biological Processes,19,GO:0019221,cytokine-mediated signaling pathway,-4.4,8.7,6.5,24156,796,21,6,29,9.9,942|3091|3117|3119|3123|11240,CD86|HIF1A|HLA-DQA1|HLA-DQB1|HLA-DRB1|PADI2,-1.5,Input ID
GO Biological Processes,19,GO:0060333,interferon-gamma-mediated signaling pathway,-4.2,38,10,24156,91,21,3,14,7.6,3117|3119|3123,HLA-DQA1|HLA-DQB1|HLA-DRB1,-1.4,Input ID
KEGG Pathway,24,hsa04658,Th1 and Th2 cell differentiation,-4.2,38,10,24156,92,21,3,14,7.6,3117|3119|3123,HLA-DQA1|HLA-DQB1|HLA-DRB1,-1.4,Input ID
Reactome Gene Sets,6,R-HSA-877300,Interferon gamma signaling,-4.2,38,10,24156,92,21,3,14,7.6,3117|3119|3123,HLA-DQA1|HLA-DQB1|HLA-DRB1,-1.4,Input ID
GO Biological Processes,19,GO:0035710,"CD4-positive, alpha-beta T cell activation",-4.2,37,10,24156,93,21,3,14,7.6,942|1880|9308,CD86|GPR183|CD83,-1.4,Input ID
GO Biological Processes,19,GO:1990869,cellular response to chemokine,-4.1,36,10,24156,97,21,3,14,7.6,1843|3091|11240,DUSP1|HIF1A|PADI2,-1.4,Input ID
KEGG Pathway,24,hsa04640,Hematopoietic cell lineage,-4.1,36,10,24156,97,21,3,14,7.6,3117|3119|3123,HLA-DQA1|HLA-DQB1|HLA-DRB1,-1.4,Input ID
GO Biological Processes,19,GO:1990868,response to chemokine,-4.1,36,10,24156,97,21,3,14,7.6,1843|3091|11240,DUSP1|HIF1A|PADI2,-1.4,Input ID
Reactome Gene Sets,6,R-HSA-202424,Downstream TCR signaling,-4.1,35,10,24156,98,21,3,14,7.6,3117|3119|3123,HLA-DQA1|HLA-DQB1|HLA-DRB1,-1.4,Input ID
GO Biological Processes,19,GO:0019886,antigen processing and presentation of exogenous peptide antigen via MHC class II,-4.1,35,10,24156,98,21,3,14,7.6,3117|3119|3123,HLA-DQA1|HLA-DQB1|HLA-DRB1,-1.4,Input ID
GO Biological Processes,19,GO:0046632,alpha-beta T cell differentiation,-4,34,9.8,24156,102,21,3,14,7.6,942|1880|9308,CD86|GPR183|CD83,-1.3,Input ID
GO Biological Processes,19,GO:0002495,antigen processing and presentation of peptide antigen via MHC class II,-4,34,9.8,24156,102,21,3,14,7.6,3117|3119|3123,HLA-DQA1|HLA-DQB1|HLA-DRB1,-1.3,Input ID
GO Biological Processes,19,GO:0002504,antigen processing and presentation of peptide or polysaccharide antigen via MHC class II,-4,34,9.8,24156,103,21,3,14,7.6,3117|3119|3123,HLA-DQA1|HLA-DQB1|HLA-DRB1,-1.3,Input ID
KEGG Pathway,24,hsa05145,Toxoplasmosis,-3.9,31,9.3,24156,113,21,3,14,7.6,3117|3119|3123,HLA-DQA1|HLA-DQB1|HLA-DRB1,-1.2,Input ID
GO Biological Processes,19,GO:0072676,lymphocyte migration,-3.9,30,9.2,24156,116,21,3,14,7.6,1880|9023|11240,GPR183|CH25H|PADI2,-1.2,Input ID
Reactome Gene Sets,6,R-HSA-202403,TCR signaling,-3.8,29,9,24156,120,21,3,14,7.6,3117|3119|3123,HLA-DQA1|HLA-DQB1|HLA-DRB1,-1.2,Input ID
Reactome Gene Sets,6,R-HSA-2132295,MHC class II antigen presentation,-3.8,28,8.9,24156,123,21,3,14,7.6,3117|3119|3123,HLA-DQA1|HLA-DQB1|HLA-DRB1,-1.2,Input ID
Reactome Gene Sets,6,R-HSA-109582,Hemostasis,-3.8,9.2,6.1,24156,622,21,5,24,9.3,4973|5321|5552|9732|10672,OLR1|PLA2G4A|SRGN|DOCK4|GNA13,-1.2,Input ID
GO Biological Processes,19,GO:0046631,alpha-beta T cell activation,-3.6,25,8.3,24156,140,21,3,14,7.6,942|1880|9308,CD86|GPR183|CD83,-1,Input ID
GO Biological Processes,19,GO:0002250,adaptive immune response,-3.6,8.3,5.7,24156,696,21,5,24,9.3,942|1880|3117|3119|3123,CD86|GPR183|HLA-DQA1|HLA-DQB1|HLA-DRB1,-0.95,Input ID
GO Biological Processes,19,GO:0043524,negative regulation of neuron apoptotic process,-3.6,23,8,24156,148,21,3,14,7.6,3091|4929|8013,HIF1A|NR4A2|NR4A3,-0.95,Input ID
GO Biological Processes,19,GO:0048545,response to steroid hormone,-3.5,12,6.4,24156,386,21,4,19,8.6,1843|4929|8013|11240,DUSP1|NR4A2|NR4A3|PADI2,-0.91,Input ID
GO Biological Processes,19,GO:0002696,positive regulation of leukocyte activation,-3.5,12,6.3,24156,391,21,4,19,8.6,942|1880|8013|9308,CD86|GPR183|NR4A3|CD83,-0.89,Input ID
GO Biological Processes,19,GO:0050867,positive regulation of cell activation,-3.4,11,6.2,24156,406,21,4,19,8.6,942|1880|8013|9308,CD86|GPR183|NR4A3|CD83,-0.84,Input ID
GO Biological Processes,19,GO:0001817,regulation of cytokine production,-3.4,7.6,5.4,24156,755,21,5,24,9.3,942|3091|5552|8013|9308,CD86|HIF1A|SRGN|NR4A3|CD83,-0.82,Input ID
KEGG Pathway,24,hsa05164,Influenza A,-3.4,20,7.4,24156,173,21,3,14,7.6,3117|3119|3123,HLA-DQA1|HLA-DQB1|HLA-DRB1,-0.79,Input ID
GO Biological Processes,19,GO:0002478,antigen processing and presentation of exogenous peptide antigen,-3.3,20,7.3,24156,175,21,3,14,7.6,3117|3119|3123,HLA-DQA1|HLA-DQB1|HLA-DRB1,-0.78,Input ID
KEGG Pathway,24,hsa05152,Tuberculosis,-3.3,19,7.2,24156,179,21,3,14,7.6,3117|3119|3123,HLA-DQA1|HLA-DQB1|HLA-DRB1,-0.77,Input ID
GO Biological Processes,19,GO:0045055,regulated exocytosis,-3.3,7.2,5.3,24156,796,21,5,24,9.3,2683|4973|5552|8013|11240,B4GALT1|OLR1|SRGN|NR4A3|PADI2,-0.77,Input ID
GO Biological Processes,19,GO:0043401,steroid hormone mediated signaling pathway,-3.3,19,7.2,24156,182,21,3,14,7.6,4929|8013|11240,NR4A2|NR4A3|PADI2,-0.77,Input ID
GO Biological Processes,19,GO:0071346,cellular response to interferon-gamma,-3.3,19,7.2,24156,182,21,3,14,7.6,3117|3119|3123,HLA-DQA1|HLA-DQB1|HLA-DRB1,-0.77,Input ID
GO Biological Processes,19,GO:0019884,antigen processing and presentation of exogenous antigen,-3.3,19,7.2,24156,182,21,3,14,7.6,3117|3119|3123,HLA-DQA1|HLA-DQB1|HLA-DRB1,-0.77,Input ID
KEGG Pathway,24,hsa05168,Herpes simplex infection,-3.3,19,7.1,24156,185,21,3,14,7.6,3117|3119|3123,HLA-DQA1|HLA-DQB1|HLA-DRB1,-0.76,Input ID
GO Biological Processes,19,GO:0006979,response to oxidative stress,-3.2,10,5.8,24156,458,21,4,19,8.6,1843|3091|4929|8013,DUSP1|HIF1A|NR4A2|NR4A3,-0.72,Input ID
GO Biological Processes,19,GO:0048002,antigen processing and presentation of peptide antigen,-3.2,18,6.9,24156,195,21,3,14,7.6,3117|3119|3123,HLA-DQA1|HLA-DQB1|HLA-DRB1,-0.7,Input ID
GO Biological Processes,19,GO:1903708,positive regulation of hemopoiesis,-3.2,18,6.9,24156,196,21,3,14,7.6,942|3091|9308,CD86|HIF1A|CD83,-0.7,Input ID
GO Biological Processes,19,GO:0001819,positive regulation of cytokine production,-3.2,9.9,5.7,24156,467,21,4,19,8.6,942|3091|8013|9308,CD86|HIF1A|NR4A3|CD83,-0.7,Input ID
Reactome Gene Sets,6,R-HSA-913531,Interferon Signaling,-3.2,17,6.8,24156,200,21,3,14,7.6,3117|3119|3123,HLA-DQA1|HLA-DQB1|HLA-DRB1,-0.7,Input ID
KEGG Pathway,24,hsa05169,Epstein-Barr virus infection,-3.2,17,6.8,24156,201,21,3,14,7.6,3117|3119|3123,HLA-DQA1|HLA-DQB1|HLA-DRB1,-0.7,Input ID
GO Biological Processes,19,GO:0002429,immune response-activating cell surface receptor signaling pathway,-3.2,9.7,5.6,24156,476,21,4,19,8.6,3117|3119|3123|8013,HLA-DQA1|HLA-DQB1|HLA-DRB1|NR4A3,-0.7,Input ID
GO Biological Processes,19,GO:0034341,response to interferon-gamma,-3.2,17,6.8,24156,202,21,3,14,7.6,3117|3119|3123,HLA-DQA1|HLA-DQB1|HLA-DRB1,-0.7,Input ID
GO Biological Processes,19,GO:0050852,T cell receptor signaling pathway,-3.2,17,6.8,24156,202,21,3,14,7.6,3117|3119|3123,HLA-DQA1|HLA-DQB1|HLA-DRB1,-0.7,Input ID
GO Biological Processes,19,GO:1903706,regulation of hemopoiesis,-3.1,9.4,5.6,24156,487,21,4,19,8.6,942|3091|8013|9308,CD86|HIF1A|NR4A3|CD83,-0.67,Input ID
GO Biological Processes,19,GO:1901215,negative regulation of neuron death,-3.1,16,6.6,24156,210,21,3,14,7.6,3091|4929|8013,HIF1A|NR4A2|NR4A3,-0.67,Input ID
GO Biological Processes,19,GO:0050679,positive regulation of epithelial cell proliferation,-3.1,16,6.6,24156,210,21,3,14,7.6,2683|3091|8013,B4GALT1|HIF1A|NR4A3,-0.67,Input ID
GO Biological Processes,19,GO:0097164,ammonium ion metabolic process,-3.1,16,6.6,24156,211,21,3,14,7.6,4929|5321|6303,NR4A2|PLA2G4A|SAT1,-0.67,Input ID
GO Biological Processes,19,GO:0043523,regulation of neuron apoptotic process,-3.1,16,6.6,24156,213,21,3,14,7.6,3091|4929|8013,HIF1A|NR4A2|NR4A3,-0.66,Input ID
GO Biological Processes,19,GO:0002768,immune response-regulating cell surface receptor signaling pathway,-3.1,9,5.4,24156,509,21,4,19,8.6,3117|3119|3123|8013,HLA-DQA1|HLA-DQB1|HLA-DRB1|NR4A3,-0.64,Input ID
GO Biological Processes,19,GO:0050920,regulation of chemotaxis,-3.1,16,6.5,24156,220,21,3,14,7.6,1843|1880|11240,DUSP1|GPR183|PADI2,-0.64,Input ID
GO Biological Processes,19,GO:1903039,positive regulation of leukocyte cell-cell adhesion,-3,15,6.4,24156,226,21,3,14,7.6,942|8013|9308,CD86|NR4A3|CD83,-0.61,Input ID
GO Biological Processes,19,GO:0019882,antigen processing and presentation,-3,15,6.2,24156,233,21,3,14,7.6,3117|3119|3123,HLA-DQA1|HLA-DQB1|HLA-DRB1,-0.58,Input ID
GO Biological Processes,19,GO:0009755,hormone-mediated signaling pathway,-3,15,6.2,24156,233,21,3,14,7.6,4929|8013|11240,NR4A2|NR4A3|PADI2,-0.58,Input ID
GO Biological Processes,19,GO:0043299,leukocyte degranulation,-3,8.6,5.2,24156,537,21,4,19,8.6,2683|4973|8013|11240,B4GALT1|OLR1|NR4A3|PADI2,-0.57,Input ID
GO Biological Processes,19,GO:0002275,myeloid cell activation involved in immune response,-2.9,8.4,5.2,24156,547,21,4,19,8.6,2683|4973|8013|11240,B4GALT1|OLR1|NR4A3|PADI2,-0.55,Input ID
GO Biological Processes,19,GO:0051402,neuron apoptotic process,-2.9,14,6.1,24156,243,21,3,14,7.6,3091|4929|8013,HIF1A|NR4A2|NR4A3,-0.55,Input ID
GO Biological Processes,19,GO:0030217,T cell differentiation,-2.9,14,6.1,24156,243,21,3,14,7.6,942|1880|9308,CD86|GPR183|CD83,-0.55,Input ID
GO Biological Processes,19,GO:0002444,myeloid leukocyte mediated immunity,-2.9,8.3,5.1,24156,555,21,4,19,8.6,2683|4973|8013|11240,B4GALT1|OLR1|NR4A3|PADI2,-0.54,Input ID
GO Biological Processes,19,GO:0071383,cellular response to steroid hormone stimulus,-2.9,14,6,24156,249,21,3,14,7.6,4929|8013|11240,NR4A2|NR4A3|PADI2,-0.53,Input ID
KEGG Pathway,24,hsa05166,HTLV-I infection,-2.9,13,5.9,24156,256,21,3,14,7.6,3117|3119|3123,HLA-DQA1|HLA-DQB1|HLA-DRB1,-0.5,Input ID
Reactome Gene Sets,6,R-HSA-76002,"Platelet activation, signaling and aggregation",-2.8,13,5.8,24156,263,21,3,14,7.6,5321|5552|10672,PLA2G4A|SRGN|GNA13,-0.47,Input ID
GO Biological Processes,19,GO:0002694,regulation of leukocyte activation,-2.8,7.8,4.9,24156,588,21,4,19,8.6,942|1880|8013|9308,CD86|GPR183|NR4A3|CD83,-0.47,Input ID
GO Biological Processes,19,GO:0001525,angiogenesis,-2.8,7.7,4.9,24156,594,21,4,19,8.6,2683|3091|6303|10672,B4GALT1|HIF1A|SAT1|GNA13,-0.45,Input ID
GO Biological Processes,19,GO:0022409,positive regulation of cell-cell adhesion,-2.8,13,5.8,24156,269,21,3,14,7.6,942|8013|9308,CD86|NR4A3|CD83,-0.45,Input ID
GO Biological Processes,19,GO:0071396,cellular response to lipid,-2.8,7.5,4.8,24156,616,21,4,19,8.6,942|4929|8013|11240,CD86|NR4A2|NR4A3|PADI2,-0.41,Input ID
GO Biological Processes,19,GO:0030522,intracellular receptor signaling pathway,-2.7,12,5.6,24156,282,21,3,14,7.6,4929|8013|11240,NR4A2|NR4A3|PADI2,-0.41,Input ID
GO Biological Processes,19,GO:0050865,regulation of cell activation,-2.7,7.3,4.7,24156,632,21,4,19,8.6,942|1880|8013|9308,CD86|GPR183|NR4A3|CD83,-0.37,Input ID
GO Biological Processes,19,GO:0002757,immune response-activating signal transduction,-2.7,7.1,4.6,24156,647,21,4,19,8.6,3117|3119|3123|8013,HLA-DQA1|HLA-DQB1|HLA-DRB1|NR4A3,-0.34,Input ID
GO Biological Processes,19,GO:0032787,monocarboxylic acid metabolic process,-2.7,7.1,4.6,24156,651,21,4,19,8.6,3091|5321|8013|9023,HIF1A|PLA2G4A|NR4A3|CH25H,-0.34,Input ID
GO Biological Processes,19,GO:0002274,myeloid leukocyte activation,-2.7,7,4.6,24156,656,21,4,19,8.6,2683|4973|8013|11240,B4GALT1|OLR1|NR4A3|PADI2,-0.33,Input ID
GO Biological Processes,19,GO:0034599,cellular response to oxidative stress,-2.6,11,5.3,24156,309,21,3,14,7.6,3091|4929|8013,HIF1A|NR4A2|NR4A3,-0.31,Input ID
GO Biological Processes,19,GO:1903037,regulation of leukocyte cell-cell adhesion,-2.6,11,5.2,24156,315,21,3,14,7.6,942|8013|9308,CD86|NR4A3|CD83,-0.3,Input ID
GO Biological Processes,19,GO:1901214,regulation of neuron death,-2.6,11,5.2,24156,318,21,3,14,7.6,3091|4929|8013,HIF1A|NR4A2|NR4A3,-0.29,Input ID
GO Biological Processes,19,GO:0043065,positive regulation of apoptotic process,-2.6,6.8,4.5,24156,679,21,4,19,8.6,1843|2683|8013|10672,DUSP1|B4GALT1|NR4A3|GNA13,-0.29,Input ID
GO Biological Processes,19,GO:0002764,immune response-regulating signaling pathway,-2.6,6.8,4.5,24156,681,21,4,19,8.6,3117|3119|3123|8013,HLA-DQA1|HLA-DQB1|HLA-DRB1|NR4A3,-0.29,Input ID
GO Biological Processes,19,GO:0050851,antigen receptor-mediated signaling pathway,-2.6,11,5.2,24156,320,21,3,14,7.6,3117|3119|3123,HLA-DQA1|HLA-DQB1|HLA-DRB1,-0.29,Input ID
GO Biological Processes,19,GO:0043068,positive regulation of programmed cell death,-2.6,6.7,4.5,24156,688,21,4,19,8.6,1843|2683|8013|10672,DUSP1|B4GALT1|NR4A3|GNA13,-0.28,Input ID
GO Biological Processes,19,GO:0048514,blood vessel morphogenesis,-2.6,6.7,4.5,24156,690,21,4,19,8.6,2683|3091|6303|10672,B4GALT1|HIF1A|SAT1|GNA13,-0.28,Input ID
GO Biological Processes,19,GO:0046677,response to antibiotic,-2.5,10,5.1,24156,331,21,3,14,7.6,1843|5321|8013,DUSP1|PLA2G4A|NR4A3,-0.26,Input ID
GO Biological Processes,19,GO:0032870,cellular response to hormone stimulus,-2.5,6.5,4.4,24156,712,21,4,19,8.6,1843|4929|8013|11240,DUSP1|NR4A2|NR4A3|PADI2,-0.24,Input ID
GO Biological Processes,19,GO:0030155,regulation of cell adhesion,-2.5,6.4,4.3,24156,716,21,4,19,8.6,942|1843|8013|9308,CD86|DUSP1|NR4A3|CD83,-0.24,Input ID
GO Biological Processes,19,GO:0051251,positive regulation of lymphocyte activation,-2.5,10,5,24156,346,21,3,14,7.6,942|1880|9308,CD86|GPR183|CD83,-0.22,Input ID
GO Biological Processes,19,GO:0007159,leukocyte cell-cell adhesion,-2.5,9.9,4.9,24156,349,21,3,14,7.6,942|8013|9308,CD86|NR4A3|CD83,-0.22,Input ID
GO Biological Processes,19,GO:0002253,activation of immune response,-2.5,6.3,4.3,24156,731,21,4,19,8.6,3117|3119|3123|8013,HLA-DQA1|HLA-DQB1|HLA-DRB1|NR4A3,-0.22,Input ID
GO Biological Processes,19,GO:0010942,positive regulation of cell death,-2.5,6.2,4.3,24156,739,21,4,19,8.6,1843|2683|8013|10672,DUSP1|B4GALT1|NR4A3|GNA13,-0.21,Input ID
GO Biological Processes,19,GO:0070997,neuron death,-2.5,9.7,4.9,24156,355,21,3,14,7.6,3091|4929|8013,HIF1A|NR4A2|NR4A3,-0.21,Input ID
GO Biological Processes,19,GO:0030098,lymphocyte differentiation,-2.5,9.7,4.9,24156,355,21,3,14,7.6,942|1880|9308,CD86|GPR183|CD83,-0.21,Input ID
GO Biological Processes,19,GO:0007420,brain development,-2.5,6.2,4.2,24156,741,21,4,19,8.6,3091|4929|8013|11240,HIF1A|NR4A2|NR4A3|PADI2,-0.21,Input ID
GO Biological Processes,19,GO:0006959,humoral immune response,-2.4,9.6,4.8,24156,361,21,3,14,7.6,1880|3119|9308,GPR183|HLA-DQB1|CD83,-0.2,Input ID
Reactome Gene Sets,6,R-HSA-1280218,Adaptive Immune System,-2.4,6.1,4.2,24156,760,21,4,19,8.6,942|3117|3119|3123,CD86|HLA-DQA1|HLA-DQB1|HLA-DRB1,-0.18,Input ID
GO Biological Processes,19,GO:0001568,blood vessel development,-2.4,5.9,4.1,24156,777,21,4,19,8.6,2683|3091|6303|10672,B4GALT1|HIF1A|SAT1|GNA13,-0.15,Input ID
GO Biological Processes,19,GO:0060322,head development,-2.4,5.9,4.1,24156,784,21,4,19,8.6,3091|4929|8013|11240,HIF1A|NR4A2|NR4A3|PADI2,-0.14,Input ID
GO Biological Processes,19,GO:0030900,forebrain development,-2.4,8.9,4.6,24156,389,21,3,14,7.6,3091|4929|8013,HIF1A|NR4A2|NR4A3,-0.12,Input ID
GO Biological Processes,19,GO:0050678,regulation of epithelial cell proliferation,-2.3,8.7,4.6,24156,396,21,3,14,7.6,2683|3091|8013,B4GALT1|HIF1A|NR4A3,-0.1,Input ID
GO Biological Processes,19,GO:0045785,positive regulation of cell adhesion,-2.3,8.3,4.4,24156,416,21,3,14,7.6,942|8013|9308,CD86|NR4A3|CD83,-0.046,Input ID
GO Biological Processes,19,GO:0022407,regulation of cell-cell adhesion,-2.3,8.2,4.4,24156,422,21,3,14,7.6,942|8013|9308,CD86|NR4A3|CD83,-0.032,Input ID
GO Biological Processes,19,GO:0030099,myeloid cell differentiation,-2.3,8.2,4.4,24156,423,21,3,14,7.6,1880|3091|8013,GPR183|HIF1A|NR4A3,-0.032,Input ID
GO Biological Processes,19,GO:0050673,epithelial cell proliferation,-2.2,7.6,4.2,24156,455,21,3,14,7.6,2683|3091|8013,B4GALT1|HIF1A|NR4A3,0,Input ID
GO Biological Processes,19,GO:0046394,carboxylic acid biosynthetic process,-2.1,7.5,4.1,24156,462,21,3,14,7.6,3091|5321|9023,HIF1A|PLA2G4A|CH25H,0,Input ID
GO Biological Processes,19,GO:0016053,organic acid biosynthetic process,-2.1,7.5,4.1,24156,463,21,3,14,7.6,3091|5321|9023,HIF1A|PLA2G4A|CH25H,0,Input ID
GO Biological Processes,19,GO:0042110,T cell activation,-2.1,7.3,4.1,24156,472,21,3,14,7.6,942|1880|9308,CD86|GPR183|CD83,0,Input ID
Reactome Gene Sets,6,R-HSA-6798695,Neutrophil degranulation,-2.1,7.2,4,24156,480,21,3,14,7.6,2683|4973|11240,B4GALT1|OLR1|PADI2,0,Input ID
GO Biological Processes,19,GO:0002683,negative regulation of immune system process,-2.1,7.1,4,24156,483,21,3,14,7.6,942|1843|11240,CD86|DUSP1|PADI2,0,Input ID
GO Biological Processes,19,GO:0043312,neutrophil degranulation,-2.1,7.1,4,24156,488,21,3,14,7.6,2683|4973|11240,B4GALT1|OLR1|PADI2,0,Input ID
GO Biological Processes,19,GO:0002283,neutrophil activation involved in immune response,-2.1,7,4,24156,491,21,3,14,7.6,2683|4973|11240,B4GALT1|OLR1|PADI2,0,Input ID
GO Biological Processes,19,GO:0042119,neutrophil activation,-2,6.9,3.9,24156,501,21,3,14,7.6,2683|4973|11240,B4GALT1|OLR1|PADI2,0,Input ID
GO Biological Processes,19,GO:0051249,regulation of lymphocyte activation,-2,6.9,3.9,24156,501,21,3,14,7.6,942|1880|9308,CD86|GPR183|CD83,0,Input ID
GO Biological Processes,19,GO:0002446,neutrophil mediated immunity,-2,6.9,3.9,24156,502,21,3,14,7.6,2683|4973|11240,B4GALT1|OLR1|PADI2,0,Input ID
GO Biological Processes,19,GO:0036230,granulocyte activation,-2,6.8,3.9,24156,507,21,3,14,7.6,2683|4973|11240,B4GALT1|OLR1|PADI2,0,Input ID
GO Biological Processes,19,GO:0002521,leukocyte differentiation,-2,6.6,3.8,24156,522,21,3,14,7.6,942|1880|9308,CD86|GPR183|CD83,0,Input ID
