,_MEMBER_Input ID,_LogP_Input ID,GO,Description,_PATTERN_,_RANK_,GiniIndex
19_GO:0002495,1,-4,GO:0002495,antigen processing and presentation of peptide antigen via MHC class II,M1,1,0
6_R-HSA-76002,1,-2.8,R-HSA-76002,"Platelet activation, signaling and aggregation",M1,1,0
19_GO:0046631,1,-3.6,GO:0046631,alpha-beta T cell activation,M1,1,0
19_GO:0050867,1,-3.4,GO:0050867,positive regulation of cell activation,M1,1,0
19_GO:0002283,1,-2.1,GO:0002283,neutrophil activation involved in immune response,M1,1,0
19_GO:0071346,1,-3.3,GO:0071346,cellular response to interferon-gamma,M1,1,0
19_GO:0050679,1,-3.1,GO:0050679,positive regulation of epithelial cell proliferation,M1,1,0
19_GO:0002694,1,-2.8,GO:0002694,regulation of leukocyte activation,M1,1,0
19_GO:0002366,1,-4.6,GO:0002366,leukocyte activation involved in immune response,M1,1,0
6_R-HSA-2132295,1,-3.8,R-HSA-2132295,MHC class II antigen presentation,M1,1,0
19_GO:0002504,1,-4,GO:0002504,antigen processing and presentation of peptide or polysaccharide antigen via MHC class II,M1,1,0
19_GO:0007420,1,-2.5,GO:0007420,brain development,M1,1,0
19_GO:0010942,1,-2.5,GO:0010942,positive regulation of cell death,M1,1,0
19_GO:0048247,1,-4.6,GO:0048247,lymphocyte chemotaxis,M1,1,0
24_hsa05330,1,-7.5,hsa05330,Allograft rejection,M1,1,0
19_GO:0019221,1,-4.4,GO:0019221,cytokine-mediated signaling pathway,M1,1,0
19_GO:0019882,1,-3,GO:0019882,antigen processing and presentation,M1,1,0
24_hsa05140,1,-4.5,hsa05140,Leishmaniasis,M1,1,0
24_hsa05168,1,-3.3,hsa05168,Herpes simplex infection,M1,1,0
19_GO:0042330,1,-4.8,GO:0042330,taxis,M1,1,0
6_R-HSA-6798695,1,-2.1,R-HSA-6798695,Neutrophil degranulation,M1,1,0
19_GO:0046632,1,-4,GO:0046632,alpha-beta T cell differentiation,M1,1,0
19_GO:0002478,1,-3.3,GO:0002478,antigen processing and presentation of exogenous peptide antigen,M1,1,0
19_GO:0007159,1,-2.5,GO:0007159,leukocyte cell-cell adhesion,M1,1,0
19_GO:0006959,1,-2.4,GO:0006959,humoral immune response,M1,1,0
19_GO:0050920,1,-3.1,GO:0050920,regulation of chemotaxis,M1,1,0
24_hsa05310,1,-5.6,hsa05310,Asthma,M1,1,0
19_GO:1903708,1,-3.2,GO:1903708,positive regulation of hemopoiesis,M1,1,0
19_GO:1903039,1,-3,GO:1903039,positive regulation of leukocyte cell-cell adhesion,M1,1,0
6_R-HSA-202433,1,-5.5,R-HSA-202433,Generation of second messenger molecules,M1,1,0
19_GO:0002768,1,-3.1,GO:0002768,immune response-regulating cell surface receptor signaling pathway,M1,1,0
19_GO:0071396,1,-2.8,GO:0071396,cellular response to lipid,M1,1,0
19_GO:0030155,1,-2.5,GO:0030155,regulation of cell adhesion,M1,1,0
19_GO:0002274,1,-2.7,GO:0002274,myeloid leukocyte activation,M1,1,0
19_GO:0043312,1,-2.1,GO:0043312,neutrophil degranulation,M1,1,0
19_GO:0002444,1,-2.9,GO:0002444,myeloid leukocyte mediated immunity,M1,1,0
19_GO:0030595,1,-4.4,GO:0030595,leukocyte chemotaxis,M1,1,0
6_R-HSA-109582,1,-3.8,R-HSA-109582,Hemostasis,M1,1,0
19_GO:0043367,1,-4.4,GO:0043367,"CD4-positive, alpha-beta T cell differentiation",M1,1,0
24_hsa04640,1,-4.1,hsa04640,Hematopoietic cell lineage,M1,1,0
19_GO:0002429,1,-3.2,GO:0002429,immune response-activating cell surface receptor signaling pathway,M1,1,0
19_GO:0070997,1,-2.5,GO:0070997,neuron death,M1,1,0
6_R-HSA-202403,1,-3.8,R-HSA-202403,TCR signaling,M1,1,0
24_hsa04612,1,-4.4,hsa04612,Antigen processing and presentation,M1,1,0
19_GO:0002253,1,-2.5,GO:0002253,activation of immune response,M1,1,0
6_R-HSA-1280218,1,-2.4,R-HSA-1280218,Adaptive Immune System,M1,1,0
19_GO:1903037,1,-2.6,GO:1903037,regulation of leukocyte cell-cell adhesion,M1,1,0
19_GO:0034341,1,-3.2,GO:0034341,response to interferon-gamma,M1,1,0
19_GO:0006935,1,-4.8,GO:0006935,chemotaxis,M1,1,0
19_GO:1990868,1,-4.1,GO:1990868,response to chemokine,M1,1,0
24_hsa05152,1,-3.3,hsa05152,Tuberculosis,M1,1,0
19_GO:0060326,1,-5.3,GO:0060326,cell chemotaxis,M1,1,0
19_GO:0097164,1,-3.1,GO:0097164,ammonium ion metabolic process,M1,1,0
19_GO:1903706,1,-3.1,GO:1903706,regulation of hemopoiesis,M1,1,0
24_hsa05332,1,-7.4,hsa05332,Graft-versus-host disease,M1,1,0
19_GO:0001525,1,-2.8,GO:0001525,angiogenesis,M1,1,0
24_hsa05416,1,-6.7,hsa05416,Viral myocarditis,M1,1,0
19_GO:0043401,1,-3.3,GO:0043401,steroid hormone mediated signaling pathway,M1,1,0
19_GO:0030522,1,-2.7,GO:0030522,intracellular receptor signaling pathway,M1,1,0
24_hsa04514,1,-5.2,hsa04514,Cell adhesion molecules (CAMs),M1,1,0
19_GO:0030098,1,-2.5,GO:0030098,lymphocyte differentiation,M1,1,0
19_GO:0045055,1,-3.3,GO:0045055,regulated exocytosis,M1,1,0
19_GO:0032787,1,-2.7,GO:0032787,monocarboxylic acid metabolic process,M1,1,0
19_GO:0043299,1,-3,GO:0043299,leukocyte degranulation,M1,1,0
24_hsa05320,1,-6.9,hsa05320,Autoimmune thyroid disease,M1,1,0
19_GO:0043068,1,-2.6,GO:0043068,positive regulation of programmed cell death,M1,1,0
19_GO:0050673,1,-2.2,GO:0050673,epithelial cell proliferation,M1,1,0
19_GO:0051251,1,-2.5,GO:0051251,positive regulation of lymphocyte activation,M1,1,0
19_GO:0071383,1,-2.9,GO:0071383,cellular response to steroid hormone stimulus,M1,1,0
19_GO:0045785,1,-2.3,GO:0045785,positive regulation of cell adhesion,M1,1,0
19_GO:0042110,1,-2.1,GO:0042110,T cell activation,M1,1,0
19_GO:0050851,1,-2.6,GO:0050851,antigen receptor-mediated signaling pathway,M1,1,0
6_R-HSA-202424,1,-4.1,R-HSA-202424,Downstream TCR signaling,M1,1,0
19_GO:0048514,1,-2.6,GO:0048514,blood vessel morphogenesis,M1,1,0
24_hsa05145,1,-3.9,hsa05145,Toxoplasmosis,M1,1,0
19_GO:0022407,1,-2.3,GO:0022407,regulation of cell-cell adhesion,M1,1,0
24_hsa04659,1,-5.7,hsa04659,Th17 cell differentiation,M1,1,0
19_GO:0009755,1,-3,GO:0009755,hormone-mediated signaling pathway,M1,1,0
19_GO:0072676,1,-3.9,GO:0072676,lymphocyte migration,M1,1,0
24_hsa04940,1,-7.3,hsa04940,Type I diabetes mellitus,M1,1,0
19_GO:0030099,1,-2.3,GO:0030099,myeloid cell differentiation,M1,1,0
19_GO:0042119,1,-2,GO:0042119,neutrophil activation,M1,1,0
6_R-HSA-913531,1,-3.2,R-HSA-913531,Interferon Signaling,M1,1,0
19_GO:0036230,1,-2,GO:0036230,granulocyte activation,M1,1,0
19_GO:0030900,1,-2.4,GO:0030900,forebrain development,M1,1,0
24_hsa05166,1,-2.9,hsa05166,HTLV-I infection,M1,1,0
19_GO:0002263,1,-4.6,GO:0002263,cell activation involved in immune response,M1,1,0
19_GO:0002275,1,-2.9,GO:0002275,myeloid cell activation involved in immune response,M1,1,0
19_GO:0050900,1,-5.5,GO:0050900,leukocyte migration,M1,1,0
19_GO:0002757,1,-2.7,GO:0002757,immune response-activating signal transduction,M1,1,0
19_GO:0034599,1,-2.6,GO:0034599,cellular response to oxidative stress,M1,1,0
19_GO:0016053,1,-2.1,GO:0016053,organic acid biosynthetic process,M1,1,0
24_hsa04672,1,-7.1,hsa04672,Intestinal immune network for IgA production,M1,1,0
24_hsa05323,1,-6,hsa05323,Rheumatoid arthritis,M1,1,0
19_GO:0060322,1,-2.4,GO:0060322,head development,M1,1,0
24_hsa04145,1,-5.1,hsa04145,Phagosome,M1,1,0
19_GO:1990869,1,-4.1,GO:1990869,cellular response to chemokine,M1,1,0
19_GO:0002521,1,-2,GO:0002521,leukocyte differentiation,M1,1,0
19_GO:0050678,1,-2.3,GO:0050678,regulation of epithelial cell proliferation,M1,1,0
19_GO:0002696,1,-3.5,GO:0002696,positive regulation of leukocyte activation,M1,1,0
24_hsa04658,1,-4.2,hsa04658,Th1 and Th2 cell differentiation,M1,1,0
19_GO:0022409,1,-2.8,GO:0022409,positive regulation of cell-cell adhesion,M1,1,0
6_R-HSA-202430,1,-6.3,R-HSA-202430,Translocation of ZAP-70 to Immunological synapse,M1,1,0
19_GO:0001819,1,-3.2,GO:0001819,positive regulation of cytokine production,M1,1,0
24_hsa05150,1,-4.8,hsa05150,Staphylococcus aureus infection,M1,1,0
19_GO:0001568,1,-2.4,GO:0001568,blood vessel development,M1,1,0
19_GO:0043065,1,-2.6,GO:0043065,positive regulation of apoptotic process,M1,1,0
24_hsa05164,1,-3.4,hsa05164,Influenza A,M1,1,0
6_R-HSA-877300,1,-4.2,R-HSA-877300,Interferon gamma signaling,M1,1,0
19_GO:0032870,1,-2.5,GO:0032870,cellular response to hormone stimulus,M1,1,0
19_GO:0035710,1,-4.2,GO:0035710,"CD4-positive, alpha-beta T cell activation",M1,1,0
24_hsa05322,1,-5.3,hsa05322,Systemic lupus erythematosus,M1,1,0
24_hsa05169,1,-3.2,hsa05169,Epstein-Barr virus infection,M1,1,0
19_GO:0046394,1,-2.1,GO:0046394,carboxylic acid biosynthetic process,M1,1,0
19_GO:0046677,1,-2.5,GO:0046677,response to antibiotic,M1,1,0
24_hsa05321,1,-4.6,hsa05321,Inflammatory bowel disease (IBD),M1,1,0
19_GO:0048002,1,-3.2,GO:0048002,antigen processing and presentation of peptide antigen,M1,1,0
19_GO:0060333,1,-4.2,GO:0060333,interferon-gamma-mediated signaling pathway,M1,1,0
19_GO:1901214,1,-2.6,GO:1901214,regulation of neuron death,M1,1,0
19_GO:0043523,1,-3.1,GO:0043523,regulation of neuron apoptotic process,M1,1,0
19_GO:0051402,1,-2.9,GO:0051402,neuron apoptotic process,M1,1,0
19_GO:0001817,1,-3.4,GO:0001817,regulation of cytokine production,M1,1,0
19_GO:0030217,1,-2.9,GO:0030217,T cell differentiation,M1,1,0
19_GO:1901215,1,-3.1,GO:1901215,negative regulation of neuron death,M1,1,0
19_GO:0050852,1,-3.2,GO:0050852,T cell receptor signaling pathway,M1,1,0
19_GO:0006979,1,-3.2,GO:0006979,response to oxidative stress,M1,1,0
19_GO:0002250,1,-3.6,GO:0002250,adaptive immune response,M1,1,0
6_R-HSA-388841,1,-6.5,R-HSA-388841,Costimulation by the CD28 family,M1,1,0
19_GO:0019886,1,-4.1,GO:0019886,antigen processing and presentation of exogenous peptide antigen via MHC class II,M1,1,0
19_GO:0019884,1,-3.3,GO:0019884,antigen processing and presentation of exogenous antigen,M1,1,0
6_R-HSA-202427,1,-6.1,R-HSA-202427,Phosphorylation of CD3 and TCR zeta chains,M1,1,0
6_R-HSA-389948,1,-6,R-HSA-389948,PD-1 signaling,M1,1,0
19_GO:0002764,1,-2.6,GO:0002764,immune response-regulating signaling pathway,M1,1,0
19_GO:0043524,1,-3.6,GO:0043524,negative regulation of neuron apoptotic process,M1,1,0
19_GO:0048545,1,-3.5,GO:0048545,response to steroid hormone,M1,1,0
19_GO:0050865,1,-2.7,GO:0050865,regulation of cell activation,M1,1,0
19_GO:0051249,1,-2,GO:0051249,regulation of lymphocyte activation,M1,1,0
19_GO:0002446,1,-2,GO:0002446,neutrophil mediated immunity,M1,1,0
19_GO:0002683,1,-2.1,GO:0002683,negative regulation of immune system process,M1,1,0
