Cluster,Gene,Score,Type,Symbol,Network
1,6202,18.5,Clustered,RPS8,Input ID_SUB1
1,9045,18.5,Clustered,RPL14,Input ID_SUB1
1,9349,18.5,Clustered,RPL23,Input ID_SUB1
1,6205,18.5,Clustered,RPS11,Input ID_SUB1
1,6208,18.5,Clustered,RPS14,Input ID_SUB1
1,6217,18.5,Clustered,RPS16,Input ID_SUB1
1,6224,18.5,Clustered,RPS20,Input ID_SUB1
1,6228,18.5,Clustered,RPS23,Input ID_SUB1
1,6229,18.5,Clustered,RPS24,Input ID_SUB1
1,6230,18.5,Clustered,RPS25,Input ID_SUB1
1,6233,18.5,Clustered,RPS27A,Input ID_SUB1
1,6235,18.5,Clustered,RPS29,Input ID_SUB1
1,6209,18.5,Clustered,RPS15,Input ID_SUB1
1,6134,18.5,Clustered,RPL10,Input ID_SUB1
1,6191,18.5,Clustered,RPS4X,Input ID_SUB1
1,6144,18.5,Clustered,RPL21,Input ID_SUB1
1,6143,18.5,Clustered,RPL19,Input ID_SUB1
1,6160,18.5,Clustered,RPL31,Input ID_SUB1
1,6157,18.5,Clustered,RPL27A,Input ID_SUB1
1,6135,18.5,Clustered,RPL11,Input ID_SUB1
1,6147,18.5,Clustered,RPL23A,Input ID_SUB1
1,6137,18.5,Clustered,RPL13,Input ID_SUB1
1,6181,18.5,Clustered,RPLP2,Input ID_SUB1
1,6194,18.5,Clustered,RPS6,Input ID_SUB1
1,6176,18.5,Clustered,RPLP1,Input ID_SUB1
1,6188,18.5,Clustered,RPS3,Input ID_SUB1
1,6161,18.5,Clustered,RPL32,Input ID_SUB1
1,6158,18.5,Clustered,RPL28,Input ID_SUB1
1,6171,18.5,Clustered,RPL41,Input ID_SUB1
1,6128,18.5,Clustered,RPL6,Input ID_SUB1
1,6129,18.5,Clustered,RPL7,Input ID_SUB1
1,2197,18.5,Clustered,FAU,Input ID_SUB1
1,6124,18.5,Clustered,RPL4,Input ID_SUB1
1,6122,18.5,Clustered,RPL3,Input ID_SUB1
1,23521,18.5,Clustered,RPL13A,Input ID_SUB1
1,4736,18.5,Clustered,RPL10A,Input ID_SUB1
1,1915,18.5,Clustered,EEF1A1,Input ID_SUB1
1,11224,18.5,Seed,RPL35,Input ID_SUB1
