Name,Category,CategoryID,GO,Description,LogP,Enrichment,Z-score,#TotalGeneInLibrary,#GeneInGO,#GeneInHitList,#GeneInGOAndHitList,%InGO,STDV %InGO,GeneID,Hits,Log(q-value)
Input ID,KEGG Pathway,24,hsa04659,Th17 cell differentiation,-8.7,1.8e+02,27,24156,107,5,4,80,18,3091|3117|3119|3123,HIF1A|HLA-DQA1|HLA-DQB1|HLA-DRB1,-5.4
Input ID,Reactome Gene Sets,6,R-HSA-202430,Translocation of ZAP-70 to Immunological synapse,-8.4,7.6e+02,48,24156,19,5,3,60,22,3117|3119|3123,HLA-DQA1|HLA-DQB1|HLA-DRB1,-5.2
Input ID,Reactome Gene Sets,6,R-HSA-202427,Phosphorylation of CD3 and TCR zeta chains,-8.2,6.6e+02,44,24156,22,5,3,60,22,3117|3119|3123,HLA-DQA1|HLA-DQB1|HLA-DRB1,-5.1
Input ID,Reactome Gene Sets,6,R-HSA-389948,PD-1 signaling,-8.1,6.3e+02,43,24156,23,5,3,60,22,3117|3119|3123,HLA-DQA1|HLA-DQB1|HLA-DRB1,-5.1
Input ID,KEGG Pathway,24,hsa05310,Asthma,-7.7,4.7e+02,37,24156,31,5,3,60,22,3117|3119|3123,HLA-DQA1|HLA-DQB1|HLA-DRB1,-4.9
Input ID,Reactome Gene Sets,6,R-HSA-202433,Generation of second messenger molecules,-7.6,4.3e+02,36,24156,34,5,3,60,22,3117|3119|3123,HLA-DQA1|HLA-DQB1|HLA-DRB1,-4.8
Input ID,KEGG Pathway,24,hsa05330,Allograft rejection,-7.4,3.8e+02,34,24156,38,5,3,60,22,3117|3119|3123,HLA-DQA1|HLA-DQB1|HLA-DRB1,-4.7
Input ID,KEGG Pathway,24,hsa05332,Graft-versus-host disease,-7.3,3.5e+02,33,24156,41,5,3,60,22,3117|3119|3123,HLA-DQA1|HLA-DQB1|HLA-DRB1,-4.6
Input ID,KEGG Pathway,24,hsa04940,Type I diabetes mellitus,-7.3,3.4e+02,32,24156,43,5,3,60,22,3117|3119|3123,HLA-DQA1|HLA-DQB1|HLA-DRB1,-4.6
Input ID,KEGG Pathway,24,hsa04672,Intestinal immune network for IgA production,-7.1,3e+02,30,24156,49,5,3,60,22,3117|3119|3123,HLA-DQA1|HLA-DQB1|HLA-DRB1,-4.6
Input ID,KEGG Pathway,24,hsa05320,Autoimmune thyroid disease,-7,2.7e+02,29,24156,53,5,3,60,22,3117|3119|3123,HLA-DQA1|HLA-DQB1|HLA-DRB1,-4.5
Input ID,KEGG Pathway,24,hsa05150,Staphylococcus aureus infection,-6.9,2.6e+02,28,24156,56,5,3,60,22,3117|3119|3123,HLA-DQA1|HLA-DQB1|HLA-DRB1,-4.4
Input ID,KEGG Pathway,24,hsa05416,Viral myocarditis,-6.9,2.5e+02,27,24156,59,5,3,60,22,3117|3119|3123,HLA-DQA1|HLA-DQB1|HLA-DRB1,-4.4
Input ID,KEGG Pathway,24,hsa05321,Inflammatory bowel disease (IBD),-6.7,2.2e+02,26,24156,65,5,3,60,22,3117|3119|3123,HLA-DQA1|HLA-DQB1|HLA-DRB1,-4.3
Input ID,Reactome Gene Sets,6,R-HSA-388841,Costimulation by the CD28 family,-6.7,2.1e+02,25,24156,69,5,3,60,22,3117|3119|3123,HLA-DQA1|HLA-DQB1|HLA-DRB1,-4.2
Input ID,KEGG Pathway,24,hsa05140,Leishmaniasis,-6.6,2e+02,24,24156,73,5,3,60,22,3117|3119|3123,HLA-DQA1|HLA-DQB1|HLA-DRB1,-4.2
Input ID,KEGG Pathway,24,hsa04612,Antigen processing and presentation,-6.5,1.9e+02,24,24156,77,5,3,60,22,3117|3119|3123,HLA-DQA1|HLA-DQB1|HLA-DRB1,-4.1
Input ID,KEGG Pathway,24,hsa05323,Rheumatoid arthritis,-6.3,1.6e+02,22,24156,90,5,3,60,22,3117|3119|3123,HLA-DQA1|HLA-DQB1|HLA-DRB1,-4
Input ID,GO Biological Processes,19,GO:0060333,interferon-gamma-mediated signaling pathway,-6.3,1.6e+02,22,24156,91,5,3,60,22,3117|3119|3123,HLA-DQA1|HLA-DQB1|HLA-DRB1,-4
Input ID,KEGG Pathway,24,hsa04658,Th1 and Th2 cell differentiation,-6.3,1.6e+02,22,24156,92,5,3,60,22,3117|3119|3123,HLA-DQA1|HLA-DQB1|HLA-DRB1,-4
Input ID,Reactome Gene Sets,6,R-HSA-877300,Interferon gamma signaling,-6.3,1.6e+02,22,24156,92,5,3,60,22,3117|3119|3123,HLA-DQA1|HLA-DQB1|HLA-DRB1,-4
Input ID,KEGG Pathway,24,hsa04640,Hematopoietic cell lineage,-6.2,1.5e+02,21,24156,97,5,3,60,22,3117|3119|3123,HLA-DQA1|HLA-DQB1|HLA-DRB1,-3.9
Input ID,GO Biological Processes,19,GO:0019886,antigen processing and presentation of exogenous peptide antigen via MHC class II,-6.2,1.5e+02,21,24156,98,5,3,60,22,3117|3119|3123,HLA-DQA1|HLA-DQB1|HLA-DRB1,-3.9
Input ID,Reactome Gene Sets,6,R-HSA-202424,Downstream TCR signaling,-6.2,1.5e+02,21,24156,98,5,3,60,22,3117|3119|3123,HLA-DQA1|HLA-DQB1|HLA-DRB1,-3.9
Input ID,GO Biological Processes,19,GO:0002495,antigen processing and presentation of peptide antigen via MHC class II,-6.1,1.4e+02,21,24156,102,5,3,60,22,3117|3119|3123,HLA-DQA1|HLA-DQB1|HLA-DRB1,-3.9
Input ID,GO Biological Processes,19,GO:0002504,antigen processing and presentation of peptide or polysaccharide antigen via MHC class II,-6.1,1.4e+02,20,24156,103,5,3,60,22,3117|3119|3123,HLA-DQA1|HLA-DQB1|HLA-DRB1,-3.9
Input ID,KEGG Pathway,24,hsa05145,Toxoplasmosis,-6,1.3e+02,20,24156,113,5,3,60,22,3117|3119|3123,HLA-DQA1|HLA-DQB1|HLA-DRB1,-3.7
Input ID,Reactome Gene Sets,6,R-HSA-202403,TCR signaling,-5.9,1.2e+02,19,24156,120,5,3,60,22,3117|3119|3123,HLA-DQA1|HLA-DQB1|HLA-DRB1,-3.7
Input ID,Reactome Gene Sets,6,R-HSA-2132295,MHC class II antigen presentation,-5.9,1.2e+02,19,24156,123,5,3,60,22,3117|3119|3123,HLA-DQA1|HLA-DQB1|HLA-DRB1,-3.6
Input ID,KEGG Pathway,24,hsa05322,Systemic lupus erythematosus,-5.8,1.1e+02,18,24156,133,5,3,60,22,3117|3119|3123,HLA-DQA1|HLA-DQB1|HLA-DRB1,-3.6
Input ID,KEGG Pathway,24,hsa04514,Cell adhesion molecules (CAMs),-5.7,1e+02,17,24156,144,5,3,60,22,3117|3119|3123,HLA-DQA1|HLA-DQB1|HLA-DRB1,-3.5
Input ID,KEGG Pathway,24,hsa04145,Phagosome,-5.6,94,17,24156,154,5,3,60,22,3117|3119|3123,HLA-DQA1|HLA-DQB1|HLA-DRB1,-3.4
Input ID,KEGG Pathway,24,hsa05164,Influenza A,-5.4,84,16,24156,173,5,3,60,22,3117|3119|3123,HLA-DQA1|HLA-DQB1|HLA-DRB1,-3.2
Input ID,GO Biological Processes,19,GO:0002478,antigen processing and presentation of exogenous peptide antigen,-5.4,83,16,24156,175,5,3,60,22,3117|3119|3123,HLA-DQA1|HLA-DQB1|HLA-DRB1,-3.2
Input ID,KEGG Pathway,24,hsa05152,Tuberculosis,-5.4,81,15,24156,179,5,3,60,22,3117|3119|3123,HLA-DQA1|HLA-DQB1|HLA-DRB1,-3.2
Input ID,GO Biological Processes,19,GO:0019884,antigen processing and presentation of exogenous antigen,-5.4,80,15,24156,182,5,3,60,22,3117|3119|3123,HLA-DQA1|HLA-DQB1|HLA-DRB1,-3.2
Input ID,GO Biological Processes,19,GO:0071346,cellular response to interferon-gamma,-5.4,80,15,24156,182,5,3,60,22,3117|3119|3123,HLA-DQA1|HLA-DQB1|HLA-DRB1,-3.2
Input ID,KEGG Pathway,24,hsa05168,Herpes simplex infection,-5.4,78,15,24156,185,5,3,60,22,3117|3119|3123,HLA-DQA1|HLA-DQB1|HLA-DRB1,-3.2
Input ID,GO Biological Processes,19,GO:0048002,antigen processing and presentation of peptide antigen,-5.3,74,15,24156,195,5,3,60,22,3117|3119|3123,HLA-DQA1|HLA-DQB1|HLA-DRB1,-3.1
Input ID,Reactome Gene Sets,6,R-HSA-913531,Interferon Signaling,-5.3,72,15,24156,200,5,3,60,22,3117|3119|3123,HLA-DQA1|HLA-DQB1|HLA-DRB1,-3.1
Input ID,KEGG Pathway,24,hsa05169,Epstein-Barr virus infection,-5.3,72,15,24156,201,5,3,60,22,3117|3119|3123,HLA-DQA1|HLA-DQB1|HLA-DRB1,-3.1
Input ID,GO Biological Processes,19,GO:0034341,response to interferon-gamma,-5.2,72,15,24156,202,5,3,60,22,3117|3119|3123,HLA-DQA1|HLA-DQB1|HLA-DRB1,-3.1
Input ID,GO Biological Processes,19,GO:0050852,T cell receptor signaling pathway,-5.2,72,15,24156,202,5,3,60,22,3117|3119|3123,HLA-DQA1|HLA-DQB1|HLA-DRB1,-3.1
Input ID,GO Biological Processes,19,GO:0019221,cytokine-mediated signaling pathway,-5.2,24,9.6,24156,796,5,4,80,18,3091|3117|3119|3123,HIF1A|HLA-DQA1|HLA-DQB1|HLA-DRB1,-3.1
Input ID,GO Biological Processes,19,GO:0019882,antigen processing and presentation,-5.1,62,14,24156,233,5,3,60,22,3117|3119|3123,HLA-DQA1|HLA-DQB1|HLA-DRB1,-2.9
Input ID,KEGG Pathway,24,hsa05166,HTLV-I infection,-4.9,57,13,24156,256,5,3,60,22,3117|3119|3123,HLA-DQA1|HLA-DQB1|HLA-DRB1,-2.8
Input ID,GO Biological Processes,19,GO:0050851,antigen receptor-mediated signaling pathway,-4.6,45,11,24156,320,5,3,60,22,3117|3119|3123,HLA-DQA1|HLA-DQB1|HLA-DRB1,-2.5
Input ID,GO Biological Processes,19,GO:0002429,immune response-activating cell surface receptor signaling pathway,-4.1,30,9.3,24156,476,5,3,60,22,3117|3119|3123,HLA-DQA1|HLA-DQB1|HLA-DRB1,-2
Input ID,GO Biological Processes,19,GO:0002768,immune response-regulating cell surface receptor signaling pathway,-4,28,9,24156,509,5,3,60,22,3117|3119|3123,HLA-DQA1|HLA-DQB1|HLA-DRB1,-1.9
Input ID,GO Biological Processes,19,GO:0002757,immune response-activating signal transduction,-3.7,22,7.9,24156,647,5,3,60,22,3117|3119|3123,HLA-DQA1|HLA-DQB1|HLA-DRB1,-1.6
Input ID,GO Biological Processes,19,GO:0002764,immune response-regulating signaling pathway,-3.7,21,7.7,24156,681,5,3,60,22,3117|3119|3123,HLA-DQA1|HLA-DQB1|HLA-DRB1,-1.6
Input ID,GO Biological Processes,19,GO:0002250,adaptive immune response,-3.6,21,7.6,24156,696,5,3,60,22,3117|3119|3123,HLA-DQA1|HLA-DQB1|HLA-DRB1,-1.5
Input ID,GO Biological Processes,19,GO:0002253,activation of immune response,-3.6,20,7.4,24156,731,5,3,60,22,3117|3119|3123,HLA-DQA1|HLA-DQB1|HLA-DRB1,-1.5
Input ID,Reactome Gene Sets,6,R-HSA-1280218,Adaptive Immune System,-3.5,19,7.3,24156,760,5,3,60,22,3117|3119|3123,HLA-DQA1|HLA-DQB1|HLA-DRB1,-1.4
Input ID_MCODE_ALL,Reactome Gene Sets,6,R-HSA-202430,Translocation of ZAP-70 to Immunological synapse,-9.4,1.3e+03,62,24156,19,3,3,1e+02,27,3117|3119|3123,HLA-DQA1|HLA-DQB1|HLA-DRB1,-5.6
Input ID_MCODE_ALL,Reactome Gene Sets,6,R-HSA-202427,Phosphorylation of CD3 and TCR zeta chains,-9.2,1.1e+03,57,24156,22,3,3,1e+02,27,3117|3119|3123,HLA-DQA1|HLA-DQB1|HLA-DRB1,-5.6
Input ID_MCODE_ALL,Reactome Gene Sets,6,R-HSA-389948,PD-1 signaling,-9.1,1.1e+03,56,24156,23,3,3,1e+02,27,3117|3119|3123,HLA-DQA1|HLA-DQB1|HLA-DRB1,-5.6
Input ID_MCODE_ALL,KEGG Pathway,24,hsa05310,Asthma,-8.7,7.8e+02,48,24156,31,3,3,1e+02,27,3117|3119|3123,HLA-DQA1|HLA-DQB1|HLA-DRB1,-5.4
Input ID_MCODE_ALL,Reactome Gene Sets,6,R-HSA-202433,Generation of second messenger molecules,-8.6,7.1e+02,46,24156,34,3,3,1e+02,27,3117|3119|3123,HLA-DQA1|HLA-DQB1|HLA-DRB1,-5.3
Input ID_MCODE_ALL,KEGG Pathway,24,hsa05330,Allograft rejection,-8.4,6.4e+02,44,24156,38,3,3,1e+02,27,3117|3119|3123,HLA-DQA1|HLA-DQB1|HLA-DRB1,-5.2
Input ID_MCODE_ALL,KEGG Pathway,24,hsa05332,Graft-versus-host disease,-8.3,5.9e+02,42,24156,41,3,3,1e+02,27,3117|3119|3123,HLA-DQA1|HLA-DQB1|HLA-DRB1,-5.2
Input ID_MCODE_ALL,KEGG Pathway,24,hsa04940,Type I diabetes mellitus,-8.3,5.6e+02,41,24156,43,3,3,1e+02,27,3117|3119|3123,HLA-DQA1|HLA-DQB1|HLA-DRB1,-5.2
Input ID_MCODE_ALL,KEGG Pathway,24,hsa04672,Intestinal immune network for IgA production,-8.1,4.9e+02,38,24156,49,3,3,1e+02,27,3117|3119|3123,HLA-DQA1|HLA-DQB1|HLA-DRB1,-5.1
Input ID_MCODE_ALL,KEGG Pathway,24,hsa05320,Autoimmune thyroid disease,-8,4.6e+02,37,24156,53,3,3,1e+02,27,3117|3119|3123,HLA-DQA1|HLA-DQB1|HLA-DRB1,-5.1
Input ID_MCODE_ALL,KEGG Pathway,24,hsa05150,Staphylococcus aureus infection,-7.9,4.3e+02,36,24156,56,3,3,1e+02,27,3117|3119|3123,HLA-DQA1|HLA-DQB1|HLA-DRB1,-5
Input ID_MCODE_ALL,KEGG Pathway,24,hsa05416,Viral myocarditis,-7.9,4.1e+02,35,24156,59,3,3,1e+02,27,3117|3119|3123,HLA-DQA1|HLA-DQB1|HLA-DRB1,-5
Input ID_MCODE_ALL,KEGG Pathway,24,hsa05321,Inflammatory bowel disease (IBD),-7.7,3.7e+02,33,24156,65,3,3,1e+02,27,3117|3119|3123,HLA-DQA1|HLA-DQB1|HLA-DRB1,-4.9
Input ID_MCODE_ALL,Reactome Gene Sets,6,R-HSA-388841,Costimulation by the CD28 family,-7.7,3.5e+02,32,24156,69,3,3,1e+02,27,3117|3119|3123,HLA-DQA1|HLA-DQB1|HLA-DRB1,-4.9
Input ID_MCODE_ALL,KEGG Pathway,24,hsa05140,Leishmaniasis,-7.6,3.3e+02,31,24156,73,3,3,1e+02,27,3117|3119|3123,HLA-DQA1|HLA-DQB1|HLA-DRB1,-4.8
Input ID_MCODE_ALL,KEGG Pathway,24,hsa04612,Antigen processing and presentation,-7.5,3.1e+02,31,24156,77,3,3,1e+02,27,3117|3119|3123,HLA-DQA1|HLA-DQB1|HLA-DRB1,-4.8
Input ID_MCODE_ALL,KEGG Pathway,24,hsa05323,Rheumatoid arthritis,-7.3,2.7e+02,28,24156,90,3,3,1e+02,27,3117|3119|3123,HLA-DQA1|HLA-DQB1|HLA-DRB1,-4.6
Input ID_MCODE_ALL,GO Biological Processes,19,GO:0060333,interferon-gamma-mediated signaling pathway,-7.3,2.7e+02,28,24156,91,3,3,1e+02,27,3117|3119|3123,HLA-DQA1|HLA-DQB1|HLA-DRB1,-4.6
Input ID_MCODE_ALL,Reactome Gene Sets,6,R-HSA-877300,Interferon gamma signaling,-7.3,2.6e+02,28,24156,92,3,3,1e+02,27,3117|3119|3123,HLA-DQA1|HLA-DQB1|HLA-DRB1,-4.6
Input ID_MCODE_ALL,KEGG Pathway,24,hsa04658,Th1 and Th2 cell differentiation,-7.3,2.6e+02,28,24156,92,3,3,1e+02,27,3117|3119|3123,HLA-DQA1|HLA-DQB1|HLA-DRB1,-4.6
Input ID_MCODE_ALL,KEGG Pathway,24,hsa04640,Hematopoietic cell lineage,-7.2,2.5e+02,27,24156,97,3,3,1e+02,27,3117|3119|3123,HLA-DQA1|HLA-DQB1|HLA-DRB1,-4.6
Input ID_MCODE_ALL,GO Biological Processes,19,GO:0019886,antigen processing and presentation of exogenous peptide antigen via MHC class II,-7.2,2.5e+02,27,24156,98,3,3,1e+02,27,3117|3119|3123,HLA-DQA1|HLA-DQB1|HLA-DRB1,-4.6
Input ID_MCODE_ALL,Reactome Gene Sets,6,R-HSA-202424,Downstream TCR signaling,-7.2,2.5e+02,27,24156,98,3,3,1e+02,27,3117|3119|3123,HLA-DQA1|HLA-DQB1|HLA-DRB1,-4.6
Input ID_MCODE_ALL,GO Biological Processes,19,GO:0002495,antigen processing and presentation of peptide antigen via MHC class II,-7.1,2.4e+02,27,24156,102,3,3,1e+02,27,3117|3119|3123,HLA-DQA1|HLA-DQB1|HLA-DRB1,-4.6
Input ID_MCODE_ALL,GO Biological Processes,19,GO:0002504,antigen processing and presentation of peptide or polysaccharide antigen via MHC class II,-7.1,2.3e+02,26,24156,103,3,3,1e+02,27,3117|3119|3123,HLA-DQA1|HLA-DQB1|HLA-DRB1,-4.6
Input ID_MCODE_ALL,KEGG Pathway,24,hsa04659,Th17 cell differentiation,-7.1,2.3e+02,26,24156,107,3,3,1e+02,27,3117|3119|3123,HLA-DQA1|HLA-DQB1|HLA-DRB1,-4.5
Input ID_MCODE_ALL,KEGG Pathway,24,hsa05145,Toxoplasmosis,-7,2.1e+02,25,24156,113,3,3,1e+02,27,3117|3119|3123,HLA-DQA1|HLA-DQB1|HLA-DRB1,-4.5
Input ID_MCODE_ALL,Reactome Gene Sets,6,R-HSA-202403,TCR signaling,-6.9,2e+02,25,24156,120,3,3,1e+02,27,3117|3119|3123,HLA-DQA1|HLA-DQB1|HLA-DRB1,-4.4
Input ID_MCODE_ALL,Reactome Gene Sets,6,R-HSA-2132295,MHC class II antigen presentation,-6.9,2e+02,24,24156,123,3,3,1e+02,27,3117|3119|3123,HLA-DQA1|HLA-DQB1|HLA-DRB1,-4.4
Input ID_MCODE_ALL,KEGG Pathway,24,hsa05322,Systemic lupus erythematosus,-6.8,1.8e+02,23,24156,133,3,3,1e+02,27,3117|3119|3123,HLA-DQA1|HLA-DQB1|HLA-DRB1,-4.3
Input ID_MCODE_ALL,KEGG Pathway,24,hsa04514,Cell adhesion molecules (CAMs),-6.7,1.7e+02,22,24156,144,3,3,1e+02,27,3117|3119|3123,HLA-DQA1|HLA-DQB1|HLA-DRB1,-4.2
Input ID_MCODE_ALL,KEGG Pathway,24,hsa04145,Phagosome,-6.6,1.6e+02,22,24156,154,3,3,1e+02,27,3117|3119|3123,HLA-DQA1|HLA-DQB1|HLA-DRB1,-4.2
Input ID_MCODE_ALL,KEGG Pathway,24,hsa05164,Influenza A,-6.4,1.4e+02,20,24156,173,3,3,1e+02,27,3117|3119|3123,HLA-DQA1|HLA-DQB1|HLA-DRB1,-4
Input ID_MCODE_ALL,GO Biological Processes,19,GO:0002478,antigen processing and presentation of exogenous peptide antigen,-6.4,1.4e+02,20,24156,175,3,3,1e+02,27,3117|3119|3123,HLA-DQA1|HLA-DQB1|HLA-DRB1,-4
Input ID_MCODE_ALL,KEGG Pathway,24,hsa05152,Tuberculosis,-6.4,1.3e+02,20,24156,179,3,3,1e+02,27,3117|3119|3123,HLA-DQA1|HLA-DQB1|HLA-DRB1,-4
Input ID_MCODE_ALL,GO Biological Processes,19,GO:0071346,cellular response to interferon-gamma,-6.4,1.3e+02,20,24156,182,3,3,1e+02,27,3117|3119|3123,HLA-DQA1|HLA-DQB1|HLA-DRB1,-4
Input ID_MCODE_ALL,GO Biological Processes,19,GO:0019884,antigen processing and presentation of exogenous antigen,-6.4,1.3e+02,20,24156,182,3,3,1e+02,27,3117|3119|3123,HLA-DQA1|HLA-DQB1|HLA-DRB1,-4
Input ID_MCODE_ALL,KEGG Pathway,24,hsa05168,Herpes simplex infection,-6.4,1.3e+02,20,24156,185,3,3,1e+02,27,3117|3119|3123,HLA-DQA1|HLA-DQB1|HLA-DRB1,-4
Input ID_MCODE_ALL,GO Biological Processes,19,GO:0048002,antigen processing and presentation of peptide antigen,-6.3,1.2e+02,19,24156,195,3,3,1e+02,27,3117|3119|3123,HLA-DQA1|HLA-DQB1|HLA-DRB1,-4
Input ID_MCODE_ALL,Reactome Gene Sets,6,R-HSA-913531,Interferon Signaling,-6.3,1.2e+02,19,24156,200,3,3,1e+02,27,3117|3119|3123,HLA-DQA1|HLA-DQB1|HLA-DRB1,-3.9
Input ID_MCODE_ALL,KEGG Pathway,24,hsa05169,Epstein-Barr virus infection,-6.2,1.2e+02,19,24156,201,3,3,1e+02,27,3117|3119|3123,HLA-DQA1|HLA-DQB1|HLA-DRB1,-3.9
Input ID_MCODE_ALL,GO Biological Processes,19,GO:0034341,response to interferon-gamma,-6.2,1.2e+02,19,24156,202,3,3,1e+02,27,3117|3119|3123,HLA-DQA1|HLA-DQB1|HLA-DRB1,-3.9
Input ID_MCODE_ALL,GO Biological Processes,19,GO:0050852,T cell receptor signaling pathway,-6.2,1.2e+02,19,24156,202,3,3,1e+02,27,3117|3119|3123,HLA-DQA1|HLA-DQB1|HLA-DRB1,-3.9
Input ID_MCODE_ALL,GO Biological Processes,19,GO:0019882,antigen processing and presentation,-6.1,1e+02,18,24156,233,3,3,1e+02,27,3117|3119|3123,HLA-DQA1|HLA-DQB1|HLA-DRB1,-3.8
Input ID_MCODE_ALL,KEGG Pathway,24,hsa05166,HTLV-I infection,-5.9,94,17,24156,256,3,3,1e+02,27,3117|3119|3123,HLA-DQA1|HLA-DQB1|HLA-DRB1,-3.7
Input ID_MCODE_ALL,GO Biological Processes,19,GO:0050851,antigen receptor-mediated signaling pathway,-5.6,75,15,24156,320,3,3,1e+02,27,3117|3119|3123,HLA-DQA1|HLA-DQB1|HLA-DRB1,-3.4
Input ID_MCODE_ALL,GO Biological Processes,19,GO:0002429,immune response-activating cell surface receptor signaling pathway,-5.1,51,12,24156,476,3,3,1e+02,27,3117|3119|3123,HLA-DQA1|HLA-DQB1|HLA-DRB1,-2.9
Input ID_MCODE_ALL,GO Biological Processes,19,GO:0002768,immune response-regulating cell surface receptor signaling pathway,-5,47,12,24156,509,3,3,1e+02,27,3117|3119|3123,HLA-DQA1|HLA-DQB1|HLA-DRB1,-2.9
Input ID_MCODE_ALL,GO Biological Processes,19,GO:0002757,immune response-activating signal transduction,-4.7,37,10,24156,647,3,3,1e+02,27,3117|3119|3123,HLA-DQA1|HLA-DQB1|HLA-DRB1,-2.6
Input ID_MCODE_ALL,GO Biological Processes,19,GO:0002764,immune response-regulating signaling pathway,-4.7,35,10,24156,681,3,3,1e+02,27,3117|3119|3123,HLA-DQA1|HLA-DQB1|HLA-DRB1,-2.5
Input ID_MCODE_ALL,GO Biological Processes,19,GO:0002250,adaptive immune response,-4.6,35,10,24156,696,3,3,1e+02,27,3117|3119|3123,HLA-DQA1|HLA-DQB1|HLA-DRB1,-2.5
Input ID_MCODE_ALL,GO Biological Processes,19,GO:0002253,activation of immune response,-4.6,33,9.8,24156,731,3,3,1e+02,27,3117|3119|3123,HLA-DQA1|HLA-DQB1|HLA-DRB1,-2.4
Input ID_MCODE_ALL,Reactome Gene Sets,6,R-HSA-1280218,Adaptive Immune System,-4.5,32,9.6,24156,760,3,3,1e+02,27,3117|3119|3123,HLA-DQA1|HLA-DQB1|HLA-DRB1,-2.4
Input ID_MCODE_ALL,GO Biological Processes,19,GO:0019221,cytokine-mediated signaling pathway,-4.4,30,9.4,24156,796,3,3,1e+02,27,3117|3119|3123,HLA-DQA1|HLA-DQB1|HLA-DRB1,-2.3
Input ID_SUB1_MCODE_1,Reactome Gene Sets,6,R-HSA-202430,Translocation of ZAP-70 to Immunological synapse,-9.4,1.3e+03,62,24156,19,3,3,1e+02,27,3117|3119|3123,HLA-DQA1|HLA-DQB1|HLA-DRB1,-5.6
Input ID_SUB1_MCODE_1,Reactome Gene Sets,6,R-HSA-202427,Phosphorylation of CD3 and TCR zeta chains,-9.2,1.1e+03,57,24156,22,3,3,1e+02,27,3117|3119|3123,HLA-DQA1|HLA-DQB1|HLA-DRB1,-5.6
Input ID_SUB1_MCODE_1,Reactome Gene Sets,6,R-HSA-389948,PD-1 signaling,-9.1,1.1e+03,56,24156,23,3,3,1e+02,27,3117|3119|3123,HLA-DQA1|HLA-DQB1|HLA-DRB1,-5.6
Input ID_SUB1_MCODE_1,KEGG Pathway,24,hsa05310,Asthma,-8.7,7.8e+02,48,24156,31,3,3,1e+02,27,3117|3119|3123,HLA-DQA1|HLA-DQB1|HLA-DRB1,-5.4
Input ID_SUB1_MCODE_1,Reactome Gene Sets,6,R-HSA-202433,Generation of second messenger molecules,-8.6,7.1e+02,46,24156,34,3,3,1e+02,27,3117|3119|3123,HLA-DQA1|HLA-DQB1|HLA-DRB1,-5.3
Input ID_SUB1_MCODE_1,KEGG Pathway,24,hsa05330,Allograft rejection,-8.4,6.4e+02,44,24156,38,3,3,1e+02,27,3117|3119|3123,HLA-DQA1|HLA-DQB1|HLA-DRB1,-5.2
Input ID_SUB1_MCODE_1,KEGG Pathway,24,hsa05332,Graft-versus-host disease,-8.3,5.9e+02,42,24156,41,3,3,1e+02,27,3117|3119|3123,HLA-DQA1|HLA-DQB1|HLA-DRB1,-5.2
Input ID_SUB1_MCODE_1,KEGG Pathway,24,hsa04940,Type I diabetes mellitus,-8.3,5.6e+02,41,24156,43,3,3,1e+02,27,3117|3119|3123,HLA-DQA1|HLA-DQB1|HLA-DRB1,-5.2
Input ID_SUB1_MCODE_1,KEGG Pathway,24,hsa04672,Intestinal immune network for IgA production,-8.1,4.9e+02,38,24156,49,3,3,1e+02,27,3117|3119|3123,HLA-DQA1|HLA-DQB1|HLA-DRB1,-5.1
Input ID_SUB1_MCODE_1,KEGG Pathway,24,hsa05320,Autoimmune thyroid disease,-8,4.6e+02,37,24156,53,3,3,1e+02,27,3117|3119|3123,HLA-DQA1|HLA-DQB1|HLA-DRB1,-5.1
Input ID_SUB1_MCODE_1,KEGG Pathway,24,hsa05150,Staphylococcus aureus infection,-7.9,4.3e+02,36,24156,56,3,3,1e+02,27,3117|3119|3123,HLA-DQA1|HLA-DQB1|HLA-DRB1,-5
Input ID_SUB1_MCODE_1,KEGG Pathway,24,hsa05416,Viral myocarditis,-7.9,4.1e+02,35,24156,59,3,3,1e+02,27,3117|3119|3123,HLA-DQA1|HLA-DQB1|HLA-DRB1,-5
Input ID_SUB1_MCODE_1,KEGG Pathway,24,hsa05321,Inflammatory bowel disease (IBD),-7.7,3.7e+02,33,24156,65,3,3,1e+02,27,3117|3119|3123,HLA-DQA1|HLA-DQB1|HLA-DRB1,-4.9
Input ID_SUB1_MCODE_1,Reactome Gene Sets,6,R-HSA-388841,Costimulation by the CD28 family,-7.7,3.5e+02,32,24156,69,3,3,1e+02,27,3117|3119|3123,HLA-DQA1|HLA-DQB1|HLA-DRB1,-4.9
Input ID_SUB1_MCODE_1,KEGG Pathway,24,hsa05140,Leishmaniasis,-7.6,3.3e+02,31,24156,73,3,3,1e+02,27,3117|3119|3123,HLA-DQA1|HLA-DQB1|HLA-DRB1,-4.8
Input ID_SUB1_MCODE_1,KEGG Pathway,24,hsa04612,Antigen processing and presentation,-7.5,3.1e+02,31,24156,77,3,3,1e+02,27,3117|3119|3123,HLA-DQA1|HLA-DQB1|HLA-DRB1,-4.8
Input ID_SUB1_MCODE_1,KEGG Pathway,24,hsa05323,Rheumatoid arthritis,-7.3,2.7e+02,28,24156,90,3,3,1e+02,27,3117|3119|3123,HLA-DQA1|HLA-DQB1|HLA-DRB1,-4.6
Input ID_SUB1_MCODE_1,GO Biological Processes,19,GO:0060333,interferon-gamma-mediated signaling pathway,-7.3,2.7e+02,28,24156,91,3,3,1e+02,27,3117|3119|3123,HLA-DQA1|HLA-DQB1|HLA-DRB1,-4.6
Input ID_SUB1_MCODE_1,KEGG Pathway,24,hsa04658,Th1 and Th2 cell differentiation,-7.3,2.6e+02,28,24156,92,3,3,1e+02,27,3117|3119|3123,HLA-DQA1|HLA-DQB1|HLA-DRB1,-4.6
Input ID_SUB1_MCODE_1,Reactome Gene Sets,6,R-HSA-877300,Interferon gamma signaling,-7.3,2.6e+02,28,24156,92,3,3,1e+02,27,3117|3119|3123,HLA-DQA1|HLA-DQB1|HLA-DRB1,-4.6
Input ID_SUB1_MCODE_1,KEGG Pathway,24,hsa04640,Hematopoietic cell lineage,-7.2,2.5e+02,27,24156,97,3,3,1e+02,27,3117|3119|3123,HLA-DQA1|HLA-DQB1|HLA-DRB1,-4.6
Input ID_SUB1_MCODE_1,Reactome Gene Sets,6,R-HSA-202424,Downstream TCR signaling,-7.2,2.5e+02,27,24156,98,3,3,1e+02,27,3117|3119|3123,HLA-DQA1|HLA-DQB1|HLA-DRB1,-4.6
Input ID_SUB1_MCODE_1,GO Biological Processes,19,GO:0019886,antigen processing and presentation of exogenous peptide antigen via MHC class II,-7.2,2.5e+02,27,24156,98,3,3,1e+02,27,3117|3119|3123,HLA-DQA1|HLA-DQB1|HLA-DRB1,-4.6
Input ID_SUB1_MCODE_1,GO Biological Processes,19,GO:0002495,antigen processing and presentation of peptide antigen via MHC class II,-7.1,2.4e+02,27,24156,102,3,3,1e+02,27,3117|3119|3123,HLA-DQA1|HLA-DQB1|HLA-DRB1,-4.6
Input ID_SUB1_MCODE_1,GO Biological Processes,19,GO:0002504,antigen processing and presentation of peptide or polysaccharide antigen via MHC class II,-7.1,2.3e+02,26,24156,103,3,3,1e+02,27,3117|3119|3123,HLA-DQA1|HLA-DQB1|HLA-DRB1,-4.6
Input ID_SUB1_MCODE_1,KEGG Pathway,24,hsa04659,Th17 cell differentiation,-7.1,2.3e+02,26,24156,107,3,3,1e+02,27,3117|3119|3123,HLA-DQA1|HLA-DQB1|HLA-DRB1,-4.5
Input ID_SUB1_MCODE_1,KEGG Pathway,24,hsa05145,Toxoplasmosis,-7,2.1e+02,25,24156,113,3,3,1e+02,27,3117|3119|3123,HLA-DQA1|HLA-DQB1|HLA-DRB1,-4.5
Input ID_SUB1_MCODE_1,Reactome Gene Sets,6,R-HSA-202403,TCR signaling,-6.9,2e+02,25,24156,120,3,3,1e+02,27,3117|3119|3123,HLA-DQA1|HLA-DQB1|HLA-DRB1,-4.4
Input ID_SUB1_MCODE_1,Reactome Gene Sets,6,R-HSA-2132295,MHC class II antigen presentation,-6.9,2e+02,24,24156,123,3,3,1e+02,27,3117|3119|3123,HLA-DQA1|HLA-DQB1|HLA-DRB1,-4.4
Input ID_SUB1_MCODE_1,KEGG Pathway,24,hsa05322,Systemic lupus erythematosus,-6.8,1.8e+02,23,24156,133,3,3,1e+02,27,3117|3119|3123,HLA-DQA1|HLA-DQB1|HLA-DRB1,-4.3
Input ID_SUB1_MCODE_1,KEGG Pathway,24,hsa04514,Cell adhesion molecules (CAMs),-6.7,1.7e+02,22,24156,144,3,3,1e+02,27,3117|3119|3123,HLA-DQA1|HLA-DQB1|HLA-DRB1,-4.2
Input ID_SUB1_MCODE_1,KEGG Pathway,24,hsa04145,Phagosome,-6.6,1.6e+02,22,24156,154,3,3,1e+02,27,3117|3119|3123,HLA-DQA1|HLA-DQB1|HLA-DRB1,-4.2
Input ID_SUB1_MCODE_1,KEGG Pathway,24,hsa05164,Influenza A,-6.4,1.4e+02,20,24156,173,3,3,1e+02,27,3117|3119|3123,HLA-DQA1|HLA-DQB1|HLA-DRB1,-4
Input ID_SUB1_MCODE_1,GO Biological Processes,19,GO:0002478,antigen processing and presentation of exogenous peptide antigen,-6.4,1.4e+02,20,24156,175,3,3,1e+02,27,3117|3119|3123,HLA-DQA1|HLA-DQB1|HLA-DRB1,-4
Input ID_SUB1_MCODE_1,KEGG Pathway,24,hsa05152,Tuberculosis,-6.4,1.3e+02,20,24156,179,3,3,1e+02,27,3117|3119|3123,HLA-DQA1|HLA-DQB1|HLA-DRB1,-4
Input ID_SUB1_MCODE_1,GO Biological Processes,19,GO:0071346,cellular response to interferon-gamma,-6.4,1.3e+02,20,24156,182,3,3,1e+02,27,3117|3119|3123,HLA-DQA1|HLA-DQB1|HLA-DRB1,-4
Input ID_SUB1_MCODE_1,GO Biological Processes,19,GO:0019884,antigen processing and presentation of exogenous antigen,-6.4,1.3e+02,20,24156,182,3,3,1e+02,27,3117|3119|3123,HLA-DQA1|HLA-DQB1|HLA-DRB1,-4
Input ID_SUB1_MCODE_1,KEGG Pathway,24,hsa05168,Herpes simplex infection,-6.4,1.3e+02,20,24156,185,3,3,1e+02,27,3117|3119|3123,HLA-DQA1|HLA-DQB1|HLA-DRB1,-4
Input ID_SUB1_MCODE_1,GO Biological Processes,19,GO:0048002,antigen processing and presentation of peptide antigen,-6.3,1.2e+02,19,24156,195,3,3,1e+02,27,3117|3119|3123,HLA-DQA1|HLA-DQB1|HLA-DRB1,-4
Input ID_SUB1_MCODE_1,Reactome Gene Sets,6,R-HSA-913531,Interferon Signaling,-6.3,1.2e+02,19,24156,200,3,3,1e+02,27,3117|3119|3123,HLA-DQA1|HLA-DQB1|HLA-DRB1,-3.9
Input ID_SUB1_MCODE_1,KEGG Pathway,24,hsa05169,Epstein-Barr virus infection,-6.2,1.2e+02,19,24156,201,3,3,1e+02,27,3117|3119|3123,HLA-DQA1|HLA-DQB1|HLA-DRB1,-3.9
Input ID_SUB1_MCODE_1,GO Biological Processes,19,GO:0034341,response to interferon-gamma,-6.2,1.2e+02,19,24156,202,3,3,1e+02,27,3117|3119|3123,HLA-DQA1|HLA-DQB1|HLA-DRB1,-3.9
Input ID_SUB1_MCODE_1,GO Biological Processes,19,GO:0050852,T cell receptor signaling pathway,-6.2,1.2e+02,19,24156,202,3,3,1e+02,27,3117|3119|3123,HLA-DQA1|HLA-DQB1|HLA-DRB1,-3.9
Input ID_SUB1_MCODE_1,GO Biological Processes,19,GO:0019882,antigen processing and presentation,-6.1,1e+02,18,24156,233,3,3,1e+02,27,3117|3119|3123,HLA-DQA1|HLA-DQB1|HLA-DRB1,-3.8
Input ID_SUB1_MCODE_1,KEGG Pathway,24,hsa05166,HTLV-I infection,-5.9,94,17,24156,256,3,3,1e+02,27,3117|3119|3123,HLA-DQA1|HLA-DQB1|HLA-DRB1,-3.7
Input ID_SUB1_MCODE_1,GO Biological Processes,19,GO:0050851,antigen receptor-mediated signaling pathway,-5.6,75,15,24156,320,3,3,1e+02,27,3117|3119|3123,HLA-DQA1|HLA-DQB1|HLA-DRB1,-3.4
Input ID_SUB1_MCODE_1,GO Biological Processes,19,GO:0002429,immune response-activating cell surface receptor signaling pathway,-5.1,51,12,24156,476,3,3,1e+02,27,3117|3119|3123,HLA-DQA1|HLA-DQB1|HLA-DRB1,-2.9
Input ID_SUB1_MCODE_1,GO Biological Processes,19,GO:0002768,immune response-regulating cell surface receptor signaling pathway,-5,47,12,24156,509,3,3,1e+02,27,3117|3119|3123,HLA-DQA1|HLA-DQB1|HLA-DRB1,-2.9
Input ID_SUB1_MCODE_1,GO Biological Processes,19,GO:0002757,immune response-activating signal transduction,-4.7,37,10,24156,647,3,3,1e+02,27,3117|3119|3123,HLA-DQA1|HLA-DQB1|HLA-DRB1,-2.6
Input ID_SUB1_MCODE_1,GO Biological Processes,19,GO:0002764,immune response-regulating signaling pathway,-4.7,35,10,24156,681,3,3,1e+02,27,3117|3119|3123,HLA-DQA1|HLA-DQB1|HLA-DRB1,-2.5
Input ID_SUB1_MCODE_1,GO Biological Processes,19,GO:0002250,adaptive immune response,-4.6,35,10,24156,696,3,3,1e+02,27,3117|3119|3123,HLA-DQA1|HLA-DQB1|HLA-DRB1,-2.5
Input ID_SUB1_MCODE_1,GO Biological Processes,19,GO:0002253,activation of immune response,-4.6,33,9.8,24156,731,3,3,1e+02,27,3117|3119|3123,HLA-DQA1|HLA-DQB1|HLA-DRB1,-2.4
Input ID_SUB1_MCODE_1,Reactome Gene Sets,6,R-HSA-1280218,Adaptive Immune System,-4.5,32,9.6,24156,760,3,3,1e+02,27,3117|3119|3123,HLA-DQA1|HLA-DQB1|HLA-DRB1,-2.4
Input ID_SUB1_MCODE_1,GO Biological Processes,19,GO:0019221,cytokine-mediated signaling pathway,-4.4,30,9.4,24156,796,3,3,1e+02,27,3117|3119|3123,HLA-DQA1|HLA-DQB1|HLA-DRB1,-2.3
